exp_id,run_id,algorithm,config_hash,seed,n_train_episodes,train_wall_time_s,stop_reason,first_success_episode,post_convergence_std,cum_env_steps,probe_max_q,eval_mean_reward,eval_std_reward,eval_median_reward,eval_mean_steps,eval_median_steps,eval_success_rate,eval_mean_illegal,eval_mean_episode_seconds,memory_bytes,alpha,gamma,exploration,decay_type,decay_frac,epsilon_decay,reward_shaping,episodes_to_threshold,converged
e1a,q_learning__27fa5a4f__s42,q_learning,27fa5a4f,42,15000,28.3944559069987,completed,71,2.640151510803878,327645,"[-1.2834883631624427, -2.5707768325468843, -4.011323316192781, -5.047496351842524, -5.423778049327753, -4.677327916540853, -3.834312370102059, -2.9159648525478365, -1.6913727364219868, -0.7391860840894744, 0.056868469204311246, 0.9379934146240704, 1.5201197001358835, 2.162268198038316, 2.427409574224339, 2.7198862513404025, 2.90754948400466, 3.267311101470377, 3.5554503327191767, 3.7384731648962193, 4.044725354857379, 4.197978007963746, 4.277529889792728, 4.3603877985810495, 4.4988866937115715, 4.59456111739886, 4.821778151029822, 4.866600934386544, 4.919927802360273, 4.92350586927322, 4.9731046260551866, 5.011509484612452, 5.047118903064285, 5.311307544886456, 5.349721045583019, 5.3559870473176, 5.406534579290121, 5.424095545814686, 5.522701559244781, 5.529693401885132, 5.56800826366467, 5.661192050815502, 5.673043318924728, 5.6978503578070505, 5.7342322424086545, 5.767111178604603, 5.812855871106468, 5.824401664552186, 5.899698395219293, 5.9014020436876455, 5.937180969809637, 5.949374980246374, 5.954552878196679, 5.962097663785707, 5.963358873491204, 5.966159582959942, 5.983591213054121, 5.9858184661166876, 5.987843845015652, 6.011468044856696, 6.032891123230163, 6.034901843835632, 6.039843131686201, 6.041218743612503, 6.059570152413298, 6.072841580817042, 6.092688875719414, 6.093477081157615, 6.0934829597255575, 6.093974693487456, 6.09680704405828, 6.101963177745163, 6.1022989019554155, 6.104960502427996, 6.105565475731838, 6.105690685408634, 6.10583756714998, 6.111305501046546, 6.116243010305549, 6.117940694802426, 6.118780123444872, 6.122779470259223, 6.125080552955804, 6.127047715168296, 6.128041773118101, 6.13102319759441, 6.133682081846382, 6.134071991853797, 6.135341369132723, 6.135430097994502, 6.136641470812773, 6.137446652387736, 6.14002471917865, 6.140025857195197, 6.141143822988695, 6.141944935177319, 6.1420471180063965, 6.142171983819785, 6.1431148010163525, 6.1434850625049915, 6.143829581082622, 6.1439074455343246, 6.144406691318796, 6.144785421935618, 6.145078201936067, 6.145180836263104, 6.145518487238849, 6.1456914798827995, 6.146110429426717, 6.14639493510441, 6.146491512928321, 6.146638713262083, 6.146795235917038, 6.146817244511738, 6.14687093616969, 6.146907846087585, 6.146927640334478, 6.147138715626203, 6.147289842794291, 6.14733805142945, 6.147433218209614, 6.147470314863823, 6.14754394780005, 6.1476120585832, 6.147675953324716, 6.147805651506846, 6.14788684450069, 6.147952058854867, 6.148017771977425, 6.148133519392767, 6.148165098860479, 6.148221334972665, 6.148259516076782, 6.14826005199819, 6.1482604516520665, 6.148271286150885, 6.148306034823587, 6.14832078004376, 6.148353953481392, 6.148364340203145, 6.14836878105829, 6.148375748325907, 6.148378025603266, 6.148380422077479, 6.148384547603645, 6.148389849149877, 6.14839576805373, 6.148399858897839, 6.1484022789990185, 6.148409783593986]",8.05,2.491906089642216,8.0,12.95,13.0,1.0,0.0,0.0005535019998569624,24000,0.2,0.99,epsilon_greedy,exp,0.6,0.9995,none,1200,True
e1a,q_learning__27fa5a4f__s43,q_learning,27fa5a4f,43,15000,28.043602007001027,completed,17,3.8193585848935423,324865,"[-1.1904267400617925, -2.586387833033169, -3.9088420116922595, -4.669982272515998, -3.9935613006126744, -3.353237718292502, -2.6290522975500323, -1.646915868710157, -0.8589470093706654, -0.1438076027124992, 0.5709435685000254, 1.553839008479171, 1.9939261532725545, 2.5317210327114537, 3.0510654716116132, 3.36631319974633, 3.472454117478693, 3.8809085566642794, 4.00561104492614, 4.387141922508365, 4.499734594674834, 4.60451266484172, 4.692591044647838, 4.827177485808105, 4.889812168197912, 5.000614374289068, 5.127802591655054, 5.180665658921964, 5.1908187527701415, 5.267382595834422, 5.315594681504091, 5.441593267645897, 5.562048621282783, 5.664159115606885, 5.730945331052053, 5.7822277880367805, 5.815724732890915, 5.8440125743794, 5.898603094334534, 5.91798232042469, 5.952981698663263, 5.953542235657944, 5.962186631849238, 5.988905489074274, 5.994823362351427, 6.027100447146716, 6.056848190264018, 6.087369357990943, 6.105670243401262, 6.126718990407259, 6.130429279404993, 6.1391795360555985, 6.142005086364824, 6.1651640643761585, 6.176348349378791, 6.179259556893388, 6.1887013962220045, 6.194211530200607, 6.198538642129378, 6.202533445992868, 6.211169065289027, 6.21830832698325, 6.228853444050912, 6.2297859773213515, 6.234026367796024, 6.237859240546545, 6.24321551250055, 6.2456709169232125, 6.246827242302907, 6.250009232783166, 6.25225791533023, 6.252440647106782, 6.25537296948769, 6.2564468724072375, 6.2572850064528565, 6.257467414135032, 6.257467790246389, 6.2631968810296, 6.26664464000477, 6.267811063249725, 6.270661272189099, 6.2721635670322415, 6.273512105580513, 6.2749649841970365, 6.275165588759941, 6.2752067433834515, 6.278404224739139, 6.280746201969638, 6.281575949851442, 6.281667330111182, 6.282416460554364, 6.282416559178072, 6.28345740182046, 6.28401015444233, 6.284500202110146, 6.284579713587196, 6.284891444508391, 6.286043005940422, 6.287030104864927, 6.287399826836479, 6.288352995610613, 6.2893268886302085, 6.289408083297825, 6.289959338376807, 6.290612148521175, 6.290631573893583, 6.290822675841118, 6.290915252315424, 6.291537097708734, 6.291676431409522, 6.291704065060447, 6.2919326510532, 6.292056276268457, 6.292226538113508, 6.292472585626518, 6.292713403864505, 6.292850724815434, 6.292850726616211, 6.292854338099593, 6.292875396579546, 6.293007703388825, 6.293101135665264, 6.2931182037597235, 6.293177360043307, 6.2932263087147815, 6.293302796110475, 6.293317245929388, 6.293390896359842, 6.2933978724203845, 6.293413641437929, 6.29341557877566, 6.293446950415049, 6.293470938536538, 6.293546945310622, 6.293574057348834, 6.293574748769303, 6.293583488232264, 6.293583488391038, 6.293584420220332, 6.293598105935575, 6.293609054574582, 6.293609054653007, 6.293612375568622, 6.293619028756265, 6.293624015006256, 6.293624094649811, 6.2936275968903255, 6.293632659632263, 6.293632659722758, 6.293641257576698]",8.05,2.491906089642216,8.0,12.95,13.0,1.0,0.0,0.0008049060000666941,24000,0.2,0.99,epsilon_greedy,exp,0.6,0.9995,none,1200,True
e1a,q_learning__27fa5a4f__s44,q_learning,27fa5a4f,44,15000,29.40760761599995,completed,45,2.8555910071296977,327888,"[-1.03967657766003, -2.35217982589091, -3.8041239194425835, -4.5968958541687615, -5.418607857474546, -5.016434191318338, -4.407595573356207, -3.647547579261855, -2.9174240868210566, -1.8431688821400456, -1.1590076226660064, -0.012999910854829632, 0.7535011903315603, 1.1238546410672943, 1.5095339030765953, 2.2044264136338865, 2.6684090203292956, 3.191533627029073, 3.541621839205782, 3.6962071788835185, 3.8281843802393434, 4.289783987124673, 4.399377363312015, 4.547348689762704, 4.67016805859321, 4.8751590261126, 5.059012566299645, 5.115495239462636, 5.154690659506296, 5.2705980183524135, 5.385457757063223, 5.44829772281739, 5.4746300915078026, 5.598701773250586, 5.6883035368869965, 5.725603195258235, 5.7735894126025675, 5.831815395915845, 5.846244925521595, 5.852291714864392, 5.871368908387333, 5.896353492291619, 5.901632404103924, 5.907389084901511, 5.91523623517996, 5.923886887209671, 5.944839046051912, 5.968338642548403, 5.990200725017556, 5.996526927265282, 6.002163995235612, 6.006077384376317, 6.031891056033726, 6.048545407557014, 6.057388520197217, 6.067984264261535, 6.07384323859581, 6.078344171278193, 6.081172162102862, 6.088630751528166, 6.088796748781521, 6.092330747472076, 6.0982512916999365, 6.103280113796653, 6.105258700651471, 6.1124696769857945, 6.114276584815221, 6.116684229026914, 6.118427623617881, 6.120440172718693, 6.1239833599193565, 6.126074781988538, 6.129769883640976, 6.131310506752746, 6.131337028780621, 6.1320715476585965, 6.132931239236495, 6.134925606985718, 6.136056247860172, 6.138740084820763, 6.139283213657338, 6.139542554243564, 6.140530312992248, 6.141190066349225, 6.141426296351663, 6.14205202767486, 6.142623212948579, 6.143134642461276, 6.143481504857684, 6.144194783176797, 6.1445235963045945, 6.14462081051438, 6.1446852460872154, 6.145144593495813, 6.145312419722793, 6.145349749317217, 6.145454520745216, 6.145597962814548, 6.145663267717703, 6.14601898944855, 6.146108134851198, 6.1461930992773945, 6.14622746787364, 6.146227588868563, 6.146259083823193, 6.146271235130294, 6.146388071896456, 6.146477956063629, 6.146535000732283, 6.146607431649062, 6.146636834886423, 6.146954408080108, 6.146996813782641, 6.147385532364935, 6.147419860288474, 6.147584264893237, 6.14761868298474, 6.147659322199413, 6.147772715369232, 6.147805804869822, 6.147814653517242, 6.147926198781533, 6.148004852802038, 6.14802774018408, 6.1480288030644585, 6.148028808750793, 6.148029652971474, 6.148046256575381, 6.148058341571987, 6.148064028595288, 6.148074821767986, 6.148080878355846, 6.1480845069865255, 6.148094686807938, 6.1481053808444965, 6.148124463236524, 6.148125504362401, 6.1482376643312175, 6.148288053345342, 6.148295337841587, 6.1483001007428895, 6.148300102367403, 6.148300102653088, 6.14830119036861, 6.148302255966487, 6.148304511980357, 6.148304512546814, 6.148306452613892, 6.148312842124968, 6.148341528535547]",8.05,2.491906089642216,8.0,12.95,13.0,1.0,0.0,0.0011390070099150762,24000,0.2,0.99,epsilon_greedy,exp,0.6,0.9995,none,1800,True
e1a,q_learning__27fa5a4f__s45,q_learning,27fa5a4f,45,15000,28.435928712999157,completed,30,2.845540370474473,324560,"[-1.1674320714810327, -2.5914153558270097, -3.843011788987946, -4.780367259041859, -4.938447532947041, -4.158322653339735, -3.3460323170886044, -2.239040146869484, -1.4532546062702474, -0.2356420013438262, 0.6603805249677858, 1.1737124582573628, 1.6465007882331752, 2.037977541139304, 2.3451665370995083, 2.6689096529871748, 2.9520187447328534, 3.2365767404956953, 3.531674048212104, 3.869770529485145, 4.0120149278506085, 4.168435988405225, 4.204604051502972, 4.270056842338165, 4.463756012136955, 4.683908015472708, 4.733000675630921, 4.937835165885998, 5.071660511366187, 5.087089446138063, 5.096817296360467, 5.154905609328103, 5.178936397294341, 5.244746094909822, 5.3278274443079, 5.403189537818883, 5.4500368473736716, 5.483065595563782, 5.486057644197925, 5.575705573663138, 5.605684108705855, 5.62012550464059, 5.636860802162019, 5.668382891817377, 5.679889629093945, 5.7183342951284795, 5.7383159817964104, 5.756914244092952, 5.771969689401786, 5.782430877514389, 5.833300277952502, 5.855693622815275, 5.8799095009952715, 5.889934913635067, 5.900294327597546, 5.909796367894856, 5.9127713262595885, 5.913632782421521, 5.914835670960675, 5.923359910303514, 5.930520007765476, 5.939842597089045, 5.940304872280238, 5.947018090209686, 5.94985861909773, 5.952515349647639, 5.9615296489370815, 5.966042390310502, 5.967892643504906, 5.971295577508114, 5.972006675633528, 5.973994111876208, 5.97441468426594, 5.975086265051416, 5.979237462278925, 5.9804006126567995, 5.982134428485465, 5.983790072698786, 5.984395248728094, 5.987205833453075, 5.989583782870545, 5.9907415408240245, 5.992301390047868, 5.992887308169303, 5.993096457808105, 5.994550243662571, 5.995120547057525, 5.9965850578949915, 5.996606913249721, 5.997704814633618, 5.9979872600661865, 5.998384118961582, 5.99919339037499, 5.999198050090258, 6.000181571202526, 6.001347513184401, 6.002264349720924, 6.002840651141423, 6.003346752617902, 6.0036031302949455, 6.003791843660423, 6.003900413755832, 6.003959103816905, 6.0040812448161365, 6.004516603878233, 6.004725042810116, 6.004778442981526, 6.004815463572455, 6.005281410895496, 6.005348992649753, 6.005401005883659, 6.005561965261102, 6.005572752898922, 6.005713615235701, 6.005740832339211, 6.005773811407098, 6.0057739773549175, 6.005792193193428, 6.005991025027143, 6.006228666069873, 6.006275449492475, 6.006456312005598, 6.006537926111756, 6.006613270276469, 6.006631536734185, 6.006701143633389, 6.00671955877328, 6.0067717439679305, 6.006821791827099, 6.006883992524993, 6.006893619617798, 6.006895397654016, 6.0068978620904865, 6.006898197454316, 6.006951759372214, 6.006957277261364, 6.006959636709461, 6.007074559985139, 6.00710033066925, 6.007100724522135, 6.007119911407405, 6.007155623016799, 6.0071556230368, 6.00718506222328, 6.007198291130692, 6.007202398689368, 6.007202883987501, 6.0072195309735985, 6.007225202833386, 6.00726050042273]",8.05,2.491906089642216,8.0,12.95,13.0,1.0,0.0,0.0006371249999574502,24000,0.2,0.99,epsilon_greedy,exp,0.6,0.9995,none,1000,True
e1a,q_learning__27fa5a4f__s46,q_learning,27fa5a4f,46,15000,28.31510681399959,completed,12,3.8219759287572708,322601,"[-1.0791709961509126, -2.4379955386726473, -3.64463304244372, -4.528882744528786, -4.631569903833332, -3.9958089822537772, -3.312615876860613, -2.0696405256192065, -1.2347148118140305, -0.392861500593016, 0.30122363522692114, 0.8472733841946236, 1.6732386978953329, 2.3558081351526408, 2.797269330100994, 3.229004307457248, 3.3922310727732805, 3.8045298618509427, 3.968912600485163, 4.077147011398418, 4.213126597186055, 4.515718194824589, 4.586595590113882, 4.777393052570773, 4.944920062213528, 5.106865423302683, 5.181711632516982, 5.249830247028121, 5.275323941463926, 5.310638856069805, 5.386606639405968, 5.453207499487812, 5.504732885453903, 5.535435139558087, 5.585711978520493, 5.644505269119483, 5.679902901808469, 5.71145179028049, 5.723805517416478, 5.7257226425193055, 5.741288500308783, 5.766371516065174, 5.771313967756437, 5.828386385361181, 5.841651333517307, 5.857360786872053, 5.859323949400051, 5.882715322849625, 5.882953320034677, 5.885791847285825, 5.890378814336284, 5.894011827692913, 5.894100928021457, 5.8996848616318, 5.9098013178657185, 5.9208245089523865, 5.9376941163808485, 5.943015269632001, 5.951907995806045, 5.963699315556107, 5.967933288847201, 5.968898749750941, 5.970051751481236, 5.972565749972064, 5.980159851822918, 5.980517186036119, 5.986141754091435, 5.9885106440461735, 5.990282454947577, 5.990317322230975, 5.992329893493826, 5.992338141003769, 5.994353792620108, 5.997294724106202, 5.999504855340055, 6.005043492634344, 6.008925723570707, 6.012991887415258, 6.0142225486730725, 6.018320541666241, 6.018740897945065, 6.022843197545975, 6.023449161119065, 6.023607659389344, 6.025545901846572, 6.025837125275459, 6.027336421582321, 6.027713942881217, 6.0294374641257535, 6.031630810501995, 6.032268641382375, 6.0323066079063645, 6.032765716178346, 6.033946258996471, 6.033960812701864, 6.0340664725285045, 6.0346443221623485, 6.034804218668734, 6.034816691360866, 6.035926980506002, 6.036013888759055, 6.036217932880872, 6.038373950741525, 6.038415328146016, 6.03859392373606, 6.038593923895376, 6.0386134964690585, 6.039228458182618, 6.039476533150211, 6.0395668059322025, 6.040030787758796, 6.040145232957496, 6.040150011233225, 6.040166419224518, 6.040337509973119, 6.040364553394282, 6.040445756761522, 6.040755250067407, 6.041027248073749, 6.041027373018455, 6.041080193887979, 6.041337125469628, 6.0414312032757875, 6.041763464245299, 6.0418181717975745, 6.041861694552413, 6.041867506375426, 6.041867506377584, 6.041904126015937, 6.04200554157257, 6.042148843909604, 6.042238731794817, 6.042291158355192, 6.042405410608272, 6.042456194075887, 6.042501436925936, 6.042501448434352, 6.042539255139686, 6.04254560274343, 6.042557911285454, 6.042573973424913, 6.042577597074568, 6.042624065653631, 6.042626829541297, 6.042627316556442, 6.042630946374371, 6.042653721377098, 6.042672222166394, 6.04267222572935, 6.04267698486314]",8.05,2.491906089642216,8.0,12.95,13.0,1.0,0.0,0.0005050339999434073,24000,0.2,0.99,epsilon_greedy,exp,0.6,0.9995,none,1000,True
e1a,q_learning__27fa5a4f__s47,q_learning,27fa5a4f,47,15000,27.359730800999387,completed,13,4.331870265832069,325967,"[-1.2677375717358264, -2.8734679987479073, -4.116479167378329, -4.9492970116991994, -5.174721267679757, -4.044958729714354, -2.91591947902537, -2.0181230271467663, -0.9002673565888316, -0.3399483602165393, 0.2663040016852674, 0.7940172194910595, 1.3242567751389132, 1.7484366011548944, 2.1251093077137226, 2.449876320838203, 2.936038129154731, 3.4203682296947595, 3.580013627028248, 3.7566299506075356, 3.9173406648966913, 4.242475510729876, 4.5473021137187875, 4.665693568750303, 4.7796133080440235, 4.959635609574734, 5.012920780209141, 5.09133548959672, 5.136875683295431, 5.152884834523334, 5.215176151215696, 5.317805613356555, 5.328820642968296, 5.39584955906806, 5.399717955425485, 5.441636045573954, 5.540987859712472, 5.5682944558822, 5.614455017945333, 5.637628184429554, 5.65312673992071, 5.666314158977935, 5.685907926086985, 5.699487862995872, 5.717494571318214, 5.72006869412732, 5.730525176868382, 5.733922341816206, 5.747504506975372, 5.766821421001726, 5.779677930281981, 5.782291033787101, 5.788606428773318, 5.790422798482761, 5.7941499205788265, 5.798115282342718, 5.801513680328016, 5.802302589456746, 5.803124242571231, 5.811817093407501, 5.811887240362859, 5.817155287821588, 5.819567342590714, 5.820223378592917, 5.82290602637483, 5.822988723261983, 5.823978676544643, 5.824315276970591, 5.825461232443532, 5.825999221600114, 5.830449128845478, 5.831488750205893, 5.83736000166698, 5.839450192051294, 5.840652248561395, 5.84098372036133, 5.843894764389058, 5.84559921851107, 5.846029901664944, 5.84676156774141, 5.84747262606373, 5.848330761772032, 5.848896700902849, 5.848913817671804, 5.848920112674533, 5.849283884409392, 5.849677295832652, 5.851349144000305, 5.851792487441399, 5.851792935003334, 5.853227265687521, 5.855293670044026, 5.855517003922147, 5.855988752671267, 5.8569173112520385, 5.8579004252592055, 5.858450868795596, 5.858773765330228, 5.858901876611488, 5.859267465574495, 5.859456402080076, 5.859547950903595, 5.859598287233608, 5.859763084219408, 5.860085266460738, 5.8601097624174106, 5.860323753717595, 5.860397484000696, 5.86063704611442, 5.860650632440543, 5.860691579847009, 5.860691918743996, 5.860849453061431, 5.860959022747547, 5.861002940492853, 5.861129497235853, 5.861173920662344, 5.861215229620614, 5.861226849864169, 5.8613165535674865, 5.861394118499145, 5.86141710656409, 5.861536592720812, 5.861563074082428, 5.861567560298092, 5.861625997185031, 5.861648221454151, 5.861691090461852, 5.861694174469744, 5.8617030091146365, 5.861718912690998, 5.861729229272426, 5.8617400239390305, 5.861742693609148, 5.861767653120307, 5.8617702237758165, 5.861808282619291, 5.861808409668508, 5.861815865868219, 5.861823348214727, 5.861835249842904, 5.861841532870183, 5.861846957649747, 5.861850353628992, 5.861850764756588, 5.861868722490146, 5.861871361263533, 5.861872347683449, 5.86187658667353, 5.8618793191692475]",8.05,2.491906089642216,8.0,12.95,13.0,1.0,0.0,0.0005891480000354932,24000,0.2,0.99,epsilon_greedy,exp,0.6,0.9995,none,1200,True
e1a,q_learning__27fa5a4f__s48,q_learning,27fa5a4f,48,15000,25.183089080999707,completed,1,3.218866260036288,323829,"[-1.1276643959384103, -2.4951260407934317, -3.7740902036269186, -4.961017037513288, -5.024666828623884, -4.542937478662966, -3.762921217695413, -2.8539337146934938, -2.1864806163418193, -1.4350040694951247, -0.25356948836716314, 0.5370352768135477, 1.122348262209651, 1.7885387518811737, 2.1592641666263623, 2.4333726835146345, 2.914221234413136, 3.1741446968281832, 3.4036606405938774, 3.6095413613738425, 3.7389007950449953, 4.046197711735763, 4.0911533393001, 4.196276049563965, 4.256676719123102, 4.37671659799611, 4.445171596913755, 4.476264425152108, 4.537587381233691, 4.609326839199998, 4.661513094072044, 4.7606697505842135, 4.81784580060012, 4.833941488032542, 4.943493205614814, 4.9463983421322855, 5.061917577525315, 5.093158810208425, 5.131656760742449, 5.159006222433712, 5.181047780218186, 5.214923974239766, 5.249350320082594, 5.25979063705625, 5.3236730366936, 5.335142673758171, 5.347095447014771, 5.393547551258397, 5.3989469639610075, 5.4267273113214465, 5.4405668197592405, 5.449545896477428, 5.457119470896179, 5.489697368651244, 5.493930240186757, 5.4943897647922855, 5.496296823030809, 5.506477440951056, 5.520512567263347, 5.522840137143587, 5.527629608191643, 5.550206292534614, 5.558345878555702, 5.578245190109828, 5.591419025413519, 5.605794377202508, 5.62150279528309, 5.6215774307848445, 5.623678051018163, 5.6275984669014365, 5.629539768608111, 5.62998554595839, 5.631128720329312, 5.631138017061198, 5.634280850493565, 5.646446872843313, 5.646498292254971, 5.649143510831163, 5.652840077119235, 5.654416904839606, 5.65493613746631, 5.658952164336787, 5.65907090046491, 5.659664935327894, 5.660133850399504, 5.660902694471457, 5.661120408965377, 5.661319906840841, 5.661552333316823, 5.661711878605429, 5.6685315000833, 5.668617592982964, 5.6689801086091345, 5.669320412927587, 5.66934866246109, 5.67179743536041, 5.672034430272143, 5.672149559117234, 5.6721500343009215, 5.672277580491485, 5.6733062335225215, 5.674159483050953, 5.674424838744148, 5.675079357821955, 5.675342525422248, 5.676245298301538, 5.676870612717812, 5.67705324540976, 5.677155783163726, 5.677565614356424, 5.677605341886396, 5.677605370384915, 5.677710324692681, 5.677923091681151, 5.678081001916257, 5.678185800376939, 5.678185806161034, 5.6783072816733835, 5.678334893854785, 5.67845236012425, 5.67845237950978, 5.678475283928409, 5.678479444286576, 5.678483801169941, 5.678582361399074, 5.678631018426362, 5.678685664959106, 5.678748771562599, 5.678780277966488, 5.678795331907701, 5.678918472051495, 5.678949516241412, 5.6789550279472865, 5.678963082422609, 5.678979958913245, 5.678989906775647, 5.6789983149555665, 5.679002705805093, 5.6790085979083615, 5.679026747339375, 5.679035593492499, 5.679036191600019, 5.6790432296615005, 5.679045426107547, 5.679049196850005, 5.6790585870418475, 5.679081374702169, 5.679084781936905, 5.679107926795827, 5.679107926945314]",8.05,2.491906089642216,8.0,12.95,13.0,1.0,0.0,0.0007001330000275629,24000,0.2,0.99,epsilon_greedy,exp,0.6,0.9995,none,1400,True
e1a,q_learning__27fa5a4f__s49,q_learning,27fa5a4f,49,15000,25.613317579000068,completed,52,3.231655922278855,325434,"[-1.3761130317370835, -2.6120813616590666, -3.75086661793794, -5.025859273790843, -5.763178245298276, -5.519658109500526, -4.61262802911442, -3.9527079914001084, -3.213867782430406, -2.0116730258727937, -1.0228543276065916, -0.44217116479501345, 0.3091041002224317, 0.9652208850964201, 1.2772957106274523, 1.705234922404102, 2.316136784097403, 2.7481894844711436, 3.076607439515592, 3.2405612409259366, 3.3632308206953128, 3.5714286652566494, 3.768646138196032, 3.9896677051393743, 4.073685911314673, 4.25184649334244, 4.437813054347208, 4.504168548293789, 4.591166633492794, 4.679169880081097, 4.7135005784100334, 4.723422019040468, 4.787844046931552, 4.840279900387723, 4.863471583684916, 4.87454734344946, 4.903509973464741, 4.931527275628976, 4.953791865319189, 5.000566867182798, 5.023279370906915, 5.045745935359132, 5.06311452447264, 5.063993400794924, 5.113116602238724, 5.1137275809715295, 5.144917220545284, 5.145236099418662, 5.1469516470330525, 5.14768989534602, 5.187543675229643, 5.195067528262632, 5.22523718209872, 5.288408863722381, 5.311622261273922, 5.327191124862732, 5.3518035999637785, 5.388424009576884, 5.392532146232112, 5.392683902198894, 5.40125863486887, 5.417965005788049, 5.4239411804832205, 5.431516329642389, 5.445532463265108, 5.445594132810937, 5.451748529481944, 5.451776203845358, 5.4518156511287685, 5.458268850742317, 5.4719463762976455, 5.487591767263795, 5.490401434832327, 5.501925101576054, 5.510290088856875, 5.513109905559994, 5.52133730485585, 5.527594117388323, 5.530504129639138, 5.53309806014318, 5.533989172133941, 5.535861656132269, 5.539748108519365, 5.541107855206123, 5.542400954858223, 5.5438246837878244, 5.544300149651134, 5.5449855826911145, 5.544988626201336, 5.54809690782235, 5.548099055867551, 5.552249060545601, 5.552249247602758, 5.5529240703990315, 5.553141782908123, 5.554375824590575, 5.554914715014005, 5.558666795303434, 5.55875347250503, 5.5596965567375465, 5.559708893210847, 5.561169750833006, 5.561170143727598, 5.561270096816595, 5.563227598006265, 5.563379920949558, 5.56337999364217, 5.563380122175904, 5.5644892334295495, 5.564604004002501, 5.565434791206292, 5.5663722019538495, 5.566413169434777, 5.566834948765216, 5.5674860739176335, 5.567534943650039, 5.567535016136698, 5.567536532322305, 5.568090404995549, 5.569371276837785, 5.569461946277806, 5.569890382140719, 5.570220542317568, 5.570570097395844, 5.570570140015008, 5.570817512752963, 5.570864440725435, 5.570869198795941, 5.57144996491268, 5.571620181972988, 5.571858707251918, 5.572344794209534, 5.5724249544913755, 5.572439047147136, 5.5728070602875075, 5.573321752422186, 5.573323323923074, 5.57351011283042, 5.573763230774884, 5.573775067154565, 5.573846022677803, 5.574092443223959, 5.574150910678806, 5.574283521470507, 5.574324455750992, 5.5743244648544374, 5.5744464894111605, 5.574449838466007, 5.574510368738379, 5.574592254014262]",8.05,2.491906089642216,8.0,12.95,13.0,1.0,0.0,0.0006338990000767808,24000,0.2,0.99,epsilon_greedy,exp,0.6,0.9995,none,1300,True
e1a,q_learning__27fa5a4f__s50,q_learning,27fa5a4f,50,15000,25.29509156700078,completed,17,3.5516756608676983,328378,"[-1.1235773551086665, -2.5933322839858106, -3.871633688375822, -5.158991846755604, -5.7341502100366375, -4.870872258179697, -3.9641456354463123, -3.2037250982097163, -2.415920682746877, -1.8780787904022251, -0.9413735248523099, -0.38987286386509207, 0.40808081644934, 1.1193276124908365, 1.5108196686010749, 2.026154731489874, 2.507608864867871, 2.8393217242525273, 3.0824830644567003, 3.286481484263945, 3.4049159157518716, 3.4412016286015867, 3.620721710301122, 3.669590116290054, 3.736102371897657, 3.8487746489545973, 4.036581877195059, 4.177044574176811, 4.379568184591267, 4.489673447765627, 4.526033970560337, 4.7002768566036055, 4.796601537740712, 4.890209068335305, 4.897981682198487, 5.015124693120976, 5.0890272341295075, 5.118787219966194, 5.1700916498671035, 5.264688487909578, 5.294527977262741, 5.335341581686196, 5.3799019371312795, 5.398828971930493, 5.425630543126679, 5.437742843786183, 5.468943349913724, 5.493464652259048, 5.531008813271774, 5.548369417567872, 5.57617815611253, 5.58060915092256, 5.589015040675874, 5.597627044870306, 5.603648899395752, 5.609809213296061, 5.620134919878842, 5.6293665670498205, 5.6338892471318776, 5.635780819383827, 5.641369052401332, 5.642261772756276, 5.645102102282953, 5.648990600734529, 5.654290952469148, 5.656115275023856, 5.658734344720395, 5.658843561609032, 5.66643398958487, 5.67041314007221, 5.681508582047361, 5.682634105944094, 5.684784695275022, 5.685981143681573, 5.68599252172425, 5.693378543528768, 5.702343906912534, 5.7042621322179725, 5.70587447700488, 5.70676442941207, 5.715699539113783, 5.715951608864199, 5.7164529263512796, 5.716709259791232, 5.717203473523646, 5.7173631532885345, 5.717797846737152, 5.719784711947834, 5.719785750742917, 5.722745378886835, 5.725059961876687, 5.7253498741035, 5.732366713796867, 5.734091298066514, 5.734218919727952, 5.734240916666834, 5.736976729978336, 5.737695708881864, 5.740919597039779, 5.743004750050388, 5.745488139954605, 5.745500976954935, 5.7466563473878605, 5.746666979960911, 5.746696480529203, 5.746720155858815, 5.7472706314461055, 5.748185300490825, 5.748185317506354, 5.749529920621582, 5.749840449650029, 5.750019523293634, 5.750801479796514, 5.751202774769803, 5.751801647285812, 5.752494702466865, 5.7525975532604, 5.752597558660549, 5.752945564773587, 5.7529594335014345, 5.753236622273696, 5.753451587546219, 5.753629400955568, 5.753898826387948, 5.754103278510303, 5.754317357099343, 5.754659619157793, 5.75471788623321, 5.754829600310306, 5.754951830356192, 5.754951830464056, 5.754987695063726, 5.755045209322512, 5.75505409130906, 5.755134137914809, 5.755304477539495, 5.75530707303302, 5.755311782851273, 5.755360299863008, 5.755386370324769, 5.755419277572238, 5.755437640471265, 5.755491336391118, 5.7555558398103805, 5.755562909575712, 5.7555830909274, 5.755583091061134, 5.755589607038061, 5.755597429119419, 5.755603685662748]",8.05,2.491906089642216,8.0,12.95,13.0,1.0,0.0,0.0005126360000031128,24000,0.2,0.99,epsilon_greedy,exp,0.6,0.9995,none,1300,True
e1a,q_learning__27fa5a4f__s51,q_learning,27fa5a4f,51,15000,25.23878006599989,completed,9,3.1637161693173423,326610,"[-1.237279797709869, -2.4382367178333664, -3.7654402511387732, -4.85550748769992, -5.199594873783985, -4.628727285647164, -3.641388686172381, -2.738675574021085, -2.2216899286565326, -1.1144882234959066, -0.5517762305602109, 0.08722487765906983, 0.9804118288813467, 1.4419390227860904, 2.0127424149188387, 2.2417817398204596, 2.5288206999363196, 2.7799437782997, 3.041443193110729, 3.2509220324417147, 3.6473947824010162, 3.8260589486048695, 4.084381099082887, 4.250203097500802, 4.418314109021638, 4.559853157076061, 4.667166524863924, 4.716346923007544, 4.771799051675403, 4.875272287930397, 4.942853761591554, 4.963968610161951, 5.049764205090428, 5.065334305626708, 5.095923960468957, 5.218532506150203, 5.264557051994624, 5.283686984438132, 5.303495232491877, 5.3211869369916265, 5.340657029228999, 5.343679629085163, 5.362486104291731, 5.389269014238506, 5.416651736154793, 5.445684019785561, 5.451039371547236, 5.464813251990319, 5.496511888207469, 5.508053415783749, 5.5088620327265545, 5.514725290366894, 5.524365727480683, 5.539248171200772, 5.553297199487362, 5.567187387590069, 5.571374295898119, 5.578200088796503, 5.599086468631424, 5.603349375044464, 5.606458507773847, 5.623181076825094, 5.626364042908594, 5.639928464085793, 5.648110361959698, 5.650169133901152, 5.653962143841588, 5.655483599402355, 5.656539847812203, 5.662292611008565, 5.6661688025164265, 5.668622400614607, 5.670571606964559, 5.673104126921557, 5.67589310022862, 5.677440294374167, 5.6774511427862775, 5.682769698212948, 5.685566100057502, 5.687810910493052, 5.6927239941172925, 5.697645282745034, 5.700189939256853, 5.701444123511384, 5.701985972726916, 5.703994752656126, 5.703994760622402, 5.706300222213112, 5.706536324162366, 5.70739983595401, 5.708287656368807, 5.709162247360633, 5.710158866701429, 5.710624339498646, 5.711761360349172, 5.7121888400689365, 5.713148512430577, 5.714025722500021, 5.7146281623755915, 5.714867106223155, 5.715085888867143, 5.7152002199871905, 5.715332043006215, 5.716120773004406, 5.716693446876982, 5.717099475867341, 5.717579096476045, 5.717666345583755, 5.717931896957704, 5.718507714671525, 5.718566745784762, 5.718698503003209, 5.718886213497104, 5.719148712785669, 5.71945267796382, 5.719666715893041, 5.719666718136717, 5.719812405935667, 5.719993865445741, 5.720110012972992, 5.720226928635066, 5.720271523327355, 5.720333078204437, 5.720361607211814, 5.720533047161077, 5.720643997101195, 5.720682917515282, 5.72079744328388, 5.720827285594814, 5.720907203691623, 5.720919882469162, 5.7209461879970664, 5.721015503359172, 5.721015504139505, 5.721086505568124, 5.7210993688003, 5.721119885964289, 5.721142484064271, 5.72117557721147, 5.721219875417117, 5.721246462983737, 5.721259131555363, 5.721266665025863, 5.721283546810179, 5.721298679610024, 5.721317506009672, 5.721326214920283, 5.7213296371780915, 5.721338585492895, 5.721343875881185]",8.03,2.4922303507525383,8.0,12.97,13.0,1.0,0.0,0.0006272930099112272,24000,0.2,0.99,epsilon_greedy,exp,0.6,0.9995,none,1500,True
e1a,q_learning__3e09cb75__s42,q_learning,3e09cb75,42,15000,27.70247079100045,completed,68,3.611094017053558,413571,"[-0.4003685746047819, -0.8231208020287843, -1.252398371140308, -1.7214401062583136, -2.199024348483545, -2.6087577319424833, -2.9673820055257765, -3.32821918354346, -3.661145641729311, -3.959116088436699, -4.234324408053906, -4.464659069610237, -4.663359523636638, -4.757959244217955, -4.792572117495277, -4.783679861907543, -4.769318900702347, -4.760597705092688, -4.669568475116665, -4.587470072538278, -4.476797545526901, -4.344261033515824, -4.200753372398362, -4.115854422042249, -3.9187683001266262, -3.852579573056973, -3.6707924750217433, -3.5664496078717773, -3.431191177969244, -3.261664067832195, -3.0985874362110546, -2.910137229696051, -2.74500869285854, -2.5587297048127544, -2.447461262600259, -2.279190528899536, -2.177146728971093, -1.9824036472326299, -1.8291865979245623, -1.7242146575993107, -1.5514947466786377, -1.3840192731181, -1.191827681849966, -1.05345499463913, -0.8405495474430147, -0.6655848618406294, -0.5062653757269125, -0.3931491070697728, -0.22298249450348326, -0.04123856149973513, 0.10192034274777842, 0.30275942782177434, 0.44093377701276687, 0.5893367228530774, 0.7330218328436293, 0.901228871685531, 1.0135623469686141, 1.1911400935991678, 1.324463476305357, 1.4693915892498306, 1.675902293045352, 1.8046011122900352, 1.942296133258311, 2.099995075947438, 2.2360262616168853, 2.4053840080008757, 2.509756931753544, 2.644487708987547, 2.7438208063153846, 2.8644312327892227, 2.950291153181022, 3.0685484682851065, 3.1741801310110462, 3.2884940391477313, 3.3721291906784163, 3.444723965279058, 3.5145021512614516, 3.587978255452058, 3.694965786052889, 3.7415479668460097, 3.808855705930243, 3.852753111277361, 3.9170758634846536, 3.9741953227821094, 4.069473146795862, 4.136539589479452, 4.170951251990427, 4.2457964244277955, 4.2839828748423905, 4.346456256023243, 4.4059401298585215, 4.466787987865896, 4.529094915083888, 4.609725900411828, 4.681254053745862, 4.74478690412073, 4.786985673803042, 4.852103239601701, 4.897132735314477, 4.9538396264085325, 5.000570375577796, 5.0355612488381585, 5.0632618637670355, 5.103408812555615, 5.1537268409996155, 5.189014146677127, 5.248878906885238, 5.281081902838663, 5.3059944669122805, 5.322231356975217, 5.344279934312236, 5.395988134038927, 5.442013609951699, 5.4781613947098595, 5.523568051627064, 5.532977794118368, 5.572357548875418, 5.613899239637134, 5.641768495841112, 5.6580500558675775, 5.696159179881872, 5.755955427971833, 5.781210648986307, 5.794903664498773, 5.818319862155973, 5.834188833531314, 5.878784893030106, 5.9058060755777415, 5.935231477066341, 5.968538411984716, 6.003393922262379, 6.055582738049397, 6.083438334033048, 6.106394583254089, 6.131069153384434, 6.1817163989776525, 6.221380999673713, 6.236855824346325, 6.270210491257938, 6.297834013432136, 6.3151904713552325, 6.3380525827888, 6.370707376841747, 6.379948558842341, 6.388466362490076, 6.402985816334032, 6.419371641989672, 6.445894596641239, 6.453874374955054, 6.458433927128039]",8.05,2.491906089642216,8.0,12.95,13.0,1.0,0.0,0.0003260499798852834,24000,0.05,0.999,epsilon_greedy,exp,0.6,0.9995,none,4700,True
e1a,q_learning__3e09cb75__s43,q_learning,3e09cb75,43,15000,27.363403108000057,completed,17,2.5878755766071904,413704,"[-0.2920262020785055, -0.6815793236684972, -1.168155133360408, -1.6692036766510783, -2.0797181718129196, -2.4284693772777697, -2.8188576816446127, -3.1716848765323125, -3.5480795169993216, -3.8754188877566955, -4.089307255064601, -4.3052867702248285, -4.361676268177194, -4.4434253560482, -4.378391324661562, -4.372102602294679, -4.270365249241721, -4.161382612554386, -4.086468728926951, -3.9303086120129356, -3.7549671005033747, -3.587021187909329, -3.347010001988946, -3.162742888606908, -3.0176625883938537, -2.8463636552846223, -2.677458413179748, -2.507540491479103, -2.3388801372019876, -2.1169028457503134, -1.9545833613599357, -1.7889707713135874, -1.6143840503061782, -1.496737783348626, -1.3242087330911094, -1.163478449526798, -0.9931978354511435, -0.8832855235515028, -0.7441681670399397, -0.5943997106379442, -0.48728203698689754, -0.2775474860606634, -0.09882981561092373, 0.04169943119243336, 0.13973425994372188, 0.24686727172706333, 0.3905817555488651, 0.5707215006657106, 0.7736154563445629, 0.8899567033508414, 1.0100229534006322, 1.119883995438265, 1.2547054338350199, 1.4102402373453402, 1.5176052667788176, 1.651893455004728, 1.7624046416873895, 1.9076586950295762, 2.054533502530809, 2.112434335357675, 2.206360684298312, 2.3079158183762463, 2.421435965199929, 2.5129338663559384, 2.621135786363982, 2.7340509997572733, 2.8304017172423515, 2.927725068406517, 3.0258142416733183, 3.1224671634160233, 3.1929459912976057, 3.266613411509203, 3.3768367782048774, 3.4387580448306507, 3.5279033268091555, 3.627374116151402, 3.7088065457911976, 3.7749747129584876, 3.868337392222284, 3.9064348197181014, 4.006431025110993, 4.0494736866226075, 4.158404343579067, 4.200594718828825, 4.241447382165941, 4.3102102127353, 4.351587088598009, 4.40977492984609, 4.499312021673471, 4.543403216032881, 4.589582404056418, 4.674170231002972, 4.70399323435816, 4.737529127405406, 4.782365010591008, 4.802623235994479, 4.825620620046402, 4.8611918701461105, 4.9033722680809655, 4.961657781843338, 4.980270638695901, 5.029220779152578, 5.049101949463099, 5.087619737227936, 5.126314555128697, 5.140004687030515, 5.1571360944519995, 5.215263437513738, 5.2696107252364595, 5.3042447830677535, 5.3634347389346635, 5.3826952759588105, 5.423430894959585, 5.470433219650767, 5.504003367884323, 5.534961259463764, 5.553249143998646, 5.5859673073092155, 5.626920455948643, 5.658165091325467, 5.684208857827425, 5.711174268108755, 5.766617044504375, 5.790930663385189, 5.80684619778263, 5.840950011672945, 5.87794488060112, 5.904186042187139, 5.925804579525795, 5.950363059390659, 5.999274828170968, 6.042189936712922, 6.05248776526559, 6.070367337579489, 6.0893094538879105, 6.114431449466087, 6.182491585678776, 6.210106182307606, 6.2362812308906115, 6.261969383726749, 6.290560770675777, 6.324796948496014, 6.354713196637372, 6.381782525025286, 6.407322348327505, 6.429483450920867, 6.443629632035978, 6.446041803158001, 6.454314002844867, 6.477604282977728]",8.05,2.491906089642216,8.0,12.95,13.0,1.0,0.0,0.0004183759800434927,24000,0.05,0.999,epsilon_greedy,exp,0.6,0.9995,none,4500,True
e1a,q_learning__3e09cb75__s44,q_learning,3e09cb75,44,15000,28.500160998000865,completed,45,3.3221077646578534,414786,"[-0.2968993194317485, -0.7515311036795348, -1.2054725404543924, -1.6833283340237442, -2.1044356628548906, -2.572234549091457, -2.953562345364713, -3.304414079472567, -3.6350062808250305, -3.9445144462425574, -4.258937923272358, -4.419553745306636, -4.580426422081342, -4.621699563886758, -4.604192021410674, -4.607507785508423, -4.541739847435441, -4.473754389799969, -4.308996832240461, -4.198681695125599, -4.116342435439097, -4.028035829561463, -3.8986463251772587, -3.697502836895077, -3.5067196416929045, -3.3475206671892916, -3.1795766006206136, -2.9554600073481065, -2.8317173127060937, -2.711852026675942, -2.544078348175084, -2.4065395894039705, -2.259097413881267, -2.0601735183214727, -1.8998840721248345, -1.7829044480534277, -1.6403459674030243, -1.5156567907719192, -1.3688525571902006, -1.179580453880766, -1.0198256418089364, -0.816346081963034, -0.6496547018211813, -0.45378157778157646, -0.35129898744341304, -0.19795445318043642, -0.06972541816870498, 0.10335729545936617, 0.2028203279496366, 0.2910015857995934, 0.4813820954191716, 0.6674963685228226, 0.803603064596889, 0.9741755161489217, 1.1092782561778944, 1.193668821336648, 1.31625605770428, 1.4061385854963846, 1.5061885931593362, 1.6108540146658163, 1.7420677096522827, 1.925056594891393, 2.017466909587179, 2.1598782947890127, 2.2735696449610514, 2.3895201572851863, 2.475570778856622, 2.5737272679082883, 2.6718046058045166, 2.746115120771136, 2.8054591285964867, 2.922783052317456, 3.05541970864278, 3.1181943082725696, 3.1749131180210584, 3.273742262977799, 3.349393451019241, 3.441530369454946, 3.5558060821931607, 3.720518593609816, 3.7964835656361418, 3.835496970012642, 3.9128984306357255, 3.9726132224664976, 4.03358570412265, 4.118122828130799, 4.178380460586867, 4.241084339103233, 4.299959888354748, 4.356442729659904, 4.384727013234066, 4.433720674680797, 4.5066919573625785, 4.542176944579926, 4.583597399713976, 4.642724250033255, 4.65953606567301, 4.7099165824375575, 4.764594954283501, 4.803937507351961, 4.8350939762053144, 4.875493689629258, 4.938424604646937, 5.0014990122136815, 5.037059612178897, 5.079788921445112, 5.116723969012436, 5.1387352077625765, 5.189591158930634, 5.200549180728379, 5.228211406033412, 5.2837783368939055, 5.323202080968168, 5.344582094592259, 5.370463190286703, 5.435269575594445, 5.448178762079795, 5.467409206296735, 5.517361496811072, 5.521307571688099, 5.542803297271357, 5.58971061449292, 5.627320553879845, 5.649790723909928, 5.662344521858433, 5.684161712034945, 5.705202628638959, 5.742989137108624, 5.755297339904742, 5.774642656886311, 5.824523945317504, 5.836834196456311, 5.85758740311736, 5.903431889094378, 5.909849709264072, 5.93893795516054, 5.966720672321518, 5.9915888624591815, 5.993441670391505, 6.00333607095296, 6.014422849598456, 6.041561299035806, 6.078557752482886, 6.11520647451997, 6.127081761706117, 6.1332268319851675, 6.169466874542186, 6.1873711021111575, 6.227009799713153, 6.2636685339912335]",8.05,2.491906089642216,8.0,12.95,13.0,1.0,0.0,0.0003649898900948756,24000,0.05,0.999,epsilon_greedy,exp,0.6,0.9995,none,4200,True
e1a,q_learning__3e09cb75__s45,q_learning,3e09cb75,45,15000,28.134493849000137,completed,30,3.9372452298529743,411345,"[-0.36712425481030997, -0.7708067508719633, -1.2513333212103208, -1.626483968041929, -2.1361525569464814, -2.4985173617285015, -2.915155618175243, -3.2945344001955497, -3.6478903372217846, -3.9631668433908143, -4.201875106931725, -4.393760218708607, -4.530896869752022, -4.578229637798262, -4.573852820042265, -4.570374245951762, -4.490723431291635, -4.423495092061909, -4.315062531085432, -4.193472940473691, -4.044201455551146, -3.8878801666906133, -3.7346527762682373, -3.6503751907872, -3.468347643334798, -3.289383854071025, -3.194042974992011, -3.0732099842998792, -2.8933998271147283, -2.7244431570160583, -2.5859270766714544, -2.432860547243091, -2.2295432991431894, -2.0965553261439003, -1.9109429041492505, -1.7282803273450313, -1.5426430953852956, -1.3719795615338763, -1.2242827177782378, -1.1365997964973493, -1.0110859648917012, -0.8370543512879878, -0.6694767196000787, -0.5384403102559591, -0.41777552109461075, -0.26085146145583876, -0.12113899030606763, 0.06070115553738983, 0.24113920944352102, 0.4198957227443278, 0.5361924104182322, 0.6489786800639181, 0.7973521514685656, 0.86740116275765, 1.0054285913343015, 1.104346369005476, 1.3002646020050268, 1.416648233762587, 1.5095857693619237, 1.6948060043709636, 1.8335819286380428, 1.9090214435335742, 2.015106855612042, 2.1033188777897087, 2.2010389037940903, 2.307259855678612, 2.421827554978678, 2.519577331186844, 2.6083154625376253, 2.697103848549946, 2.777517821219483, 2.884228287868178, 3.024407000656534, 3.1073243384766815, 3.2175087963909474, 3.3083673762139716, 3.4207636627482967, 3.4818273188316153, 3.542303792131664, 3.641605561541591, 3.7150599156048747, 3.7640039348306304, 3.802307403562871, 3.8999796406234006, 3.9913497745105864, 4.044959991081429, 4.135780762735099, 4.209460801495946, 4.269120549846858, 4.3677888788743795, 4.405238378516752, 4.4536619461578235, 4.483716035035287, 4.548328358623404, 4.586797027413835, 4.650317433033329, 4.731570178170313, 4.7562310145629265, 4.809650333285549, 4.887175962687539, 4.932623927945807, 4.970931597319661, 5.040883102550752, 5.1244073696523325, 5.178932220611259, 5.230160706583846, 5.249268540717686, 5.282913076772312, 5.300159022679574, 5.354924765705363, 5.410428262617387, 5.431854522665756, 5.456439055937796, 5.5073702793448005, 5.5614119532595, 5.58170365694129, 5.612475485895692, 5.651140863075592, 5.681328601657971, 5.710651245925845, 5.714160853430534, 5.728746183312243, 5.771845892144228, 5.788667623790093, 5.8049763694937875, 5.819554857877805, 5.84731735872965, 5.869388106719276, 5.899423511003133, 5.9513109683567125, 5.979309463736664, 5.9916890350654715, 6.005164451072201, 6.032365684113354, 6.054779854460696, 6.090891150912096, 6.110745574973486, 6.142467948579598, 6.18970818649447, 6.221208565326028, 6.227122232241216, 6.2591850442960775, 6.27784710970552, 6.287091026225162, 6.303424173148851, 6.315184954305528, 6.344361078315211, 6.3517520324832, 6.359511879635959, 6.371537197031936]",8.05,2.491906089642216,8.0,12.95,13.0,1.0,0.0,0.00047520885011181235,24000,0.05,0.999,epsilon_greedy,exp,0.6,0.9995,none,4200,True
e1a,q_learning__3e09cb75__s46,q_learning,3e09cb75,46,15000,28.66380736100109,completed,12,3.007906248539007,416503,"[-0.41145209026462964, -0.8145671428173232, -1.269399437650295, -1.7393051248001, -2.122923474033328, -2.486193387401252, -2.9311285903766877, -3.3429748841306646, -3.7307864865228777, -3.9745365181992978, -4.265749001523615, -4.491806565218105, -4.656698493796248, -4.797565857887704, -4.827443730502765, -4.826009809008592, -4.728895465254439, -4.735364912872984, -4.688486796519698, -4.591804938012131, -4.484401477946887, -4.374577092864115, -4.20440503653763, -4.084436865947776, -3.904445513213969, -3.75008150255561, -3.514122778575909, -3.2884969816004523, -3.2157665018544432, -3.035475354837665, -2.8840759151222146, -2.760502306175366, -2.658464963385886, -2.4923356429899988, -2.359427573822848, -2.1639682722605738, -2.0065878685041643, -1.814869906758069, -1.6684922037371566, -1.5068970527611651, -1.3614632265320084, -1.24071327774548, -1.0632089327607561, -0.9606574090816692, -0.8074900527571963, -0.6406511625432626, -0.5259533315760722, -0.3427598080060333, -0.10335720059939923, 0.05145870866594184, 0.1965148693703884, 0.36694352929875884, 0.5396991134523274, 0.6653012322516343, 0.7583465888973073, 0.927719550291112, 1.0351834383272005, 1.152687715489837, 1.2843707942543292, 1.4112127563315615, 1.5647146653736814, 1.6867480337470746, 1.8182441745743108, 1.9665232692422596, 2.101835599319888, 2.1922929668685596, 2.292182401100817, 2.4287933045781807, 2.5079996249378045, 2.607773850602544, 2.752341491057957, 2.927286873812736, 3.0255236874330276, 3.0941420367407053, 3.2022793840449757, 3.2955880703770695, 3.3379369290666308, 3.439043640515007, 3.567080507953107, 3.6341229911162274, 3.7053543521350174, 3.7698538002564055, 3.8542756613586433, 3.924374308509448, 4.0224569450694245, 4.092944999170309, 4.152267138789936, 4.204403960067103, 4.288679326009821, 4.356810529786056, 4.398445120750683, 4.452555144624782, 4.507387442761149, 4.565368882061904, 4.590390620918509, 4.665202822007397, 4.730969312500097, 4.76402302430833, 4.794103698782888, 4.897184692367885, 4.938614683259016, 4.989109865006631, 5.015126151889397, 5.083571840466551, 5.120231676798782, 5.163049738899844, 5.195905616073235, 5.244842305964152, 5.275337580529479, 5.286860026495072, 5.3328492216849215, 5.402446659405645, 5.420383921233225, 5.4526406278195685, 5.463789677122119, 5.482452899971308, 5.54604366988825, 5.582065314541636, 5.608463043567678, 5.632286517588655, 5.677210232786336, 5.718077793622009, 5.734605401821976, 5.75494325384747, 5.8042878937974764, 5.832323368445576, 5.872576165668714, 5.921169220484779, 5.927839143769944, 5.959218372927493, 5.971579595719765, 5.976380272433214, 6.004338332393341, 6.0278578689525055, 6.056423642792231, 6.090845615939234, 6.104016351205645, 6.137240521130703, 6.144476712889319, 6.153736829387082, 6.1690483977421, 6.18053975760273, 6.194157792250792, 6.238818655198267, 6.267756284226016, 6.288332379759445, 6.294835598731686, 6.3120694796593115, 6.32856959904696, 6.345148372252516]",8.05,2.491906089642216,8.0,12.95,13.0,1.0,0.0,0.0005651618198680808,24000,0.05,0.999,epsilon_greedy,exp,0.6,0.9995,none,4700,True
e1a,q_learning__3e09cb75__s47,q_learning,3e09cb75,47,15000,27.80608748299892,completed,13,4.458654505565552,408945,"[-0.3562616839497653, -0.9037265766521733, -1.33717211269687, -1.8278773329745557, -2.1600883458302755, -2.5264998154450238, -2.9022618029847167, -3.2864291016202385, -3.65629849084841, -3.943754048107972, -4.189542289477841, -4.342984402159788, -4.4803651260114785, -4.4834364127434005, -4.511088465447992, -4.488178024675003, -4.382877387903577, -4.314284985366418, -4.177151177886005, -4.053140973298674, -3.943603107940624, -3.8808545106102135, -3.7697402927081307, -3.6355048805376167, -3.442274074411708, -3.2662225256481388, -3.064110482748458, -2.903055382520014, -2.771822452941771, -2.6248939854979394, -2.445776135730324, -2.263338980253687, -2.1443861782502576, -2.0032650147081053, -1.8275933701636333, -1.735088526842644, -1.5869558185448946, -1.4065929909158181, -1.272696074091668, -1.0985873851806807, -0.9383847825108553, -0.8380711325384053, -0.6606401008923922, -0.44587674246146813, -0.298529260090497, -0.15302255857738903, -0.018180165756561378, 0.174008290241968, 0.2787010901871337, 0.4710489136749017, 0.5933774053224395, 0.7004271629817749, 0.8123745078762827, 0.8856517794438817, 1.0063310224858275, 1.0976465476446449, 1.241883223599683, 1.3397324724797313, 1.4801715172621948, 1.567800633581062, 1.7061561512993861, 1.8059347123238896, 1.9002520643826761, 2.020693178524196, 2.115303958870835, 2.238692501788958, 2.33777016030699, 2.452070221906469, 2.5972871785584157, 2.6596684118221767, 2.7508378936995217, 2.816956560206876, 2.9022457227847513, 2.9938767729765643, 3.042490671796742, 3.1227825750453904, 3.207506578486474, 3.30923423196305, 3.374749732394102, 3.440081745762269, 3.5103294269861096, 3.6009628689617683, 3.7045252718917543, 3.7843169516821056, 3.8626757506477074, 3.934168999350016, 4.000293096948897, 4.059070022976886, 4.158149674741733, 4.2138466287682, 4.272749330903415, 4.322575602295354, 4.385913856061497, 4.446434526512223, 4.4924909538864215, 4.516551215611944, 4.569831376993176, 4.615134836859689, 4.654433230403328, 4.714122456297273, 4.769285719658986, 4.812250448769348, 4.8486031139526045, 4.895359345315183, 4.943736924289756, 4.963857682604356, 5.006679880399468, 5.05545720243941, 5.110925575285148, 5.135095173854285, 5.181393542042125, 5.2227704110402575, 5.253428561164559, 5.2964175332785155, 5.330762153287432, 5.373920020196221, 5.4066666160430215, 5.422726480517138, 5.457451199504654, 5.469320802517559, 5.489384689705207, 5.514464415501222, 5.567456045235828, 5.586243584338354, 5.636586159245738, 5.690922391501413, 5.720158803752766, 5.741022869359096, 5.782081575640302, 5.801437481644841, 5.832256104578365, 5.862564461637395, 5.891357547387215, 5.915014317193273, 5.931159240311905, 5.942491529332942, 5.975987478335796, 6.004198119412991, 6.031039409181705, 6.045769941739246, 6.081991699022845, 6.114702680041782, 6.147584456822701, 6.152678056668563, 6.179596794559979, 6.207971766272125, 6.218592066805254, 6.243906824242765, 6.267959900866727, 6.280432651040248]",8.05,2.491906089642216,8.0,12.95,13.0,1.0,0.0,0.0005690518300616532,24000,0.05,0.999,epsilon_greedy,exp,0.6,0.9995,none,4300,True
e1a,q_learning__3e09cb75__s48,q_learning,3e09cb75,48,15000,27.419068773000618,completed,1,3.2486766536545306,413054,"[-0.2942788876539612, -0.7228568877957795, -1.2043975591882505, -1.6156828005373858, -2.077633753768384, -2.5119173566798185, -2.8363142855045655, -3.3189062194877734, -3.6585159151488877, -4.044969224876928, -4.351215359600098, -4.592120240378589, -4.746871634252681, -4.855521765395421, -4.876845245804327, -4.923593375254756, -4.9395623169870895, -4.864621667365305, -4.767502242982384, -4.660005508058971, -4.573227422215906, -4.4562503806481715, -4.3668939081585165, -4.285940621704256, -4.125774510213768, -3.9902260441966004, -3.832159401342787, -3.7178148791492815, -3.576616173545507, -3.3806643952133206, -3.1957640010096364, -3.069167158261469, -2.9211153316256437, -2.726284551179774, -2.560767759940857, -2.4363578306120175, -2.301022699597055, -2.1196455287896634, -1.971409511074952, -1.8850615437814648, -1.724962918918959, -1.5397462012688954, -1.4458143648902184, -1.2048221332470845, -1.018096099609841, -0.8205461178452824, -0.7159243381803957, -0.5500815002141567, -0.42401503675981195, -0.26011659126067904, -0.05150523813154697, 0.06699148205410153, 0.24683523193651719, 0.3747086302699492, 0.5511252269470879, 0.7257407689622127, 0.8799856095608672, 1.0088794829285341, 1.1090750208445936, 1.1958146722977183, 1.3135877218460719, 1.415263736025992, 1.502248790392507, 1.5964026864632517, 1.6819685483103561, 1.7568031319699158, 1.8262899651391957, 1.9491409043684995, 2.1156681785300018, 2.221674478378603, 2.2988669913794126, 2.407671500769973, 2.4722649834196035, 2.54309782613969, 2.6395737657051828, 2.7274032972787854, 2.8041237381934527, 2.855093168759488, 2.931400722156583, 3.0032198253659983, 3.063877138278946, 3.1071181376974155, 3.152544851101858, 3.2255779178316213, 3.339563336704928, 3.384128282699015, 3.425316838396708, 3.467838431455677, 3.5308446750048814, 3.5994968725223617, 3.6553535255048364, 3.71512565042261, 3.7555223246759804, 3.810984137925617, 3.845244670733526, 3.89131365829, 3.976456703244052, 4.030720863344373, 4.0768005929281115, 4.118853802741602, 4.15578429856051, 4.225516420939605, 4.252109734151427, 4.282208513873604, 4.303930182887558, 4.329165067019008, 4.361596899882527, 4.409350495678625, 4.444713937022935, 4.487264333837342, 4.53544338746568, 4.598592759756597, 4.624396556891141, 4.6606578665098315, 4.692493534576291, 4.721460741819317, 4.7729738134202, 4.812145173698034, 4.856086603768885, 4.91199005011005, 4.969425087218514, 5.0151874629041275, 5.025973888844977, 5.07809445634762, 5.119148148347951, 5.166077466939283, 5.203483665060366, 5.229463451690554, 5.250754317378335, 5.284738652249958, 5.315298568536752, 5.34017708894801, 5.35911784974005, 5.393739424962642, 5.414896828945826, 5.463288804425272, 5.498510021094474, 5.509778743288931, 5.5335110717041935, 5.554634981773549, 5.565059932406649, 5.587329568869947, 5.607417379648174, 5.652899680109784, 5.668254196855524, 5.680679788763203, 5.701859442970612, 5.723296374930581, 5.7390199872842045, 5.769421057827649]",8.05,2.491906089642216,8.0,12.95,13.0,1.0,0.0,0.0006441330498819297,24000,0.05,0.999,epsilon_greedy,exp,0.6,0.9995,none,4700,True
e1a,q_learning__3e09cb75__s49,q_learning,3e09cb75,49,15000,27.74980543499987,completed,52,3.2034980880281476,413605,"[-0.3719696728253376, -0.8035010499259589, -1.329081644542599, -1.8062246734339076, -2.219620079580413, -2.6288106290946027, -3.009883106530935, -3.4236582215598776, -3.7787903596155545, -4.072529818202075, -4.400108262990581, -4.655675790762188, -4.807892132131488, -4.928549022143421, -5.078359773911776, -5.06287512237713, -5.039452690298025, -5.006324471356859, -4.966167513370475, -4.904536827500922, -4.863074263572169, -4.765068479245796, -4.636969539016174, -4.506557735882259, -4.378763439423875, -4.240401263374335, -4.071616016415569, -3.851822103059724, -3.716725541222806, -3.624465232744309, -3.4579315805506123, -3.3214144834150874, -3.226632386560442, -3.0674962718071104, -2.94133094484742, -2.8193899736214347, -2.698287086934295, -2.5680403165987857, -2.4123240295237935, -2.2790685412270504, -2.1420237014971937, -1.8935977858086477, -1.7384027262305277, -1.6296592093002644, -1.5098411990945972, -1.3503461190800554, -1.2117095686685997, -1.084154415042058, -0.9007816426201387, -0.8335748320717128, -0.7057614218293605, -0.5110785005962905, -0.3086046235478494, -0.18777525762294944, -0.08077668504655981, 0.02002251792715235, 0.14580162714819173, 0.315588275597208, 0.39211013157977337, 0.4823963744063346, 0.7329938611691951, 0.864733389481798, 0.9999312645442162, 1.0832785081915532, 1.1621498817933853, 1.3237388780408854, 1.473116537575661, 1.5728875688602992, 1.7123313746241509, 1.753226722963595, 1.8647571475638367, 1.9483223045915585, 2.074428526022265, 2.1858688313069767, 2.2161228549275878, 2.3104300576079453, 2.36334015113317, 2.4651687526977306, 2.519877236970811, 2.584606791407557, 2.6485209375691334, 2.790954214594024, 2.861527446853723, 2.929439637831177, 3.025860993753255, 3.067863300700809, 3.149753916863874, 3.234406631202188, 3.325550517747843, 3.364028527977068, 3.4134794709721943, 3.5005144884063784, 3.547868983732187, 3.5976287770151325, 3.6423499736922382, 3.676187335810339, 3.725312256377412, 3.794966270015178, 3.845218620892001, 3.888687911064659, 3.9625755836475225, 3.9959388129136446, 4.060669449495327, 4.094886717657858, 4.1451143080800925, 4.171936684777298, 4.221551252675854, 4.272365102260792, 4.33226909006606, 4.3858257708418895, 4.433261501622523, 4.491179960385726, 4.540376292033916, 4.575126427833175, 4.615718263412605, 4.683940182726235, 4.71539447959557, 4.758484586894128, 4.789243668098485, 4.845594462064778, 4.872840999442194, 4.896843638604853, 4.9289748938882925, 4.946330095463748, 4.9815571599697375, 5.0108948940373095, 5.095061375504951, 5.158292597861922, 5.206708847455246, 5.263421503592762, 5.291953892396784, 5.34970707545465, 5.372764671711963, 5.396856954979977, 5.42366021132321, 5.439724840621432, 5.448397688156606, 5.4865867040521, 5.5266140841823965, 5.550733148104729, 5.574582233904215, 5.5978956616348325, 5.626436532210164, 5.643627507482978, 5.668454410745223, 5.682443082959543, 5.691282338281272, 5.721346303409947, 5.747764184634395, 5.777131641582177]",8.05,2.491906089642216,8.0,12.95,13.0,1.0,0.0,0.00048087304005093754,24000,0.05,0.999,epsilon_greedy,exp,0.6,0.9995,none,4300,True
e1a,q_learning__3e09cb75__s50,q_learning,3e09cb75,50,15000,28.704463129999567,completed,17,3.76265863452958,416635,"[-0.40060121903534873, -0.8442135236139584, -1.2741858120925391, -1.7309830711255432, -2.210914879946669, -2.6336412433221104, -3.0302274201186488, -3.3846288330003347, -3.775442837093507, -4.066662783841816, -4.348338593251052, -4.568571142934279, -4.766452677013108, -4.881307143680335, -4.97444060783502, -4.964275819157296, -4.9984337259027525, -4.958349542104987, -4.875879053055356, -4.782235156251858, -4.631904414764917, -4.500759553466492, -4.333418487992254, -4.070964274422137, -3.9013779142826337, -3.704597445903237, -3.5204714659346283, -3.3412591334190727, -3.1542575236100285, -3.003678789491154, -2.866343865924657, -2.690104802720316, -2.4983967714441984, -2.3801662484627446, -2.216246524378426, -2.041583463384013, -1.9011858386966247, -1.7652822665108787, -1.5958240746536325, -1.4958900079250028, -1.3509860578049528, -1.2065507803793838, -1.0540851728465508, -0.8793529405588595, -0.656456931769361, -0.5305122900438952, -0.34952809121008094, -0.18035808035872164, -0.030338320130324153, 0.07950190665340404, 0.17060444226990898, 0.3098353118780917, 0.46666883209764276, 0.563428270938594, 0.7033947122243037, 0.7919600032200645, 0.8599804710347307, 0.9931839397630234, 1.1772221916887604, 1.3326975067624192, 1.437193117252155, 1.5552380335246325, 1.6928719117436402, 1.83398084150622, 1.9617866711000553, 2.0436763432652474, 2.1902402463795547, 2.3197257109473197, 2.3802409473741593, 2.4874188699659787, 2.5787615397469827, 2.6650450397461136, 2.767159726704131, 2.8645719842544177, 2.924397445374221, 2.992252982797438, 3.056268369462683, 3.13984385592556, 3.223132937650291, 3.2783884987219047, 3.346912377254837, 3.42732899621332, 3.457947450002621, 3.551040029058896, 3.614567636885503, 3.679712123540969, 3.723687256057242, 3.792324549834938, 3.8527796497871383, 3.8955004814088037, 3.929831202016617, 3.9889680587488887, 4.052358278920299, 4.118544196948727, 4.138386438435275, 4.239814656799126, 4.306282224421718, 4.359472400498338, 4.424084312509794, 4.484149070401369, 4.528697241425119, 4.565857903306182, 4.609754340916292, 4.6487370680196545, 4.69489418662113, 4.729989130388635, 4.779465850307488, 4.833369015220211, 4.896423981199729, 4.938987759322066, 4.975648965498022, 5.030212070229906, 5.045421324359027, 5.075529778355593, 5.109556404910941, 5.139128258340475, 5.1641025963156055, 5.210654718179706, 5.256219705898642, 5.272745460647807, 5.303705336391373, 5.35147176987509, 5.376388574727382, 5.401507160512395, 5.441195433565089, 5.481007857012472, 5.495261579941421, 5.515557716063689, 5.566493720322527, 5.5907905974398355, 5.663864242232766, 5.68597530766013, 5.732024136922773, 5.781525724657767, 5.81875126770295, 5.847367280349308, 5.865635693609089, 5.882848612474716, 5.907648228939009, 5.928533466328166, 5.9432554063501, 5.957156219818069, 5.979490750483241, 5.985390878896376, 6.018521406723023, 6.034771768540842, 6.058142887707141, 6.069966594211368, 6.101932761494817, 6.105869573217197]",8.05,2.491906089642216,8.0,12.95,13.0,1.0,0.0,0.0005064240399588016,24000,0.05,0.999,epsilon_greedy,exp,0.6,0.9995,none,4400,True
e1a,q_learning__3e09cb75__s51,q_learning,3e09cb75,51,15000,28.619221031998677,completed,9,2.9776500801806782,414800,"[-0.3811402619255792, -0.8345667972925216, -1.3027455579034317, -1.725432342663686, -2.1975109747266717, -2.5748315147793406, -2.9038139536169827, -3.265968602679808, -3.5820785021058588, -3.9422165581936874, -4.278411685375553, -4.515033090449822, -4.717684685179066, -4.850656241503137, -4.959935066335675, -4.94908690760469, -4.937768900380482, -4.8276163147160425, -4.755050744907618, -4.629205834209057, -4.422347365760308, -4.250253903261444, -4.061183883913616, -3.8468845298589676, -3.676910576891381, -3.5269380249159505, -3.3567434529058247, -3.1709061067706, -2.966772604252507, -2.792334266846099, -2.606779646072845, -2.4431898774908256, -2.3145727035421197, -2.1868056772506086, -2.023114530477025, -1.8193900129350282, -1.657272212067716, -1.3932480507078653, -1.2322394904003129, -1.092353686577514, -0.9381507117492727, -0.8001794692408143, -0.6068264581557687, -0.45827999656826063, -0.3319800594311519, -0.2058753444172729, -0.08021354329869151, 0.096436057019115, 0.2826307009755376, 0.41928548476620076, 0.5373557939536854, 0.6768690440420497, 0.825054669657416, 0.9659669914640393, 1.0322779582989186, 1.1229415875197897, 1.2792947653502602, 1.4122817413868978, 1.5249278689715429, 1.6107668604150451, 1.748495606387512, 1.8436709657854637, 1.9547587667595445, 2.059442407481744, 2.168971251228238, 2.297203727918603, 2.3645521991679614, 2.5195700668277303, 2.5917616929303913, 2.6865860375403248, 2.749326648385091, 2.840264419478716, 2.942767325184232, 2.983298560762528, 3.0575248856724233, 3.115435284681503, 3.212981868130278, 3.2655709625100977, 3.329675671968793, 3.3830165130055962, 3.438929059978859, 3.4762168740763797, 3.5248593149537277, 3.609222286341547, 3.6738350275431513, 3.7514465982826315, 3.791883630059985, 3.8332414372059156, 3.885087403484156, 3.941310670534453, 4.029574846220857, 4.10181819381723, 4.15517258709983, 4.233714416854188, 4.294683377277063, 4.36418276063222, 4.404415267489883, 4.495017095067455, 4.54918699188612, 4.581402231625955, 4.6215078975090655, 4.667302027917317, 4.706633297655997, 4.7635548561371825, 4.789880258590371, 4.810174672208765, 4.84526762653774, 4.8891823703920485, 4.955087974885146, 5.0041927337279795, 5.017359735323152, 5.058476790129022, 5.09354966329183, 5.129498736022952, 5.189169691565895, 5.211347664274372, 5.242110178212176, 5.263939730920499, 5.289745821026435, 5.341478807685243, 5.3728731583619815, 5.401113974720131, 5.434143109003766, 5.483541978528516, 5.5061048262744725, 5.525606051355967, 5.551013315338511, 5.568433476922025, 5.597828587430543, 5.637741532471136, 5.654088817988983, 5.673810587399932, 5.698447285468238, 5.726099670789923, 5.752756877636888, 5.781482772823557, 5.824389429696086, 5.853697670565193, 5.884471883686164, 5.894566590460419, 5.915421755655023, 5.922160709732936, 5.93103215468469, 5.950674585479893, 5.97076413288168, 5.991177118802701, 5.998920436517938, 6.009958294682792, 6.02753997795405, 6.03915711789474]",8.05,2.491906089642216,8.0,12.95,13.0,1.0,0.0,0.0004419749899170711,24000,0.05,0.999,epsilon_greedy,exp,0.6,0.9995,none,5200,True
e1a,q_learning__4ef62b14__s42,q_learning,4ef62b14,42,15000,23.51700479700048,completed,50,3.246536616149586,318107,"[-1.828448875120955, -3.3572311447060326, -5.163295192162318, -5.4300721525004985, -4.444247492241838, -2.5702548836023147, -1.1064771373868747, 0.07611195356500543, 1.297047843544158, 2.558340320178489, 3.321968546167349, 3.885134378558736, 4.45058419108606, 4.707940641963717, 4.918454284251911, 5.04573102408367, 5.1204584479022275, 5.188045325305229, 5.254130562374641, 5.432586766596192, 5.507550692586766, 5.588840547556029, 5.687477358677013, 5.808839849980463, 5.905088435295265, 5.945042919063562, 5.952533198041968, 5.977421926907635, 5.992283269361433, 5.992836368190317, 5.996720538175088, 6.020959717850257, 6.0350517121559815, 6.035425950341983, 6.0569620368024495, 6.064163609454548, 6.065676199867309, 6.066042233919563, 6.0683247662071205, 6.068876100230441, 6.105751561492971, 6.106251584862681, 6.113178721619137, 6.113187338933021, 6.114045855988819, 6.114059090717424, 6.123503536835989, 6.124034047793469, 6.12412563097542, 6.130923463777778, 6.133511875510573, 6.13352698245203, 6.133787214102663, 6.135201447975445, 6.135617859218986, 6.138098608361693, 6.140950175398094, 6.141016132914554, 6.141017989511228, 6.142836123187228, 6.143026068070312, 6.1436402419062555, 6.143640343522619, 6.143641327552213, 6.143708894169251, 6.144375435642696, 6.144888791730806, 6.145197623291084, 6.145554368205173, 6.145587461231262, 6.145723750595773, 6.145800511346219, 6.14621024114805, 6.146641041270905, 6.14664202529291, 6.1470622545033375, 6.147180701690093, 6.1471812314984975, 6.14754710493059, 6.1476023142901886, 6.147606205898169, 6.147606206287891, 6.147606206480099, 6.147630205239386, 6.147634610980581, 6.147639048653037, 6.147639074699258, 6.147655871797347, 6.147853647133021, 6.147866128580904, 6.1478729169236095, 6.148019450925926, 6.148155302327668, 6.148155333270444, 6.1481592103261375, 6.148212918107877, 6.148333596571733, 6.148336419733152, 6.148369598644335, 6.148407863776403, 6.148407890336429, 6.148419616625528, 6.1484203092672365, 6.148438336933384, 6.14844971755421, 6.148457137265856, 6.148469619183273, 6.148475400863483, 6.148477106856676, 6.148478407867541, 6.148478470377447, 6.148478596166518, 6.148484261546098, 6.148484346488083, 6.148489106687735, 6.148491853753074, 6.148494297502387, 6.148494414166148, 6.148495796969771, 6.14849677516138, 6.1484974895399676, 6.148497964178568, 6.148498012418856, 6.14849801860826, 6.148499034892363, 6.148500098501828, 6.14850036262252, 6.148500525370847, 6.148500540397042, 6.148500550931425, 6.14850085833206, 6.148501188540327, 6.1485012886245896, 6.148501671985856, 6.148501857903467, 6.148501938565536, 6.1485021806204845, 6.148502261400523, 6.148502323910121, 6.148502376189098, 6.1485024346476616, 6.148502437753186, 6.148502440562532, 6.1485024413202405, 6.148502453151335, 6.148502453503708, 6.148502523157892, 6.148502556414325, 6.148502577955834, 6.148502596740548]",8.03,2.5164308538929183,8.0,12.97,13.0,1.0,0.0,0.0003203769900574116,24000,0.3,0.99,epsilon_greedy,exp,0.6,0.9995,none,1100,True
e1a,q_learning__4ef62b14__s43,q_learning,4ef62b14,43,15000,21.577508278000096,completed,17,4.426330308506134,317395,"[-1.758440872078592, -3.4273982614856267, -4.540874798164281, -3.710725335482199, -1.9903395154663632, -0.7602899193143041, 0.5801761159843818, 1.7181392335011505, 2.3824045395775157, 3.2086486891720565, 4.00560402437818, 4.426965611038507, 4.8121017056891295, 4.9881847858455215, 5.144188832216165, 5.251729231260188, 5.479717822376791, 5.62171121823198, 5.6563269946228205, 5.670686517130189, 5.798154973866319, 5.931667516492679, 5.977217623229306, 5.995052180097384, 6.032931413038214, 6.051943748237524, 6.1164329531481, 6.154882309880777, 6.160058397191341, 6.160348573096757, 6.182324360332195, 6.20465479265038, 6.206552194680749, 6.217087097612055, 6.2222353758042335, 6.223177366142521, 6.228564078650966, 6.254447572271391, 6.263262664937191, 6.2708460254226575, 6.270870717363855, 6.27513555331737, 6.278235235493434, 6.280720240395685, 6.282174168436007, 6.284060399776657, 6.284570285022552, 6.284594769412986, 6.285108550144011, 6.285392293800434, 6.2861206675931, 6.286126284705793, 6.288202220527028, 6.288776227946922, 6.288992069234291, 6.2900183106314005, 6.2907402576945834, 6.290918042061953, 6.291503127697873, 6.291503128715502, 6.29170825397708, 6.29242560078614, 6.2924562997505795, 6.292690881366441, 6.292870032662558, 6.293032463488539, 6.2930897200383304, 6.293174978661068, 6.293192426556754, 6.293288592552835, 6.2932987367352835, 6.293368364032175, 6.293499192355418, 6.293499199819152, 6.293507199478014, 6.293531695908941, 6.293609338337327, 6.2936344003689415, 6.293647699053348, 6.293709140223868, 6.293725419419388, 6.293725455628405, 6.293762612268337, 6.293772594812711, 6.2938051567579425, 6.293835376619837, 6.293842364415099, 6.293871602360882, 6.293883169945515, 6.293885657578267, 6.293885670552461, 6.293891025440528, 6.2938928202407975, 6.293903972180948, 6.293906130929316, 6.2939153219761925, 6.293915322078138, 6.293919993511697, 6.293920047838511, 6.293922914801432, 6.2939246774367765, 6.293924715415614, 6.293925638558401, 6.293927548292689, 6.293930708694856, 6.293931036853887, 6.2939334250591665, 6.293933425133571, 6.2939334251507075, 6.293934977369827, 6.293934986502814, 6.293935321132698, 6.293936128501561, 6.2939363579224, 6.293938137951085, 6.293938141418337, 6.293938787675069, 6.293939083915662, 6.293939084166151, 6.293939090405103, 6.293939940120112, 6.293939940120118, 6.293939940122559, 6.293939940122559, 6.293939973074893, 6.2939400215362, 6.293940024446185, 6.293940454154875, 6.293940586033475, 6.293940970505219, 6.29394099511141, 6.29394127052613, 6.293941369142366, 6.293941378775596, 6.293941381879619, 6.293941383684352, 6.29394152663055, 6.293941651804823, 6.29394165384346, 6.293941721527164, 6.2939417336154095, 6.293941733848419, 6.293941769266828, 6.2939417700034435, 6.293941779524308, 6.293941817223826, 6.293941817337994, 6.29394182689766, 6.293941851296267, 6.293941871794752]",8.05,2.491906089642216,8.0,12.95,13.0,1.0,0.0,0.00045123199004592606,24000,0.3,0.99,epsilon_greedy,exp,0.6,0.9995,none,1100,True
e1a,q_learning__4ef62b14__s44,q_learning,4ef62b14,44,15000,21.44771007700001,completed,45,2.5458004635084817,317935,"[-1.3441961470586727, -3.4618468901230646, -4.934447103000588, -5.421400603724816, -3.7682326358957487, -1.805487990185782, 0.9188221774375703, 2.1301716585135893, 3.1189154156330354, 3.8717141091253837, 4.23432581746861, 4.521086505693284, 4.853376486361287, 5.152942813630426, 5.237181189107517, 5.3258445130667695, 5.389941790717097, 5.448727049287909, 5.523601798833619, 5.5417754767678185, 5.5509670369660045, 5.6862964603394905, 5.696029180043199, 5.71708525451057, 5.890850146804438, 5.933522339687943, 5.9368538393622154, 5.969324748937054, 5.977975452528342, 5.981103753949658, 5.982366976207124, 6.011843699048061, 6.0120694266288455, 6.046262463864043, 6.046914648109744, 6.057293435056206, 6.064217204193571, 6.0861074329736535, 6.098483868772149, 6.101165682253767, 6.101836397601951, 6.10351345339156, 6.103526030504698, 6.1142068089471175, 6.116708394213551, 6.117975488590238, 6.118487950208762, 6.118725991738921, 6.119495725786371, 6.119495762330137, 6.126199047883127, 6.126946482357359, 6.127120383221592, 6.12716998997585, 6.129140654801419, 6.133587188048696, 6.13397365122894, 6.134073356947862, 6.135140827986877, 6.136362566933452, 6.141748175795874, 6.142145188786656, 6.143723691187948, 6.145293653676088, 6.146059864863102, 6.146182395467605, 6.146237026067052, 6.146237567169385, 6.1463520628524195, 6.146430488076859, 6.146997315129084, 6.146998038994712, 6.147039942076839, 6.147050169880073, 6.147064891972591, 6.147096820630493, 6.147143197597625, 6.147521389812849, 6.1475511790129165, 6.147837819971511, 6.148032162941253, 6.1480333907689495, 6.148035881478662, 6.148038308809173, 6.148171639905943, 6.1481764961576495, 6.1482649375725815, 6.148271358719417, 6.14827360295286, 6.148275386777019, 6.148277037749993, 6.148277680776246, 6.1482817894779265, 6.148281796322689, 6.148345767771038, 6.148346604521491, 6.148390484391678, 6.148391976442368, 6.148392249810553, 6.1483927833919205, 6.148393051834419, 6.1484238064989585, 6.148423993261463, 6.148424155117199, 6.148424236997828, 6.148425975410882, 6.148426233365398, 6.148426255878277, 6.148449139695421, 6.148449285751685, 6.148449376933038, 6.148449420288145, 6.148449423378987, 6.148465116099567, 6.148465446918525, 6.148465462856057, 6.148475914025724, 6.148475930401423, 6.148475939197947, 6.148488330963189, 6.148488337616171, 6.1484884811552005, 6.148489051622191, 6.148492641455675, 6.148495144157402, 6.148495244728819, 6.14849533193168, 6.148497085489568, 6.1484983111384555, 6.148498317926064, 6.148498317926069, 6.148498318056009, 6.148498369000904, 6.148498802690901, 6.148499938169044, 6.1484999625152055, 6.148499972182263, 6.1485005893934614, 6.148501009288434, 6.148501036273084, 6.148501246917255, 6.148501248282434, 6.148501384926362, 6.148501481478093, 6.1485017762591525, 6.1485018436448335, 6.148502099979067, 6.148502246859679, 6.1485023476764615, 6.148502347988068]",8.05,2.491906089642216,8.0,12.95,13.0,1.0,0.0,0.0005788010000105714,24000,0.3,0.99,epsilon_greedy,exp,0.6,0.9995,none,800,True
e1a,q_learning__4ef62b14__s45,q_learning,4ef62b14,45,15000,21.351090878999457,completed,30,2.977834783865619,316141,"[-1.6854960333073379, -3.445642431441819, -4.818872680265842, -3.8389345484089317, -2.592498685903365, -0.9175774212754448, 0.25862845314307276, 0.9320300524233204, 1.830952840741264, 2.391657583929533, 3.179657266367514, 3.906656510353445, 4.3746813806442155, 4.54407258830092, 4.8108276191210875, 4.901668773218584, 5.044556977837922, 5.045870320431764, 5.053963599780859, 5.1275548759059895, 5.219255868667536, 5.276001137006886, 5.5745437162517275, 5.592420746731372, 5.661352987276834, 5.662864780450928, 5.677814920464838, 5.677953293644761, 5.723467134458734, 5.72699549000526, 5.7616431907791, 5.802590788558637, 5.830435399446574, 5.879321640045725, 5.879321752148161, 5.893266099953089, 5.905526982083232, 5.915875053531045, 5.9221729329745445, 5.954563331478025, 5.961725683825626, 5.96921436240912, 5.972503588530227, 5.978410328255714, 5.980957253600436, 5.982432194652691, 5.989492051664223, 5.992725140679775, 5.993483019499501, 5.9946684933051575, 5.995237195054377, 5.996688126113489, 5.997018414753106, 5.997165185745461, 5.999087553743631, 5.999963413652366, 6.000394789352778, 6.000545901108228, 6.00054590665636, 6.0015230405021684, 6.002708428142344, 6.003171367880545, 6.00318766379617, 6.003299724164106, 6.003399579400522, 6.004333057090506, 6.0043927714260095, 6.005380481298556, 6.005403198047033, 6.005421984566855, 6.005448074420736, 6.005480434108737, 6.005840960285892, 6.005880246880515, 6.006168373765691, 6.00618394924978, 6.006291754829139, 6.006335302224406, 6.006373308286641, 6.00646251329909, 6.006520211081243, 6.006529666592921, 6.006529904814002, 6.006869852661985, 6.00692312645856, 6.00695702079563, 6.007088737061959, 6.007088737079751, 6.0071041207275435, 6.007120772618756, 6.007125171519585, 6.007130973938595, 6.007277865159425, 6.0072816715031045, 6.007285822494952, 6.007287356022646, 6.007313696683017, 6.007313789939989, 6.007314359867318, 6.007319448102464, 6.007319505476554, 6.007320456762979, 6.0073223374971105, 6.007323193149646, 6.007323764162652, 6.007340270005453, 6.007342016916054, 6.0073536693792375, 6.007353718670312, 6.007361559300594, 6.007361587382517, 6.007367228713638, 6.007368023827367, 6.007368393714972, 6.007368509991022, 6.007368516721268, 6.007372545518212, 6.007372805938891, 6.00737280595979, 6.007372899656156, 6.007372970783694, 6.007375747666228, 6.007375755950578, 6.007375961695099, 6.0073760163571, 6.0073760163571, 6.007376107010223, 6.00737945274025, 6.00737945274025, 6.007379495073665, 6.007379611757368, 6.007380539859835, 6.007380647100954, 6.007380699975258, 6.007381351969893, 6.007381353362502, 6.007381384650506, 6.007381838982792, 6.007381863381562, 6.007381880400719, 6.007382460515162, 6.007382486046046, 6.007382486046542, 6.007382498683336, 6.007382517325656, 6.007382518120271, 6.007382523747838, 6.007382526484983, 6.007382543812412, 6.007382702225994]",8.05,2.491906089642216,8.0,12.95,13.0,1.0,0.0,0.0004969879999771365,24000,0.3,0.99,epsilon_greedy,exp,0.6,0.9995,none,1100,True
e1a,q_learning__4ef62b14__s46,q_learning,4ef62b14,46,15000,20.006131596999694,completed,12,3.212475680841802,317392,"[-1.599618459959603, -3.0711392794636887, -4.782817251631782, -5.141843083775236, -3.2531093537361113, -1.6401056155194769, -0.24371275619544755, 0.824817087295816, 1.8231375748615517, 2.717858394215152, 3.396869957101034, 4.137868054906289, 4.267291345309835, 4.642916312977494, 4.781883799016913, 5.056410386639526, 5.370093265055883, 5.451512842367287, 5.519734673071457, 5.594118898018719, 5.62928750117521, 5.6623365295371535, 5.726146653764231, 5.763258098752227, 5.784567715027567, 5.784989136896785, 5.807485529383132, 5.857909455231543, 5.86018588357395, 5.876818703149135, 5.900328068021327, 5.914541141430109, 5.922340839220939, 5.9439587692024025, 5.957659738679055, 5.964182095080535, 5.977209795673445, 5.980923550633487, 5.985432559287674, 6.0002821297182685, 6.001975907751261, 6.003231317499073, 6.005210686354546, 6.014507358150242, 6.015876168164345, 6.0198908732555205, 6.023471030557007, 6.02977060771814, 6.030989697009877, 6.0337265292734035, 6.035443055679314, 6.036812000184142, 6.0372423670780115, 6.037732045103499, 6.038200932994324, 6.038619664592802, 6.039224196192703, 6.039371665851843, 6.039679657797749, 6.040105654336492, 6.040116072340357, 6.0402463650560785, 6.040390055872285, 6.040620144089711, 6.040669710221532, 6.040913100266968, 6.041025835980238, 6.04126842428734, 6.041401749311174, 6.041429974626388, 6.041701766870336, 6.0417035115777615, 6.041832780109682, 6.04198817728439, 6.041988177981547, 6.042012329600904, 6.042046584801523, 6.04215349551849, 6.042297139456414, 6.0422979874529315, 6.042452073189121, 6.04247003708888, 6.042476428949805, 6.0425276562637515, 6.042587891697395, 6.042604832683694, 6.042660445038979, 6.042664161826562, 6.042669187153293, 6.042702449993095, 6.042716294570498, 6.042726960685719, 6.042736394953355, 6.042742754859984, 6.042743232432358, 6.042779894318713, 6.042779994092712, 6.042789278190258, 6.042792116572556, 6.042799173515274, 6.042799564168207, 6.042799564168329, 6.042804647202483, 6.042810146126082, 6.042810215962903, 6.042811216105567, 6.042820421130704, 6.042820421131841, 6.042821561313684, 6.042822051383533, 6.042823040931063, 6.042828588458136, 6.0428293249397536, 6.042829370899581, 6.042830352844345, 6.042830489048084, 6.042830729182298, 6.042833918953506, 6.042833918953506, 6.0428340144572985, 6.042834105151007, 6.042834563770833, 6.042834610488748, 6.04283539759103, 6.042835397591043, 6.042835600959176, 6.042835880294011, 6.042835894261518, 6.042835914051661, 6.042836524122633, 6.0428366175236095, 6.042836711422669, 6.042837104910222, 6.042837181856531, 6.0428375421237295, 6.042837782915877, 6.042837797371009, 6.042837843475799, 6.042837975826511, 6.042837992351481, 6.042838040379114, 6.042838064587607, 6.042838168247266, 6.042838175192923, 6.042838221705432, 6.0428382980458135, 6.042838322723788, 6.04283832512613, 6.04283832512613, 6.042838373820197]",8.05,2.491906089642216,8.0,12.95,13.0,1.0,0.0,0.0006097749999025837,24000,0.3,0.99,epsilon_greedy,exp,0.6,0.9995,none,1100,True
e1a,q_learning__4ef62b14__s47,q_learning,4ef62b14,47,15000,20.657138394999492,completed,13,3.9407613477601,316692,"[-1.6820291342016935, -3.2401507471350777, -5.121171688150698, -5.321579446152987, -3.3981028398107904, -1.0249855756834862, 0.44870628376993527, 1.7285924284827265, 2.442351310292785, 3.1577477480722513, 4.033845197250388, 4.274454098393394, 4.567752419728712, 4.714689300101004, 4.795599868002739, 4.941889851643511, 4.964221988242736, 4.999192418578526, 5.197353659107945, 5.329314833791389, 5.358992952136709, 5.4796207849208285, 5.516009037926369, 5.559743012082074, 5.655202763846949, 5.660413712130682, 5.686846120148445, 5.6897160562244515, 5.701223924640274, 5.709266813210201, 5.737057348148983, 5.76461136376577, 5.767045214156239, 5.768618426663918, 5.789297404527521, 5.8056188472421715, 5.806421445253008, 5.826382472488296, 5.827083756643348, 5.827096295398094, 5.829011820592545, 5.829469259248339, 5.834909615942467, 5.8355366300547775, 5.835541889779135, 5.83913662409419, 5.842013907543404, 5.8456405155761795, 5.84717115070516, 5.848405665672867, 5.849106891286638, 5.853681674521577, 5.854623015756307, 5.855525666738415, 5.855947142876553, 5.855981073455994, 5.856336829246244, 5.856361949578403, 5.856378652985569, 5.856674952610472, 5.856695247291888, 5.856899895353862, 5.857066074092311, 5.857140907916193, 5.857315966981408, 5.8573306918842105, 5.858704702511618, 5.858705068864439, 5.85874214797692, 5.858760856354679, 5.8587654161293665, 5.858833207544889, 5.8588362037836506, 5.85888027121955, 5.858881059912979, 5.859803181969236, 5.859804206191152, 5.860414916665588, 5.860856890200191, 5.860874092816064, 5.860875499613956, 5.860886036934932, 5.860896774728115, 5.860904257187767, 5.860904546398724, 5.860904577360851, 5.860910257626476, 5.8609102653691885, 5.860921195463191, 5.861222472565107, 5.861222481118483, 5.8612275708378725, 5.861227570938648, 5.861229476028502, 5.861229477160404, 5.861229654063165, 5.861233346968786, 5.861443779629635, 5.8616934919034716, 5.861696196684454, 5.861768056813005, 5.861854085930826, 5.861854133031588, 5.861880514621516, 5.861880516217804, 5.861880516926659, 5.861880634499662, 5.861880699153208, 5.861880699301882, 5.861880699591443, 5.861880699746161, 5.861897920255404, 5.861910019840384, 5.861910469442699, 5.86191046952536, 5.861911003376791, 5.8619122347973445, 5.861912395455808, 5.861912410063696, 5.861912410234667, 5.861912531532664, 5.861920969593044, 5.861921824203842, 5.86192773084582, 5.861927730914058, 5.8619283290388, 5.861932545086826, 5.861932545097763, 5.86193256289265, 5.861935463326835, 5.861935464599605, 5.861937960008512, 5.861938292556209, 5.861938293206276, 5.861939736690514, 5.861939744033683, 5.861939748981201, 5.861939754846813, 5.861939755222923, 5.861939755224208, 5.861940206648396, 5.861940208144353, 5.861940208145371, 5.861940209956503, 5.861940228545486, 5.861940232423284, 5.861940386727596, 5.8619404402062365, 5.861941432944163, 5.861941444984619]",8.05,2.491906089642216,8.0,12.95,13.0,1.0,0.0,0.0003721790000599867,24000,0.3,0.99,epsilon_greedy,exp,0.6,0.9995,none,700,True
e1a,q_learning__4ef62b14__s48,q_learning,4ef62b14,48,15000,20.919742300000507,completed,1,2.700666584382456,317774,"[-1.6530520062339034, -3.494462523242331, -5.141280918808672, -5.067507191562726, -3.286412892778728, -1.6324057159157377, 0.1755327643377018, 1.0818618600557903, 2.4718059780987245, 3.1113305825725734, 3.66622854944585, 4.047712363561755, 4.157314489439309, 4.6278435597498895, 4.87601722047388, 4.983990444301424, 5.19803490218463, 5.233059658875777, 5.296795537789287, 5.31917259223851, 5.392271779682513, 5.4474951322793945, 5.448766819203622, 5.45071791896385, 5.485630374002596, 5.492705517767396, 5.544682306155494, 5.576963517242681, 5.597316746817828, 5.602954732503499, 5.619280495778365, 5.620568129193403, 5.623800635705101, 5.632254987578315, 5.6338110338669996, 5.638047924351761, 5.638784814755468, 5.647348862812654, 5.647362384608103, 5.651536053530315, 5.6559822974998655, 5.658630144100191, 5.660493332844312, 5.660677587977224, 5.662255479051213, 5.663388515602582, 5.664497424273779, 5.666710203870833, 5.668957430119279, 5.669732157097921, 5.6701832997021535, 5.670357523367741, 5.671130438998787, 5.672160317982037, 5.67216031822835, 5.672220396081343, 5.672748227465657, 5.6738282791471075, 5.674219266253721, 5.6753547470904815, 5.676119112010923, 5.676214541733548, 5.67622527559401, 5.676232788410077, 5.676916361717078, 5.676916361835575, 5.677033674132379, 5.677156969853604, 5.67723456430436, 5.677246432087775, 5.677717264235696, 5.677720684846444, 5.678014862079796, 5.678221990874092, 5.678223667168967, 5.6783549070224515, 5.678454557825536, 5.678546038794601, 5.67869447370407, 5.678733972451902, 5.678733972533007, 5.6788042067819475, 5.678863332331418, 5.678921004676686, 5.678972145289238, 5.678973122630248, 5.67897691880415, 5.679060466159755, 5.679060466169406, 5.679077324535334, 5.679081398190831, 5.679101502816072, 5.679101502818925, 5.679120270845227, 5.679133433618882, 5.679134192862288, 5.679147716189472, 5.6791540049427045, 5.67915400494436, 5.679168262332478, 5.6791744208841, 5.679178704679393, 5.679178857867851, 5.679179083604331, 5.679179321674969, 5.679180056961721, 5.679189814273344, 5.679192045366244, 5.679195229123408, 5.679200387882853, 5.67920040412243, 5.679200485123415, 5.679205259884567, 5.679209648005221, 5.679211365658726, 5.679211631781211, 5.679211703634051, 5.679211703634051, 5.679212108749573, 5.679212141327507, 5.679213906768796, 5.679214685093588, 5.67921474479923, 5.679216277257093, 5.6792168505079506, 5.679217458437049, 5.6792176332663855, 5.679217867995158, 5.679219000394023, 5.679219033215233, 5.67921917238892, 5.679219258055301, 5.679219297593838, 5.679219358235707, 5.679220007167958, 5.679220007167958, 5.679220014335934, 5.67922011323824, 5.6792201698590175, 5.679220187527018, 5.67922020472266, 5.679220269631793, 5.679220300895024, 5.679220306717044, 5.6792203069418195, 5.679220307288764, 5.6792203131915455, 5.679220313918816, 5.679220337521616, 5.679220344344101]",8.05,2.491906089642216,8.0,12.95,13.0,1.0,0.0,0.0003766989999530779,24000,0.3,0.99,epsilon_greedy,exp,0.6,0.9995,none,900,True
e1a,q_learning__4ef62b14__s49,q_learning,4ef62b14,49,15000,20.96337052400122,completed,52,2.8581637461839025,317266,"[-1.8620449269254082, -3.5364438593598977, -4.947126167668035, -5.723713321559296, -4.664238639348326, -2.862968917711801, -0.919577763782413, 0.6588175581990926, 1.8441940670009564, 2.903444845794724, 3.478171882301628, 3.851042016524428, 4.139053506678069, 4.42489456937682, 4.636113429579461, 4.846568179144626, 4.935864847831924, 5.0354655681726115, 5.130392621687609, 5.174899011606285, 5.2233829821131, 5.261123245233167, 5.284513834948824, 5.307753959000633, 5.346927936934055, 5.375336953656933, 5.42975542361855, 5.449978553961651, 5.487435434527826, 5.487948223254074, 5.503636124387286, 5.517164164476058, 5.518088989987681, 5.521640649897361, 5.527398966232593, 5.527850287126693, 5.530915010423142, 5.540763547104722, 5.542536805727681, 5.543930191473715, 5.547745289356593, 5.54852592510658, 5.557405044797639, 5.5580264497460465, 5.558328783986621, 5.559921935215759, 5.561680994115386, 5.563038703049418, 5.564609097092869, 5.564722039420463, 5.5652535609313265, 5.566643868799592, 5.566677049565421, 5.566999451702821, 5.5673796291499515, 5.568928275220025, 5.568984792498128, 5.5689855397973105, 5.569085884904694, 5.570465126035946, 5.5711210003028775, 5.572013137695685, 5.572306073073381, 5.572668659095727, 5.572736058934439, 5.573216752952777, 5.573226489306903, 5.573281803934446, 5.573324897229294, 5.573342388171184, 5.57335379467302, 5.573486998360321, 5.573661960437286, 5.573788012098318, 5.573877336672992, 5.573880794028806, 5.573881941006538, 5.573947539403688, 5.574029904284261, 5.574041774602479, 5.574097836117169, 5.574116108305494, 5.574119119403905, 5.574188684840296, 5.574247366268475, 5.5742553855633705, 5.574256010708554, 5.574430226915028, 5.5744471139381435, 5.5744603414845635, 5.574461936935056, 5.574462423798399, 5.574724211265479, 5.574724211334638, 5.574784446757331, 5.574815741634791, 5.574824016166236, 5.574826169019118, 5.574827841829542, 5.574828008828522, 5.574841065728517, 5.574843584684386, 5.574843957253465, 5.574860312124522, 5.574861702825215, 5.574882844182723, 5.574884297677239, 5.574884776946223, 5.574899165123617, 5.574908587727634, 5.574915671079228, 5.574920755468246, 5.574920955684687, 5.574921181016695, 5.574921527400045, 5.574922426088312, 5.574926327290743, 5.574926738486549, 5.574926738486552, 5.574937058050173, 5.574946366579067, 5.57494658138901, 5.574946638667956, 5.574951526580827, 5.574951526580837, 5.57495177575147, 5.574951874907369, 5.574953464620808, 5.574959236972702, 5.574959263482745, 5.574961167681124, 5.574961726715843, 5.574963791552055, 5.574963808659444, 5.574963808659445, 5.574963852655847, 5.574964336868021, 5.5749643573564835, 5.574964393855018, 5.574964539023652, 5.574964553788021, 5.574966632092223, 5.574966632814135, 5.574966659844909, 5.5749667247691015, 5.57496736805122, 5.574967378575375, 5.574967844949972, 5.574967873374419, 5.57496789505738]",8.05,2.491906089642216,8.0,12.95,13.0,1.0,0.0,0.00033189000003403635,24000,0.3,0.99,epsilon_greedy,exp,0.6,0.9995,none,1200,True
e1a,q_learning__4ef62b14__s50,q_learning,4ef62b14,50,15000,20.42627795699991,completed,17,3.410733059035844,318712,"[-1.5755945755255032, -3.5959747265761903, -4.9032686901183755, -4.935215698305344, -3.1610954535671723, -1.1829345834872294, 0.006921580183223182, 0.7595495763924796, 1.6402345997012482, 2.660449792476542, 3.037865476829021, 3.5796983071502098, 3.9977790880291364, 4.227763860321265, 4.348710040127275, 4.74435431268293, 4.867828204719482, 5.05020971674741, 5.225871326799179, 5.258434839884757, 5.286681693360703, 5.306136316171789, 5.326862749007261, 5.369090863396183, 5.392531771113529, 5.421621172407606, 5.44049600141459, 5.45843103839511, 5.546006920546405, 5.588221982610932, 5.62220322075456, 5.6446736539827755, 5.65111874198044, 5.655855738720091, 5.659165681588325, 5.680139461037277, 5.698943156498436, 5.704710104362439, 5.710056071839754, 5.7133019375612, 5.723502429770664, 5.725370041620639, 5.7263663847514605, 5.730561657387392, 5.73207325462164, 5.735855819990504, 5.736915792062677, 5.73876107241885, 5.739084763183277, 5.739989988253309, 5.7404566286714305, 5.7408534466579, 5.741181161127236, 5.742186366721099, 5.7422000118429075, 5.74220183650195, 5.744863999003583, 5.747125188606225, 5.7472502378016905, 5.749463860874385, 5.749577015913658, 5.750861517526684, 5.752722947929157, 5.7527269143952, 5.752991601052076, 5.753159800125951, 5.753671041275966, 5.754003035927139, 5.754437941897468, 5.754528759955886, 5.754657946469471, 5.754821878200599, 5.754920517623575, 5.755091981091117, 5.75510509061101, 5.755167250174224, 5.7552318579209985, 5.755380914607437, 5.755469009814263, 5.755485338477517, 5.755521012063765, 5.755530390861265, 5.755543816401462, 5.75555183798024, 5.755558980393701, 5.7555639944210375, 5.755611121865996, 5.755662938879335, 5.755678120655731, 5.755683694762256, 5.755696410045795, 5.755703523635119, 5.7557095122429685, 5.7557096954641285, 5.755712898865301, 5.755715973689456, 5.755717024049179, 5.755756080520322, 5.755782576027747, 5.755784473864877, 5.755791054770703, 5.755793033667855, 5.755793208016559, 5.755793858508313, 5.75579524227706, 5.755795616951394, 5.755797759677022, 5.75579945711544, 5.755799514785951, 5.75581721254908, 5.755817212549887, 5.755817355817371, 5.755817415488348, 5.7558178240305065, 5.755818448673365, 5.755818510675636, 5.755839571004158, 5.755839751918035, 5.755839769004931, 5.755840126013246, 5.75584622550096, 5.755846346253658, 5.755853570032329, 5.755853603610013, 5.755853630411673, 5.755853632759544, 5.755854557216219, 5.755854627134692, 5.75585467823045, 5.755857312718769, 5.755858838075437, 5.755859232471556, 5.755859233875413, 5.755860254143613, 5.755860979246346, 5.755860982033092, 5.75586098204264, 5.755861019579467, 5.755861078959953, 5.755861101914169, 5.755861101914169, 5.755861130452767, 5.755861497860537, 5.755861497865496, 5.755861497871396, 5.75586200824922, 5.755862011533484, 5.755862361479203, 5.755862363779377, 5.755862612171741]",8.03,2.500323211430106,8.0,12.97,13.0,1.0,0.0,0.00031650399996578925,24000,0.3,0.99,epsilon_greedy,exp,0.6,0.9995,none,1200,True
e1a,q_learning__4ef62b14__s51,q_learning,4ef62b14,51,15000,19.865945760000614,completed,9,3.3426187338672055,317538,"[-1.603290192780651, -3.5689271030792544, -5.0340284500137695, -5.2208381650556355, -3.436515414473987, -0.9224643777047558, 0.9243870361045021, 1.9034285368076351, 2.5698126237507837, 3.41434312770356, 3.758098892466619, 3.9311026453619973, 4.181267847373341, 4.447503715482528, 4.474281565756297, 4.577530729028347, 4.736721183327024, 4.887237687927032, 4.924488689090009, 4.948876360663958, 5.050118562144308, 5.114468219227787, 5.1254612896572205, 5.217481325266058, 5.246528503970563, 5.342008440897156, 5.3909219963886565, 5.40210838137941, 5.437030201950199, 5.455992204137499, 5.497796125414471, 5.4980129864517915, 5.5046925483080145, 5.509391229018208, 5.523322014409698, 5.538864209212771, 5.5433823543154634, 5.543422351431547, 5.5553784114897935, 5.581641940812956, 5.59749625003857, 5.603754769981068, 5.606438154483944, 5.620889785261659, 5.652943502303196, 5.653055091072155, 5.654718364372898, 5.669585743848983, 5.669608354475048, 5.6755351540859165, 5.678698287000696, 5.686031895783101, 5.686032082379876, 5.690290010609373, 5.690306408413412, 5.692326353684946, 5.69259770837304, 5.694035129428243, 5.69422521716902, 5.694230710150505, 5.69965587765833, 5.700812665952289, 5.70444204960275, 5.704447229790343, 5.705382851953691, 5.705383053776405, 5.709072076339499, 5.7095823345866945, 5.710210188620368, 5.7105618792233, 5.710845699254117, 5.711013798500885, 5.711021270136194, 5.712227918426532, 5.7123507979235875, 5.713234771725143, 5.7138298057405255, 5.7138753761934105, 5.713904362409298, 5.716009172911699, 5.7160639084510745, 5.716110760512503, 5.716124266169919, 5.717340186356754, 5.717367645307754, 5.717369423853305, 5.719081831364295, 5.7194990585552805, 5.7195815650880215, 5.719651836958366, 5.719837031100778, 5.719877497998576, 5.719941180700687, 5.719956008690937, 5.7202628601336505, 5.72027021049063, 5.720474536782515, 5.720487493973825, 5.720490373517742, 5.720634969823072, 5.720872353770005, 5.720872354426572, 5.721033399461778, 5.721113553777486, 5.721114591729124, 5.7211636432514625, 5.721177805003993, 5.721222667850498, 5.7212230237300465, 5.721229133148077, 5.721264946879002, 5.721265121331327, 5.721303209948952, 5.72133765855749, 5.721340505662742, 5.721340916658241, 5.721341047524402, 5.721341047536459, 5.721366583004372, 5.7213844949305495, 5.721401815557573, 5.721407267092065, 5.72140726709216, 5.7214190689692135, 5.721420060388563, 5.721423640661635, 5.721426440136117, 5.7214346842255805, 5.721435114228852, 5.721440897148783, 5.721442657496207, 5.721442693669415, 5.721442701212496, 5.721442845721918, 5.721448268524387, 5.7214483636233195, 5.721449339382463, 5.721449340375427, 5.7214494841435215, 5.72145050606684, 5.721450512024966, 5.721450559071753, 5.721451058840858, 5.721453918915373, 5.721453919610448, 5.72145597360825, 5.721455974095624, 5.721456118524679, 5.721457504591855, 5.721457541160503]",8.05,2.491906089642216,8.0,12.95,13.0,1.0,0.0,0.00041696799991768784,24000,0.3,0.99,epsilon_greedy,exp,0.6,0.9995,none,700,True
e1a,q_learning__5643bd2d__s42,q_learning,5643bd2d,42,15000,22.603530558000784,completed,71,2.4834451876375288,327261,"[-1.2095879778328715, -2.4433755253242646, -3.3094414423354896, -4.091807028234643, -4.322045653538898, -4.183093858308751, -4.043869663553912, -3.783569641217402, -3.5283811933084226, -3.296349282577562, -3.071667766903433, -2.9330973627542707, -2.7597885170391003, -2.5876449513750654, -2.4409462594434745, -2.3003326896171825, -2.2238520095187613, -2.1583430385911155, -2.0934342285156773, -2.012222464499488, -1.9468070618387947, -1.9090815767847578, -1.8725279719677035, -1.8267846271720332, -1.8007823265803184, -1.7826799123005168, -1.7693984798669313, -1.7384731311259154, -1.718509857669486, -1.6932404597460924, -1.6841542255627628, -1.6811931844914023, -1.6724670309879324, -1.6699170806417807, -1.6637417588811279, -1.6552828779161037, -1.6394345873199434, -1.624165806102509, -1.6203253759246181, -1.6178991676888188, -1.6061012396078411, -1.6060460913636865, -1.5970694125565588, -1.5829358779436657, -1.5715579123426473, -1.5690525026164583, -1.5602218110557369, -1.5541536524309043, -1.542866120977203, -1.5416493640322537, -1.5323304274652512, -1.5282664863653752, -1.5147435198983452, -1.5062064397848924, -1.5045356823857214, -1.5015968167376994, -1.498344358256238, -1.4980769039445876, -1.496924349738417, -1.4929669646812918, -1.492541694741036, -1.491783912295042, -1.4915024606158813, -1.4894859489903731, -1.4891034004732662, -1.488450168847586, -1.477507176765272, -1.4764076822578216, -1.4757833993819531, -1.4724566320265697, -1.472260450590372, -1.471940384728981, -1.4695252052860277, -1.4673731326259631, -1.4667939851413971, -1.4667735781781588, -1.463695012349773, -1.4628040809355654, -1.4626605913055128, -1.4625919522426705, -1.4625707437779274, -1.4623429052132935, -1.460724390644723, -1.4588539742799183, -1.4584347498855175, -1.4569116107171411, -1.4567242545626895, -1.4561725830914878, -1.4559441566472893, -1.454533438847669, -1.4542915511130412, -1.4535519564851327, -1.452949185382482, -1.4529426220997395, -1.4528083686171813, -1.4526149921362193, -1.4524852569658502, -1.452367328145796, -1.4520332469088288, -1.45196956222322, -1.4517962261467463, -1.4515292475275325, -1.4514891671745833, -1.4513881670043338, -1.451297815703257, -1.4510464444307272, -1.4509048282080919, -1.4506216358132813, -1.4503573157270517, -1.450354286259777, -1.4503331169583609, -1.450101782712974, -1.450029419562003, -1.4500094339546896, -1.4499931955150553, -1.449980263589704, -1.4499801323056567, -1.4499361274071638, -1.4499087208491708, -1.4498400480983986, -1.4497909520399865, -1.4497795590495648, -1.449754748887301, -1.4497397180824738, -1.4496822371902012, -1.449585631044672, -1.4495573459848856, -1.449547629844028, -1.4495396440666781, -1.4495038884828295, -1.4494874656468113, -1.4494721892389715, -1.4494408542833577, -1.4494351267192707, -1.4494334175963497, -1.4494247301138516, -1.449424730089311, -1.4494009261854786, -1.4494004642405833, -1.4493984097973773, -1.4493928914439758, -1.4493861822724967, -1.4493714504454533, -1.4493681308140043, -1.4493652428514818, -1.4493648455211101, -1.449360970818869, -1.4493595017032814, -1.4493459426852544, -1.4493402056647744]",8.05,2.491906089642216,8.0,12.95,13.0,1.0,0.0,0.0005091700000411947,24000,0.2,0.9,epsilon_greedy,exp,0.6,0.9995,none,1300,True
e1a,q_learning__5643bd2d__s43,q_learning,5643bd2d,43,15000,22.475279931999466,completed,17,3.9158140916034303,327885,"[-0.999245533624886, -2.332637032253328, -3.2913345811679053, -4.122749867819532, -4.2773868894073415, -3.9883375882771324, -3.8536546326811996, -3.7076474059132734, -3.3222066070270135, -3.0465828457573987, -2.8541290654210787, -2.6812912502972095, -2.427025606175853, -2.3135837682618647, -2.177566046644683, -2.077252251880739, -2.0291229176092767, -1.9340188045112718, -1.9001917279241425, -1.8664612245344345, -1.834183925778882, -1.8015814974499669, -1.7362368232867806, -1.6993386016749519, -1.6741539169097568, -1.6496751607306903, -1.629274536290086, -1.608403324384844, -1.5840572859668511, -1.5623587159680625, -1.5546157322124008, -1.5478948254861746, -1.5300362817905413, -1.5122894946173855, -1.502010076309948, -1.4843876579231805, -1.4583038614888217, -1.4423802117686548, -1.43557807797452, -1.4228582074523666, -1.4107489871204384, -1.4065947096745666, -1.40374591154766, -1.3926345038408499, -1.3919424632634414, -1.3869119526212912, -1.3858312011284444, -1.3692507147530162, -1.3670994371655047, -1.3611533856591373, -1.3462414752196332, -1.3435831957897346, -1.338374198417527, -1.3346819607112568, -1.3319672954513861, -1.331412161841524, -1.3290132177526999, -1.3280632053015655, -1.3234958665094356, -1.3228518365969604, -1.32139741679875, -1.3204955760355832, -1.3178142774377157, -1.3158572854868347, -1.3141259211097156, -1.3131501295179224, -1.3110079395280656, -1.3106308323470834, -1.3095742457694273, -1.3091271880114332, -1.3083790285564103, -1.3079914272295206, -1.3078022520872505, -1.3076251329531012, -1.3075454966680407, -1.3068872883480893, -1.306462035234117, -1.3057493345069957, -1.304639536094996, -1.3046293053213007, -1.3044159890159197, -1.3044101706864129, -1.3044097900222347, -1.3042514546782842, -1.303997899398695, -1.3038229527855412, -1.3038205383533372, -1.30360529452086, -1.3034995632109991, -1.303499542025443, -1.3033497479512381, -1.3033341736488653, -1.3031359314431883, -1.3031204036724457, -1.3031203568012513, -1.3030113080067804, -1.3026242094259988, -1.3026219764369482, -1.3026212434899973, -1.3024654228887655, -1.3024095278448717, -1.3023691969503404, -1.302239427878497, -1.3022274606619868, -1.3021733597108738, -1.302127611104846, -1.302030509648266, -1.3019887835590438, -1.3019318747770232, -1.3018946673798593, -1.3017910006843023, -1.3017528915626406, -1.3017255215994745, -1.3016849012736775, -1.3016754496113336, -1.3016233117474703, -1.30162018290454, -1.3015796831445912, -1.3015317940194857, -1.3015209905702505, -1.301511838130366, -1.3014625085145635, -1.301443288340684, -1.3014269985459694, -1.3014105176465713, -1.301398012322667, -1.301391743906414, -1.301391723165853, -1.3013727530325183, -1.3013724170104977, -1.3013677243453714, -1.301357082273602, -1.301356203632784, -1.301356051439194, -1.3013451803826073, -1.3013366525183396, -1.3013296886759784, -1.3013084420865826, -1.301302436955969, -1.301296935593569, -1.301294919142498, -1.3012896868006565, -1.3012877617932104, -1.3012870585502883, -1.3012843018287923, -1.3012819788095278, -1.3012808642257014, -1.301272656427004, -1.301272206497353, -1.3012720962760413]",8.05,2.491906089642216,8.0,12.95,13.0,1.0,0.0,0.0003932039900792006,24000,0.2,0.9,epsilon_greedy,exp,0.6,0.9995,none,2200,True
e1a,q_learning__5643bd2d__s44,q_learning,5643bd2d,44,15000,21.45707349500117,completed,45,3.440508683319953,327698,"[-0.9998794688031784, -2.213654593431357, -3.2074259630388666, -4.0769601069822565, -4.391880453056441, -4.411824393373351, -4.230282589047859, -3.9710611844612287, -3.6464104984268024, -3.410625150337969, -3.149567366927235, -3.0010741661781415, -2.86664406460807, -2.6571452138928504, -2.5376702793264467, -2.421672538568774, -2.2983117005675253, -2.18261934326311, -2.140483059076998, -2.057715849142123, -1.9983690118348798, -1.973138412901226, -1.92101351795218, -1.893183995700496, -1.860775498855267, -1.8406752994159066, -1.814362410348496, -1.8083092519777668, -1.7907705550615631, -1.7733776258831517, -1.7558384659449535, -1.7449836597814938, -1.724069986367602, -1.7114776054037766, -1.6997553006344068, -1.6917367137185324, -1.6760048943990873, -1.6710683867403313, -1.667725206479066, -1.664150196426648, -1.647881288974587, -1.64547293921155, -1.6132820457378858, -1.6058528969125097, -1.5923690610597285, -1.5859340387714442, -1.5811742698432, -1.579537604709126, -1.5746714822135874, -1.5653177235348397, -1.5650354707379348, -1.5629773075175364, -1.5623398876120134, -1.543037577948705, -1.5311082455175298, -1.5302938180043568, -1.5210863389711593, -1.5206778156460112, -1.5196959676579653, -1.508941407561316, -1.5078449718849305, -1.5039794407354603, -1.503624463259413, -1.4988680617971832, -1.4974907628176755, -1.495509972908222, -1.4914102971850638, -1.490682078052284, -1.4879464516711958, -1.4868615561557794, -1.4860273883681931, -1.484323815623685, -1.4769946455038165, -1.4744872893550691, -1.469293756829964, -1.468881544676409, -1.4686059735893595, -1.4683059170464854, -1.4670354387975155, -1.464133642344347, -1.4640023148383177, -1.4623653046095761, -1.4618082610979832, -1.460844769940504, -1.4600740187612695, -1.4594648432875443, -1.45840265523134, -1.457930320660801, -1.4577814179432032, -1.4572789966847408, -1.4569274207052865, -1.4565715379853692, -1.456217338875411, -1.4557280567075552, -1.4552569215704017, -1.455192533785526, -1.4550409475360442, -1.4550350803726064, -1.4536250650895457, -1.4535486355358986, -1.453512904520254, -1.4533522254720266, -1.4533215246449098, -1.452456513218788, -1.452410176264768, -1.4524013755198668, -1.4518436660324825, -1.451809958021075, -1.451696841196724, -1.4515774137563724, -1.4515590937945477, -1.4511647764368596, -1.4509288148037875, -1.450794042722571, -1.4507253567562184, -1.4506917455955783, -1.4506717430747318, -1.4504533497070793, -1.450285475066845, -1.450246371540109, -1.4502347415241956, -1.4501582131499222, -1.4500561463694204, -1.4500245377470051, -1.4500204019009155, -1.4498695855328598, -1.4498456600316916, -1.4498148303497371, -1.4497838905290967, -1.4497306943054358, -1.4496911033344062, -1.4496753959243078, -1.4496576745349492, -1.4495521174626802, -1.4495428384148898, -1.4495146720610632, -1.4495146718544956, -1.4494785293289756, -1.4494576322104331, -1.4494471476261537, -1.4494465082753478, -1.4494417994463142, -1.4494375380504543, -1.4494349642474187, -1.449419227842345, -1.449418477007434, -1.4494022782654459, -1.4493914957480352, -1.4493759445208048, -1.4493721492515548]",8.05,2.491906089642216,8.0,12.95,13.0,1.0,0.0,0.00040602900016892816,24000,0.2,0.9,epsilon_greedy,exp,0.6,0.9995,none,1500,True
e1a,q_learning__5643bd2d__s45,q_learning,5643bd2d,45,15000,21.32340589300111,completed,30,3.511965261787195,326493,"[-1.1109894068356396, -2.3095102964791874, -3.4012058560935654, -4.063196609967686, -4.297327217012019, -4.098394295574025, -3.835209894932334, -3.670518615205672, -3.4003174799497327, -3.19008369133724, -2.9794271223925, -2.856214462779265, -2.7070968144035894, -2.606130638349619, -2.504165421071534, -2.389621018984168, -2.339592132887883, -2.2829245414140162, -2.215728458473356, -2.168782327716783, -2.1440118218525983, -2.1079643436608464, -2.0405443121652254, -1.992927030213978, -1.9713374521131306, -1.9242127050266236, -1.9107570640779425, -1.8862337545734966, -1.8417160997868283, -1.797873835626732, -1.796623779193353, -1.7708821501090417, -1.7637109212147317, -1.7450121301018555, -1.7314374549067402, -1.7271351510786805, -1.7054964451120744, -1.695331945332758, -1.6795626262265686, -1.6733603730549071, -1.6669970190793955, -1.65591184986047, -1.653428701597524, -1.6491854942812916, -1.6435856201419896, -1.6385342457418755, -1.6340584492666115, -1.6238576716499533, -1.6222184974916953, -1.6125648330748912, -1.6077846172243215, -1.5988157840206456, -1.5952723318271422, -1.5914493892667065, -1.5900177066112324, -1.5857138029009805, -1.583667816183231, -1.5836252591168325, -1.5807864334034845, -1.5807562884905677, -1.5801804980866379, -1.5792372259119756, -1.5778130819967287, -1.577810904970605, -1.576895505192954, -1.575695316154717, -1.5751863937298585, -1.5745624761378123, -1.5736534714092103, -1.5729283979152255, -1.5718111387356568, -1.5713387689429825, -1.5702664477559707, -1.569324861242291, -1.568600974680617, -1.568032824176545, -1.5676193748584066, -1.566769338117728, -1.5665281007703584, -1.566336111858039, -1.5662385805712935, -1.5658193331121466, -1.565247753716365, -1.5650976714779288, -1.5642450388705273, -1.5640758349829664, -1.5638702036814232, -1.5636194657542977, -1.563159112471737, -1.5631457073536152, -1.562669139226217, -1.5624240702751322, -1.5624153428061007, -1.5616280233997195, -1.5615346237522536, -1.5610745701337014, -1.5608104656198856, -1.5601749663906468, -1.5597935732956463, -1.5597798149356696, -1.559749442214388, -1.5596930319642017, -1.5594194537965536, -1.5591964031246617, -1.5588384088559812, -1.558801442903678, -1.5587709591889274, -1.5585822795160327, -1.5585108897439626, -1.5582759494454226, -1.558226998258115, -1.5581654449574736, -1.558134462091362, -1.558059422144308, -1.5579796535037072, -1.5579796451975403, -1.5579344783207076, -1.5578984613342626, -1.5578806308988118, -1.5578540773354186, -1.5577928335790696, -1.5577364188340903, -1.5577093037321954, -1.557695911385082, -1.5576930490694134, -1.5576634595444494, -1.557652004870279, -1.557652002811299, -1.5576392961411163, -1.5576392960748386, -1.557621817808998, -1.557617672506706, -1.5575756192481562, -1.557538407113317, -1.5575192258376471, -1.557492979845926, -1.5574915646946903, -1.557451356151762, -1.5574466896588055, -1.557439784209736, -1.5574350498246872, -1.557418493897269, -1.557390329168671, -1.5573671882776918, -1.5573654901335845, -1.5573621362937806, -1.5573463764663116, -1.5573359360383128, -1.5573351862969085, -1.557314728587719]",8.05,2.491906089642216,8.0,12.95,13.0,1.0,0.0,0.0006832579998990695,24000,0.2,0.9,epsilon_greedy,exp,0.6,0.9995,none,1400,True
e1a,q_learning__5643bd2d__s46,q_learning,5643bd2d,46,15000,22.01953179299926,completed,12,3.480387909414697,329886,"[-1.021875937257566, -2.3437485903938087, -3.344277978622599, -3.916411494354576, -4.2753732940904445, -4.256208527616119, -4.2466126277123255, -3.902880639492269, -3.624747517947621, -3.393750217227208, -3.1986487305315143, -2.9712205038531883, -2.6618708235309096, -2.4491971690329195, -2.344409998788548, -2.204288664169175, -2.1267224809413388, -2.091537251297339, -2.045360688149581, -1.9785351742453083, -1.9526237660125618, -1.9132751302892992, -1.8905189410370278, -1.879941861214914, -1.860602977678977, -1.8400980919220729, -1.7992805892653092, -1.7801528914793014, -1.7435518883933117, -1.735301344998843, -1.718221694650364, -1.7017455333396494, -1.6967159379469585, -1.696412923318366, -1.6806157643349815, -1.6715555184189452, -1.6672010136291533, -1.663533018221028, -1.6572361750961915, -1.6526544150124627, -1.6489558192120048, -1.6452712896645918, -1.6306989645271512, -1.6306061329396682, -1.6280427725234046, -1.617818876314107, -1.6143660018968211, -1.613892675912276, -1.6048946203502958, -1.5988092837251604, -1.5914088501353476, -1.585436229200757, -1.5761501048718602, -1.5711838499222421, -1.5668659966865235, -1.5616858422296955, -1.5563764248738008, -1.5556324971581899, -1.5546362502231201, -1.5514157830139803, -1.5498767060031433, -1.5467824232587357, -1.5452446733089276, -1.5452312890141369, -1.5446084141964966, -1.5443801173162097, -1.544096860572554, -1.5425692563748776, -1.5417738582403104, -1.540597251925402, -1.53993279316816, -1.5396155866494274, -1.5381249372406205, -1.5375902950201876, -1.5371475187969579, -1.536218888983491, -1.5348937915863796, -1.5346318162109198, -1.534196318022265, -1.5341457743811555, -1.5339910759925572, -1.5337970395345633, -1.5334679721390587, -1.532718674997079, -1.5325779883493245, -1.5319211187852093, -1.5318071925133299, -1.5315711977165252, -1.5315248656764446, -1.531446231678099, -1.5313964951095334, -1.531162355097513, -1.5311622186035503, -1.5309519843365316, -1.5309087422700876, -1.530857427372505, -1.530669020311027, -1.5304858358175646, -1.5304332420582694, -1.530395106516081, -1.5301268232533802, -1.5301264763831184, -1.5300259466616266, -1.5299456605053954, -1.529815796031296, -1.5297910327299953, -1.5297725467508558, -1.5297617691011678, -1.5296340707227978, -1.5296199865262698, -1.5296089527373866, -1.529475972180016, -1.5294305433346664, -1.5293706250982766, -1.5293694910346707, -1.5293461798386798, -1.5292940402110575, -1.5292608270027752, -1.5292357178685358, -1.529223078954432, -1.52921836900963, -1.5292060578068962, -1.5292060494908453, -1.5292017152373125, -1.5291435869065586, -1.5291254914460317, -1.5291200541639571, -1.5291192702209184, -1.5291150070430366, -1.5291099681478708, -1.529104573630196, -1.5290825988880739, -1.5290822031919495, -1.5290744503528153, -1.529074165965858, -1.529055787853607, -1.5290540749341983, -1.5290319490955064, -1.5290310583546185, -1.5290234956585045, -1.529014325022621, -1.529010376952435, -1.529008605998299, -1.529008123406864, -1.5290077421691295, -1.5290017224989232, -1.5289964637286786, -1.5289908399354377, -1.528990484893432, -1.5289860778448554]",8.05,2.491906089642216,8.0,12.95,13.0,1.0,0.0,0.00045596900001328324,24000,0.2,0.9,epsilon_greedy,exp,0.6,0.9995,none,1400,True
e1a,q_learning__5643bd2d__s47,q_learning,5643bd2d,47,15000,21.504571996998493,completed,13,2.5423611073173693,327788,"[-1.1901037858417391, -2.6051861657639956, -3.410337643313759, -4.042200310854974, -4.307138203062285, -4.440279964839255, -4.082606219332141, -3.831260125310308, -3.5823482125666453, -3.3619565064587977, -3.124022087312656, -2.92992488812111, -2.7578744078248674, -2.6280351006214193, -2.477492296218631, -2.3433893876575635, -2.2138071443996457, -2.188071656734592, -2.1420172315442065, -2.0892553752966085, -2.080675469340748, -2.051036664772503, -2.013900277897163, -1.9940587830794685, -1.9685558163288843, -1.9316165860539352, -1.9143735937667279, -1.8988090710413514, -1.8865733094432995, -1.8759595911251064, -1.8650774292594503, -1.8582111002058985, -1.843879301636627, -1.8323724268246266, -1.8239803051778822, -1.8232894012907293, -1.8163809150013321, -1.813689297842557, -1.8031123081613225, -1.7899684593745517, -1.789499666288966, -1.781510528863261, -1.781408828773352, -1.7787634507448886, -1.7713432277631915, -1.7618236080070133, -1.754551761499864, -1.7509117562646883, -1.748755774758011, -1.746129069122677, -1.742438693690836, -1.7404957954874083, -1.7387832467723012, -1.736118666284946, -1.7352299008877572, -1.7327913502620143, -1.7323890695138426, -1.731360488425298, -1.730224707850846, -1.728898168832624, -1.728879546462539, -1.7252482207498285, -1.7239932764733517, -1.721392311460844, -1.7208601536761967, -1.719244903374244, -1.7177406992477282, -1.716894414365821, -1.7166706608497802, -1.7165776679952203, -1.7161229724391505, -1.7138496914618007, -1.713693775531725, -1.713293346967937, -1.7129498537650762, -1.7118906719936031, -1.7116739105197747, -1.71108706224253, -1.7108151570682604, -1.7106661896884743, -1.709477134537585, -1.709476991070435, -1.7094331251862187, -1.7092670480595582, -1.7090435073612278, -1.7086529994781856, -1.7084084572944802, -1.708284032915769, -1.7082335217693478, -1.7080675843753046, -1.7079880973716874, -1.7079299509894745, -1.707787933340725, -1.7074514846159177, -1.707441041905659, -1.7072610677792797, -1.7071871367627802, -1.7071614749650617, -1.706971288557159, -1.706959895470901, -1.7069369748637206, -1.7067303809513565, -1.7065372655156223, -1.7064846756608814, -1.7063625008680283, -1.7063141755743247, -1.7062778225534074, -1.7062759204670488, -1.706231746971103, -1.706112526100789, -1.7060973536963566, -1.7060973534620334, -1.7060922291958307, -1.7060656871633055, -1.705943849818365, -1.7058508211486894, -1.705850021596319, -1.7058493799354284, -1.705807256786801, -1.7057710118966711, -1.705726972106851, -1.7057269712916314, -1.705696043413025, -1.7056948291829077, -1.705658630063467, -1.7056413406282336, -1.7055878753543334, -1.705582460255274, -1.705582459945114, -1.705533892879291, -1.7055280100194365, -1.7055136083435458, -1.7055092620042804, -1.7055022202010026, -1.7054885137405937, -1.7054796597275577, -1.7054396672803271, -1.7054370221567854, -1.7054349645126365, -1.7054017389414187, -1.7053995135764377, -1.7053988136454, -1.7053930872697018, -1.7053837327661985, -1.7053791618733953, -1.705377250169343, -1.7053742848373057, -1.7053732120319087, -1.7053709940591373, -1.7053657144169985]",8.05,2.491906089642216,8.0,12.95,13.0,1.0,0.0,0.000486088000016025,24000,0.2,0.9,epsilon_greedy,exp,0.6,0.9995,none,1400,True
e1a,q_learning__5643bd2d__s48,q_learning,5643bd2d,48,15000,21.64008380499945,completed,1,3.5341052615902653,329495,"[-1.0421544955838555, -2.4070357645107503, -3.4766873716536537, -4.219908528461041, -4.5969575177702815, -4.559188050701902, -4.321581485832422, -4.027277525540779, -3.6884782836146752, -3.43501573552997, -3.28796457016994, -3.154159374790891, -2.9688100930207217, -2.8057835397174795, -2.6901193861852386, -2.6013246493615636, -2.522489529214142, -2.4593082524921552, -2.360764879945655, -2.318286241369296, -2.286924954514019, -2.241332495547374, -2.2064376953108638, -2.1727037896074477, -2.147427792593972, -2.126233761939122, -2.1229049627716066, -2.107619005343106, -2.0822171278182844, -2.074734245326473, -2.0654932739665828, -2.0520564961177366, -2.038781262973974, -2.0227030398681007, -2.0104974559110937, -2.0029180493912344, -1.995720173209861, -1.9804532477292274, -1.9797329985963084, -1.9746664992660043, -1.9680686813952655, -1.964917233180327, -1.9577393253695377, -1.9567070752739208, -1.951868678481085, -1.9473696587322344, -1.9440704290309772, -1.9421411373035906, -1.9390631806641874, -1.9364192191467413, -1.931900275621844, -1.9310848440249024, -1.9254319714528338, -1.9231989394350029, -1.921933241151335, -1.9203324800337842, -1.9189183888976162, -1.9180383026382208, -1.9167745012051876, -1.9159412381732692, -1.9152722786102854, -1.9131997930555993, -1.9130457400776752, -1.911990922559459, -1.9110613038487758, -1.909931366400856, -1.909370214264297, -1.9087935881138973, -1.908343242299305, -1.9069071949442744, -1.9066539769761792, -1.9066445423833154, -1.9064933642850004, -1.9063170356107333, -1.9062894150199032, -1.905827917851866, -1.9054068739458985, -1.9051294043774931, -1.9049055830553487, -1.9046187217121078, -1.904530820812109, -1.9042783583193994, -1.9041883825318953, -1.9040644029253306, -1.903925222551429, -1.9038994192787007, -1.9036387340161582, -1.9036149057567269, -1.9035432327226474, -1.9031137360783297, -1.9029330857458175, -1.9028955305824578, -1.9027099339867073, -1.9026507472142007, -1.902587408257575, -1.9025488401746815, -1.9022948708297471, -1.902251726231886, -1.9022386317436093, -1.9022347303240228, -1.9020822982595973, -1.9020653570508705, -1.902052827735986, -1.9020267580292205, -1.9020209591106405, -1.901943427002283, -1.9017947932819261, -1.9017843079368295, -1.901781125670961, -1.9017810937770343, -1.90173452604189, -1.9017312518084637, -1.9017200436314208, -1.9017066591609963, -1.9016661787676057, -1.901666178660187, -1.9014916701099212, -1.9014595425482184, -1.9014593421589463, -1.9014536715692285, -1.9014459434745965, -1.9014457651645778, -1.9013621813662573, -1.901332928814804, -1.9013307526875947, -1.9012871106719829, -1.901268751664881, -1.9012532539167728, -1.901253248677808, -1.9012531830320805, -1.9012509031748763, -1.9012487191872602, -1.9012333385869646, -1.9012302264927876, -1.9012189008180862, -1.901216725658847, -1.9012146251687105, -1.9012067039729612, -1.9012052664919388, -1.9011981234205675, -1.9011973609830084, -1.9011924515088012, -1.9011912423876574, -1.901190768900431, -1.9011906236412572, -1.9011906236384846, -1.9011904508719568, -1.9011680908374822, -1.9011632171023536, -1.9011632164046128]",8.05,2.491906089642216,8.0,12.95,13.0,1.0,0.0,0.0004610569999567815,24000,0.2,0.9,epsilon_greedy,exp,0.6,0.9995,none,900,True
e1a,q_learning__5643bd2d__s49,q_learning,5643bd2d,49,15000,22.545119120999516,completed,52,3.2011716605018234,331126,"[-1.2926404974088987, -2.4390225761638322, -3.352285237683823, -4.166241821804584, -4.584558538287461, -4.9180896328493535, -4.828774697667959, -4.550253023042802, -4.190623684372353, -3.892997297075125, -3.676471751626041, -3.5264269020390504, -3.3497607778123593, -3.211240434223552, -3.040839833560113, -2.9319899374130243, -2.7949515793051445, -2.6939275109891225, -2.5845494615956373, -2.555378912591745, -2.4906952075425854, -2.4335449552960156, -2.405039516698353, -2.3059231326485636, -2.2704098091026768, -2.247045830187176, -2.210077864963183, -2.181534280458775, -2.171187758731114, -2.155466725735853, -2.136435069457738, -2.1172107309447625, -2.1119190736940623, -2.098557341773874, -2.09162795675751, -2.083958223555464, -2.0756280064494077, -2.0669196008540704, -2.0598837486251385, -2.052846332832502, -2.0489266921980547, -2.0443841173449324, -2.0408086781494728, -2.0329030651498003, -2.020153088221282, -2.0099944845346593, -2.0070971647112947, -2.0048700384144236, -2.0044988188418618, -2.0024718330180638, -1.9983710121228755, -1.9930780066890705, -1.9907561002638132, -1.9900770492711952, -1.9886123138840428, -1.9875565275072258, -1.987044106693711, -1.98655538957473, -1.985490829457096, -1.9850229700297477, -1.9846383724359467, -1.983234051581989, -1.9828795241656827, -1.982365802147214, -1.9816483430890366, -1.9811670924626432, -1.9808285906788112, -1.9799265985047512, -1.9777236491207342, -1.977159737711276, -1.976794426528403, -1.9757563332854537, -1.9757160835500034, -1.9754719113876507, -1.974564415962745, -1.974257203034395, -1.9741349888681383, -1.973560554396662, -1.9730143768627773, -1.9729150139263725, -1.9727606135877684, -1.9727591359684773, -1.9726785967140414, -1.972610375289526, -1.9725718749067422, -1.9722829981282721, -1.9722312241315438, -1.97200367474114, -1.9718523155418655, -1.9718452338617978, -1.9715540092735107, -1.9713577048393283, -1.9713239391860933, -1.9711239671206477, -1.9710875669116859, -1.970919767370436, -1.970874373025329, -1.970823136921049, -1.9708051318489404, -1.9707961987451792, -1.9706729239127088, -1.970667374173523, -1.9706620128339098, -1.9706603454144587, -1.970648118980386, -1.9705690523556718, -1.9705610240137643, -1.9705243906084975, -1.9704685459969762, -1.9704645907239566, -1.97042455416152, -1.9703812473108366, -1.9703323132717852, -1.9703284672469883, -1.9703213662968044, -1.9703101366494264, -1.9702618409726769, -1.970242357693776, -1.970236821679914, -1.970229227912722, -1.9701782301145658, -1.9701635398668385, -1.9701609742118906, -1.9701375489072797, -1.9701229354916505, -1.9701159101784627, -1.970109803800937, -1.970096432339272, -1.9700958741156545, -1.9700893167394276, -1.9700715902375199, -1.9700510268141012, -1.9700420499285483, -1.970037038344921, -1.970026524559017, -1.9700233559208165, -1.9700230824231015, -1.9700169729188273, -1.970015442562725, -1.9700154056945858, -1.9700127645760674, -1.9700116166051742, -1.970010750720442, -1.9700106275081788, -1.9700096775209621, -1.9700095357076857, -1.9700066934882985, -1.9700048708371642, -1.970003216397888, -1.9700023778464393]",8.05,2.491906089642216,8.0,12.95,13.0,1.0,0.0,0.0004055730100299115,24000,0.2,0.9,epsilon_greedy,exp,0.6,0.9995,none,1400,True
e1a,q_learning__5643bd2d__s50,q_learning,5643bd2d,50,15000,24.085825043999648,completed,17,2.658947160061666,329660,"[-1.0783225153731038, -2.318374310898117, -3.3605204330132405, -4.070966582511203, -4.553314877218785, -4.606750716917473, -4.4310768052174145, -4.089968856709587, -3.8628579192796115, -3.680838273092395, -3.497958391341245, -3.2711932050651584, -3.179993226117068, -2.993832980569481, -2.844191368646265, -2.684861533414775, -2.619107457911426, -2.5237414118964296, -2.470781721009878, -2.404990614912309, -2.347353023873537, -2.2981867712793247, -2.2665535870262974, -2.214337276518532, -2.15563335628504, -2.109923334999426, -2.0844848437477053, -2.049608714904122, -2.0379607790458913, -2.0147188832403895, -2.0112015911252485, -2.0036779555657933, -1.9812949263918962, -1.9715791940730476, -1.9674623380915321, -1.9564396231525294, -1.9558234818272628, -1.9490179238376422, -1.9308248189189297, -1.9214136652974887, -1.9112259190225345, -1.9094897101828485, -1.900728165703696, -1.8882089773559543, -1.881860565155843, -1.8770512659507335, -1.8630339519978802, -1.8541680842163606, -1.8530863513950426, -1.8480376547832806, -1.842641496584321, -1.8407679370401104, -1.8376803211137986, -1.8354692677565627, -1.8334839482974248, -1.829347012065848, -1.8244526666669751, -1.824097818801807, -1.8184269835973683, -1.8170463083632653, -1.813952425685949, -1.8127783004886948, -1.812425401068897, -1.8107023862198381, -1.8085593241531164, -1.807144711041078, -1.8071413723019096, -1.8064784344650726, -1.8058351290707229, -1.805207745952644, -1.8046912612896955, -1.8040106034754886, -1.8026717028578276, -1.8016605865632525, -1.8011432112179733, -1.800912762551689, -1.8007314394616403, -1.8004002845223543, -1.8002930600862521, -1.7996575148997607, -1.7993218773028465, -1.79837709729507, -1.7983766197734754, -1.7979533977256241, -1.7973867441894429, -1.7971406172380189, -1.7971249052666503, -1.7970068763705325, -1.7963924511819762, -1.7963222730965929, -1.796322195254033, -1.7960305620400598, -1.795879819818711, -1.7957271002359185, -1.7956911058916276, -1.7954484480883788, -1.7953292031877317, -1.7952588085300225, -1.7950842231788573, -1.7950038957976426, -1.7949916537814177, -1.7948940626754424, -1.794744565044187, -1.794676829575184, -1.7945569689187024, -1.7944924689306077, -1.794344405420272, -1.7942842121068823, -1.794231811948517, -1.7942200738733542, -1.794180857300489, -1.794151837985978, -1.7941305900279965, -1.7940699229606636, -1.793991870576048, -1.7939738162267063, -1.7939466941928577, -1.7939139216422988, -1.793883247324359, -1.7938733218308702, -1.7938617064505964, -1.793826124978025, -1.793805921730861, -1.7937957168190715, -1.7937941373556128, -1.7937878824151376, -1.7937818603444535, -1.7937717394540547, -1.7937707313062659, -1.7937648954465373, -1.793762880053126, -1.7937594662086598, -1.7937588209833975, -1.7937537717968224, -1.793746967717383, -1.79374265492245, -1.7937420357433913, -1.7937384377482324, -1.7937360953910402, -1.7937311967095642, -1.7937308461450043, -1.7937296416200579, -1.7937289213040681, -1.7937279320054258, -1.793726706799805, -1.7937252888273314, -1.79372477626251, -1.7937245751704034, -1.7937238492356244, -1.7937231502062554]",8.05,2.491906089642216,8.0,12.95,13.0,1.0,0.0,0.00032966400000077555,24000,0.2,0.9,epsilon_greedy,exp,0.6,0.9995,none,1500,True
e1a,q_learning__5643bd2d__s51,q_learning,5643bd2d,51,15000,24.336208945998806,completed,9,2.679906714794379,327118,"[-1.187889324351507, -2.300879584232152, -3.299783915866288, -3.943395180931594, -4.287873821035518, -4.334860887997794, -4.257741736191539, -4.065480940303584, -3.8010706064700526, -3.6198974333081178, -3.3940888484591523, -3.167327755018056, -3.0072966044053318, -2.8449527921200337, -2.7436392746079465, -2.6429507270418897, -2.539208726137007, -2.4718585771565977, -2.4198664406945016, -2.3739928833651915, -2.3369889628041793, -2.2513299957274513, -2.214672846199298, -2.1819329626596384, -2.1555613404294047, -2.1280340239032958, -2.121643828801267, -2.095749096882354, -2.074907518190653, -2.0533008819849514, -2.0429974017043824, -2.027169300301129, -2.0205969038600857, -1.9899748353374787, -1.9828026263611764, -1.9651084331447377, -1.9490860421107783, -1.9398687326835244, -1.926949671150203, -1.9145629726642117, -1.9089546684081882, -1.9054647923449128, -1.9029064046233282, -1.893809108002625, -1.892029913320557, -1.8907843940102316, -1.8897410619226638, -1.8837888144105608, -1.88153921877861, -1.8720953012671169, -1.8683191429740866, -1.8678306237824802, -1.864997361613147, -1.8614396464333136, -1.8606658677212569, -1.8579028391337877, -1.8533820852708656, -1.8502985220836585, -1.8439420946213672, -1.8431264330479409, -1.8427200286921943, -1.8372335424531079, -1.8349247758737128, -1.8338070097628334, -1.8334340921803978, -1.8323407127787439, -1.830395466416543, -1.8272433818234814, -1.8261075530277295, -1.8259707007842942, -1.825925945040783, -1.8252822295175446, -1.8248124510416146, -1.8244240962642235, -1.8243186571338883, -1.8242899283159462, -1.8236051412794787, -1.8235261185944072, -1.8227023973480028, -1.821909389502997, -1.820815600132027, -1.8203892803189912, -1.8199231314041637, -1.8198895426155537, -1.8198603415913697, -1.819360062471572, -1.8192397697299503, -1.8192028487596308, -1.8187152871630192, -1.8187031776781846, -1.8185691574093183, -1.8180396868213857, -1.8179863566562904, -1.8174575303593163, -1.8174375952673592, -1.8168185789121518, -1.816747535286248, -1.8167272252680486, -1.8165480248267332, -1.8165443035533604, -1.8165246276175753, -1.816289889134852, -1.8161977813021772, -1.8160499998401876, -1.816039429906628, -1.816012903151307, -1.815643819631324, -1.8155999024521852, -1.8155001237092383, -1.8154304893756539, -1.8153340473387911, -1.8151939857343768, -1.8151750452054156, -1.8150924660433592, -1.8150205188004138, -1.81497782635486, -1.8149729321647312, -1.8149118532535078, -1.8148688430073887, -1.8148557679402977, -1.8147571932519182, -1.8147185164428703, -1.8147183339442934, -1.8146823886348455, -1.8146459878455048, -1.8146303450151995, -1.8145754262883316, -1.8145543643806945, -1.814545879484488, -1.8144965996638427, -1.81447610418375, -1.8144624675628678, -1.8144523630155305, -1.8144521509571594, -1.814439918425138, -1.8144390786043545, -1.8144161260325928, -1.8144075766654484, -1.8144005054584886, -1.814386412576997, -1.8143814498543624, -1.814368725402388, -1.8143680290750308, -1.814367457292233, -1.814363685299641, -1.814355064287298, -1.8143538178551522, -1.814352857541681, -1.8143514803529868, -1.8143435414214493]",8.05,2.491906089642216,8.0,12.95,13.0,1.0,0.0,0.0005064340000171797,24000,0.2,0.9,epsilon_greedy,exp,0.6,0.9995,none,2200,True
e1a,q_learning__579b844b__s42,q_learning,579b844b,42,15000,22.784803909000402,completed,68,3.3752629527193876,353497,"[-0.730112827651426, -1.5621126369492424, -2.3581072648436447, -3.051771047397888, -3.720428457944081, -4.251633865253991, -4.7303280761065, -5.10704752137993, -5.100434512487705, -4.968149981940954, -4.613913428639568, -4.213580550480289, -3.9350635799983484, -3.5342269802046355, -3.219913485262609, -2.985986648416941, -2.620907185491594, -2.2792398083523127, -1.9760502166486589, -1.6439576802949167, -1.2758147925078815, -0.9801193088653849, -0.7030496632981184, -0.40441520211315235, 0.009627723470096387, 0.37582335872227535, 0.621084204634416, 0.89074600185728, 1.1149530253057194, 1.316942445158509, 1.5046035260444985, 1.7722129647004394, 1.99233439644144, 2.2140004561021644, 2.3120424536190924, 2.511688587934796, 2.6591992942042806, 2.8329728327258006, 2.9474180661927227, 3.129551441521672, 3.248119613315833, 3.429721990978829, 3.52192873696229, 3.572050429348894, 3.6491910505330396, 3.709550880859448, 3.8105144805076296, 3.8702314060587097, 4.034460725464389, 4.174710744980155, 4.254400625713742, 4.28765553504538, 4.324187744129229, 4.37939136090842, 4.414719947410477, 4.420891424584025, 4.476444446888882, 4.514692075133992, 4.591445488401313, 4.685493329323686, 4.725668390551669, 4.7552391590475205, 4.783685467540204, 4.81364983261598, 4.870575457287917, 4.934037403884934, 4.962588948882596, 5.008644115067074, 5.025923928246739, 5.116410659656551, 5.155176294357336, 5.1884966382688615, 5.208269877006731, 5.240361839717838, 5.2632413766637836, 5.2796839892279985, 5.301579018468915, 5.3206024326757495, 5.3819876423316515, 5.411370502325515, 5.426090225430403, 5.434507798790701, 5.461173448186253, 5.4777837607694835, 5.500111237025122, 5.534337127952176, 5.563642368997895, 5.583600529708312, 5.597957727878666, 5.63672088647166, 5.6539210629934065, 5.675284672526909, 5.70730446875934, 5.738122837769281, 5.741548149131049, 5.7523158348882815, 5.767986654767651, 5.771360683228481, 5.7852590718106445, 5.796433232577913, 5.807878637970421, 5.816912276006705, 5.827784633746483, 5.828196494750331, 5.840122557748824, 5.856125149194422, 5.872256388150325, 5.884318108742976, 5.891759167335011, 5.897666498600544, 5.9075513875726795, 5.925695758144427, 5.93100501318068, 5.934969222432204, 5.946489428225152, 5.95746686418806, 5.960655217277834, 5.962556193374799, 5.96541477685289, 5.9678334055334235, 5.974377322559495, 5.977534462857948, 5.984258472515455, 5.989206857955387, 5.989228972587004, 5.990590125934698, 5.996468504324156, 6.004927148459739, 6.01367907214502, 6.014960303391931, 6.018968087386173, 6.027110632934722, 6.031757402830155, 6.032946774953441, 6.041461720656709, 6.044796785236228, 6.051561059013201, 6.051765499491868, 6.054140869092691, 6.057716199314251, 6.062910730750504, 6.06482979682993, 6.066393309671833, 6.068695176345463, 6.071606280368623, 6.075644850912918, 6.07577714807733, 6.080188570780821, 6.081565848418914, 6.085170474555207]",8.05,2.491906089642216,8.0,12.95,13.0,1.0,0.0,0.0003263830000651069,24000,0.1,0.99,epsilon_greedy,exp,0.6,0.9995,none,2600,True
e1a,q_learning__579b844b__s43,q_learning,579b844b,43,15000,22.828597453999464,completed,17,3.2052924983533098,353013,"[-0.5716819260578572, -1.3650605818231307, -2.120146399470245, -2.948433407338204, -3.5040973924101064, -4.132285004584556, -4.577090762907413, -4.901246112918244, -5.031483081936894, -4.806833770682274, -4.410060061502282, -3.8540009324199485, -3.317873424292743, -3.03617392257172, -2.7280681569700405, -2.3538541356769476, -1.949435677893383, -1.6656442188555511, -1.1600661877586096, -0.9144844272435846, -0.5289845533343426, -0.19278599053370252, 0.023239839727901255, 0.2675495026433558, 0.5446130392959143, 0.8326246001974681, 1.0516307248972074, 1.2769461820277141, 1.4756186033514296, 1.7686166448490381, 2.007352847559024, 2.2224204123648392, 2.4029390535264783, 2.626108399126022, 2.7749710971313726, 3.019130784385242, 3.1850964199487346, 3.3257653161878964, 3.3997731363115262, 3.5508725079265044, 3.628453373759986, 3.695089755275759, 3.7940501842772134, 3.892819236029521, 4.012618521457072, 4.1146234262956565, 4.193387433695305, 4.335142809781242, 4.413970122558377, 4.469598287663625, 4.538894207756131, 4.6832315832443685, 4.716266979778328, 4.751622659822417, 4.795460724203838, 4.838325593058907, 4.8846683597305605, 4.920659399449372, 4.972663214997459, 5.029701623211365, 5.072588804980628, 5.102508731942134, 5.114819641461763, 5.203728187231259, 5.217209687668334, 5.243961314579901, 5.298996383248807, 5.3556350375875015, 5.416979630595625, 5.456746388347427, 5.482965342913292, 5.494099312765281, 5.518358885275343, 5.563901050707532, 5.5793796577362365, 5.6090462730953226, 5.641150981261461, 5.658421313970402, 5.672172913588034, 5.686816285253837, 5.692658724784778, 5.7114149947654225, 5.727359706461253, 5.735946830109929, 5.754251421076829, 5.760308519815763, 5.772932164032138, 5.780339140429643, 5.795621716172095, 5.812091597000351, 5.828373964508752, 5.844037421207779, 5.8595229504858315, 5.876356058604065, 5.88799730766621, 5.904460871010943, 5.912228189043173, 5.916087047928928, 5.916172575367313, 5.927907525606433, 5.942519147813593, 5.9637029065382, 5.978143817510241, 5.9881631853929465, 5.999194174395011, 6.004516517550412, 6.017065294713465, 6.030651311270266, 6.047208023855874, 6.06120871646317, 6.064992436467873, 6.066377532469151, 6.075311366431151, 6.083404048332995, 6.097482695121422, 6.10465169145917, 6.121771169081953, 6.132774343524757, 6.134132952163909, 6.140719709323775, 6.142576407829531, 6.143902734689144, 6.155031019268871, 6.15864217120706, 6.164516674787521, 6.1646499993348405, 6.164665980218186, 6.164764270664187, 6.168346413470574, 6.172094298634658, 6.176891371998491, 6.178129488130467, 6.184262159675827, 6.18946666508223, 6.192883256805606, 6.194148673737006, 6.194756408895618, 6.196734265587178, 6.198444134960716, 6.199714422725139, 6.201532820634137, 6.2071030718648315, 6.212005221585149, 6.2167140535979275, 6.217768258249206, 6.2191803116228455, 6.220890443738695, 6.221869367917127, 6.226066023594525, 6.229727508174246]",8.05,2.491906089642216,8.0,12.95,13.0,1.0,0.0,0.00029679999992367813,24000,0.1,0.99,epsilon_greedy,exp,0.6,0.9995,none,2800,True
e1a,q_learning__579b844b__s44,q_learning,579b844b,44,15000,23.99892178600021,completed,45,3.8368085696317973,357523,"[-0.576759170129345, -1.4391871705307488, -2.169567317700868, -3.0247376540422684, -3.790743672409363, -4.381137188369309, -4.8938771234357175, -4.991677253889097, -5.045301732955395, -4.855891510498468, -4.5392488060847676, -4.167564497214822, -3.8783586313983984, -3.4996781516442157, -3.255118526719718, -2.84793002013419, -2.5769597916229183, -2.164735598754957, -1.9127092852675511, -1.6495725361087312, -1.2368779606890676, -0.9808303287689085, -0.7581833925166712, -0.4438790299868773, -0.1779430608588219, 0.1724672559178781, 0.4865895509203178, 0.743008697635576, 0.9407670303060277, 1.1310104357969684, 1.313443257612576, 1.528502297278489, 1.741098129184814, 1.9022018296720882, 2.156536400742583, 2.417501084564149, 2.6027818866602463, 2.741316404949574, 2.906042343304641, 3.026711089120525, 3.107755348192126, 3.219623802713106, 3.3430225946809755, 3.4500734647998863, 3.5783437654744783, 3.6795828300949256, 3.782352915313072, 3.9356604871482195, 4.009890476213481, 4.0938488384139875, 4.178066182239295, 4.235206498195324, 4.299211199625814, 4.384007247317736, 4.429765288701398, 4.46727210782112, 4.528756490696582, 4.605307600213752, 4.6959147443075615, 4.7426910249907674, 4.83934899549085, 4.879764990694045, 4.90964309404927, 5.0023665969712745, 5.033922963308544, 5.111658031355913, 5.162443950475039, 5.2274903008325815, 5.295946109542383, 5.342272427675748, 5.371362792521706, 5.385326907426536, 5.450365387970316, 5.486461475780989, 5.505184301423776, 5.524678967354416, 5.5391314825309514, 5.551189821260056, 5.56504800966336, 5.614797501623527, 5.64700505128178, 5.6613470350787445, 5.668444520500375, 5.688738372356513, 5.70307354945318, 5.7239790055405075, 5.7499962056577765, 5.7575081456200214, 5.777807124653332, 5.780455480160291, 5.795930373157313, 5.804763656326378, 5.817653489748661, 5.825046659446724, 5.828715585404273, 5.843008525948674, 5.847801344927265, 5.855611153344221, 5.871423884595225, 5.881752746014188, 5.8934586704806495, 5.903892450344675, 5.909958737189661, 5.910768408931369, 5.915914854862158, 5.9231723341546285, 5.925039162288096, 5.929765542193899, 5.9304526949517475, 5.946920920766777, 5.953322989837619, 5.96139970469267, 5.970032352891439, 5.9752441864399355, 5.977027174209156, 5.98537115438982, 5.999029999743048, 6.010163178551825, 6.012638958725618, 6.013211251747168, 6.017387886665207, 6.022991566349233, 6.029100274276285, 6.030714986620524, 6.031262519503016, 6.0329579268577325, 6.0374775596769075, 6.042204379005591, 6.046991013575636, 6.050849298629017, 6.055273654800586, 6.056608433986138, 6.0621073412960875, 6.065089767842787, 6.065997756790782, 6.071103276776528, 6.073007135311747, 6.075738331292538, 6.077489562232061, 6.081927084063205, 6.084288297119836, 6.0857948185906965, 6.086515128728328, 6.087977774586699, 6.090515157330464, 6.091964333511658, 6.093785938598234, 6.093793845769197, 6.096785193414278, 6.096797285106817]",8.05,2.491906089642216,8.0,12.95,13.0,1.0,0.0,0.0003936609900847543,24000,0.1,0.99,epsilon_greedy,exp,0.6,0.9995,none,2500,True
e1a,q_learning__579b844b__s45,q_learning,579b844b,45,15000,23.862753548999535,completed,30,2.98770815174441,353589,"[-0.6575459496741743, -1.4915015892066288, -2.282504272848142, -3.012328792992605, -3.639377035629382, -4.191708361191115, -4.797533231441559, -5.033740086170154, -5.095873913842281, -4.79834191309033, -4.5058429015827235, -4.179430703797944, -3.8341808169180647, -3.480513109294749, -3.2331684904289832, -2.9452615754802793, -2.6227195758555144, -2.3331131932908766, -1.9415298431866859, -1.6968592855331908, -1.4906654725157464, -1.2131160787180697, -1.0219787175602688, -0.6604203555024539, -0.3366289373780102, -0.05449600802598476, 0.2575871693097861, 0.4769836307300051, 0.6214757106227468, 0.8921794914662773, 1.0848515293946028, 1.3070871260462869, 1.5090587916186642, 1.6301128793857296, 1.7654257021796207, 1.869731158912045, 1.9926578470943355, 2.112148514980611, 2.27777752047958, 2.3657135208935243, 2.504124454403338, 2.6438967781872953, 2.7560793945487774, 2.8914003189576563, 2.9669970408494515, 3.0330503374285303, 3.090094403005548, 3.1812531002696622, 3.3544335280620183, 3.442352615399994, 3.5606253650447233, 3.7036670028266654, 3.8047015613742183, 3.905145903254331, 3.9476930648282877, 3.984100987731722, 4.003224303988395, 4.103596307717901, 4.1496233711566015, 4.227173017888629, 4.252782831804838, 4.305396384073833, 4.392517697888067, 4.428271662331954, 4.448972328367747, 4.482607097792852, 4.586433742629623, 4.72360513185058, 4.752606281261635, 4.791675686884593, 4.8287433690692, 4.840305480091508, 4.905226860367991, 4.945871134704819, 4.999542123056078, 5.025152636876456, 5.050421390607043, 5.066015897202834, 5.100347247964518, 5.18258192230471, 5.212502329576113, 5.23757873947712, 5.253346122769643, 5.2860587840128925, 5.322034136543621, 5.349690581176732, 5.380135369516221, 5.385120840885139, 5.411407380071085, 5.419296309115743, 5.426437859951644, 5.450608012033259, 5.453006469828783, 5.47317861487656, 5.492754688081401, 5.499114996958213, 5.506366246076608, 5.521771942963377, 5.532863200057743, 5.555092209346269, 5.5720518676808215, 5.6082586932768095, 5.624220402828426, 5.638314289099254, 5.644270532602856, 5.6551512472292, 5.667174555994314, 5.673458828527211, 5.674640118636666, 5.677743862474527, 5.6808974638370735, 5.6892903201237, 5.696252335816967, 5.703891433619377, 5.712905328864153, 5.718108973234795, 5.73976728139071, 5.762570826655162, 5.766742718690654, 5.76817532486474, 5.781395848401612, 5.793934249706114, 5.802693534220376, 5.80437425850923, 5.8141764071432815, 5.820027711243005, 5.829213636993623, 5.833849245863378, 5.840431320940938, 5.844031681921113, 5.851443362600501, 5.851974280906457, 5.854691405435764, 5.862200178014704, 5.869542977400594, 5.871657811616056, 5.879116370605404, 5.884221954792188, 5.8847601628578134, 5.891450626821283, 5.895274894303892, 5.897653821124024, 5.903553787237789, 5.9095019083574, 5.914766936243374, 5.9191511950718425, 5.9235236311785195, 5.92423209227008, 5.927303429252822, 5.929477856597019]",8.05,2.491906089642216,8.0,12.95,13.0,1.0,0.0,0.0003886879899800988,24000,0.1,0.99,epsilon_greedy,exp,0.6,0.9995,none,3200,True
e1a,q_learning__579b844b__s46,q_learning,579b844b,46,15000,23.686697712999376,completed,12,2.888234755001747,356309,"[-0.6162108698155192, -1.42341575339009, -2.195771558252735, -3.0455456969905534, -3.6963006007784336, -4.284121650935168, -4.8309522968957515, -5.040573501558659, -5.0582193614193605, -4.827448680087572, -4.590800635404879, -4.126616776066728, -3.9040315208080303, -3.453902414002804, -3.1305993609585796, -2.8808233331595483, -2.519718085659364, -2.2173811461161255, -1.8668124913106248, -1.619360911205991, -1.3387385683684339, -1.0510789147142814, -0.6863633942795532, -0.3568123493678067, -0.05720208009460344, 0.13391842155842443, 0.3516784968275981, 0.5711279956293864, 0.8737165341851505, 1.0219401483791597, 1.2040704145422638, 1.3244089681993743, 1.5369588080792995, 1.8432684404822466, 1.9502690375006175, 2.2090824078864464, 2.4104541149824836, 2.572407450326654, 2.7125914706278897, 2.8247555728980847, 2.884394254616465, 2.973435568237982, 3.0304755405037422, 3.1156004719146426, 3.194978310671345, 3.2909304029114352, 3.3813726625295004, 3.4254537046934797, 3.4675079188000613, 3.5302915480616153, 3.580057813335534, 3.6174944993123073, 3.70686991834301, 3.816138465000831, 3.928965236789922, 4.014099368296658, 4.058476082180641, 4.128191135447417, 4.26477538942041, 4.289795860771874, 4.338482040280908, 4.427602912881492, 4.493384314111251, 4.566031107468384, 4.666330839860139, 4.734713597838434, 4.783781189094856, 4.846630398606569, 4.93009332808677, 4.9521749272507645, 4.983556566649185, 5.0002003274232925, 5.0205499286281015, 5.06512587625333, 5.1035571019564605, 5.147872738504984, 5.192082202127482, 5.212731759534449, 5.247312192033643, 5.268986515335768, 5.2825690514618255, 5.289922120071004, 5.306298832307882, 5.3154668257185484, 5.340007869923643, 5.365854182105818, 5.39581658816966, 5.412067889646931, 5.420808136821015, 5.436122928929167, 5.4890659150727945, 5.502717108074651, 5.547992242517541, 5.549051208014399, 5.578989911770143, 5.5838953438751195, 5.606199259877311, 5.609674307527104, 5.626091154753519, 5.636950285470488, 5.649387336371052, 5.663986981029902, 5.673386544433851, 5.678411791930276, 5.678598773666446, 5.687536698642118, 5.70686453851996, 5.723118243449387, 5.7287947433341495, 5.736433641483953, 5.756100268371245, 5.768842321559912, 5.781160504072455, 5.78371052234284, 5.797778771729479, 5.806120758779949, 5.809930827587775, 5.825868080905533, 5.835746894178755, 5.84619842099658, 5.85748504230065, 5.8710904764344924, 5.873886692962463, 5.877124228111986, 5.882852707241928, 5.897080231123677, 5.900121009923846, 5.906958209479206, 5.910773067502701, 5.914856274107048, 5.916375366247795, 5.920837670365702, 5.922554982589199, 5.927636805788249, 5.935626543828973, 5.93841831673429, 5.940313472880709, 5.945105851414992, 5.954266147543339, 5.956972108185166, 5.959381509201878, 5.965293710105712, 5.968062389201632, 5.9707941458607285, 5.975426530402562, 5.979638025948796, 5.981134461659371, 5.982903507639108, 5.98331094440367, 5.98477575939176]",8.05,2.491906089642216,8.0,12.95,13.0,1.0,0.0,0.0004309429901331896,24000,0.1,0.99,epsilon_greedy,exp,0.6,0.9995,none,3000,True
e1a,q_learning__579b844b__s47,q_learning,579b844b,47,15000,23.305276974999288,completed,13,3.7696021010180902,353605,"[-0.6934339972169842, -1.4340157874755117, -2.1625943423331417, -2.984073869100621, -3.677164047912931, -4.176108337524391, -4.641945078954969, -4.736650254144657, -4.864087102143042, -4.790189117691599, -4.57648549762025, -4.3402422870850295, -4.154264891578698, -3.808197300824397, -3.5894715887047948, -3.2957920837688373, -3.010218760120126, -2.71261193829154, -2.353837980050948, -2.0545615390837146, -1.654159314184806, -1.3102936567504941, -0.9501449132127208, -0.6675349637869831, -0.3978173670336248, -0.18225916073025952, 0.05910790167324277, 0.27613716813145783, 0.5353715564978996, 0.7757153644319027, 0.9537561559828551, 1.066500857733284, 1.3087232655814, 1.4174734952098553, 1.6057120787179227, 1.7991723481917063, 2.0137060345231887, 2.135801208580815, 2.278051898244216, 2.3744282130103054, 2.5137850068165353, 2.616757517782818, 2.829879411772896, 2.932361899413017, 3.0260830804429717, 3.2150481618881543, 3.3824440442982437, 3.4646717929826467, 3.5668591499513287, 3.6859258308717275, 3.791193841641585, 3.847660624828968, 3.8898840177933485, 3.9785762983070714, 4.0710579838596574, 4.111020999193723, 4.225369993541225, 4.253164375949847, 4.293357354841104, 4.332406295999009, 4.382488103339616, 4.431009105990318, 4.483433108950802, 4.491751190276838, 4.503744908747602, 4.586132931844038, 4.608727416185082, 4.649758520940213, 4.706662403440922, 4.782277159545126, 4.816342526968582, 4.838992173123985, 4.865144398766025, 4.920052657746221, 4.921530561120489, 4.966078156742581, 4.995559566539669, 5.0221531692909736, 5.040657463458763, 5.056587654151184, 5.084875807579301, 5.099566522138911, 5.1335397576620805, 5.178953935331221, 5.198798007206465, 5.208215479221594, 5.228262746399514, 5.286267557589129, 5.323423557898747, 5.332447278544689, 5.334038130884735, 5.341540915193979, 5.353378506049102, 5.364206800953849, 5.376515753685784, 5.408400073246727, 5.424295069190839, 5.443324546790158, 5.444828388228126, 5.452611711876987, 5.459030460005045, 5.466733222073359, 5.473194235903962, 5.486337245950279, 5.496782232025045, 5.499989397224668, 5.5322870274554585, 5.539126967003494, 5.548213602294656, 5.553188946799329, 5.55859306566843, 5.572611018732927, 5.581503586732733, 5.593800407800254, 5.607455357091141, 5.609248743924815, 5.6174688631967875, 5.6302415124976095, 5.642780208766558, 5.651074562679756, 5.659766362176555, 5.662448867043832, 5.6701652778330125, 5.680146921047669, 5.684938044024092, 5.688502076571978, 5.693266329162792, 5.694827601028765, 5.700361871733384, 5.7055150734706235, 5.7133163088391345, 5.720037935277592, 5.725774347153242, 5.729070913100133, 5.729794610466798, 5.730937161026779, 5.7333016466238345, 5.733307598681089, 5.7364531391534745, 5.741614695726185, 5.7433615448880495, 5.750207326446752, 5.751485997501449, 5.752608640465364, 5.756912105605542, 5.76502124504026, 5.77022263781324, 5.772245280465394, 5.775891940251867, 5.780553499214829]",8.05,2.491906089642216,8.0,12.95,13.0,1.0,0.0,0.00040813298988723546,24000,0.1,0.99,epsilon_greedy,exp,0.6,0.9995,none,2500,True
e1a,q_learning__579b844b__s48,q_learning,579b844b,48,15000,22.73799293600132,completed,1,2.7547050658827343,350521,"[-0.6310004470826587, -1.3634071035571869, -2.2782483060084813, -2.9840081805069527, -3.739330611419857, -4.219018217310791, -4.7732080563243695, -5.085465869194934, -5.144760686407067, -4.9465429415707085, -4.807938587280731, -4.593998408080481, -4.296031972507249, -3.9876244529314357, -3.7174966486032393, -3.314005520751521, -2.899728058251409, -2.5904913606301676, -2.2060900954359792, -1.912680815252061, -1.7213524759157133, -1.4407054081599202, -1.1059593296145804, -0.8254704867256789, -0.4705758507409882, -0.26731786043291983, -0.06377326035863641, 0.24331434643781363, 0.4213620098748431, 0.5278174955942011, 0.7364648895311596, 0.9854473073580975, 1.1907215977342307, 1.403261328060328, 1.558173429509103, 1.6715343466480828, 1.789168378527877, 1.874045955924577, 2.097781524339768, 2.2245700262133874, 2.389757209154248, 2.527151275729198, 2.6949897100803626, 2.7766846138614185, 2.921773925929971, 3.090205181106598, 3.2244257418624964, 3.264273753878548, 3.349385988065877, 3.382498884477013, 3.412370402694953, 3.500994010603674, 3.5692181875790174, 3.6140199642973365, 3.6891711276079833, 3.700339418477285, 3.736365401962468, 3.8325428308443157, 3.876923204948258, 4.008374656596103, 4.051767838003301, 4.095385299169539, 4.1356052479309735, 4.155759215407643, 4.202479334640283, 4.266904181858962, 4.350043096155402, 4.4569046828041845, 4.5163054187203135, 4.550559712017106, 4.629448277864024, 4.671133749083216, 4.688517895622522, 4.73578816511062, 4.771858435542592, 4.775085407343212, 4.847437123381374, 4.895056944016767, 4.932493143981602, 4.955392944936725, 4.972023181773305, 4.987828310718351, 5.011430834531077, 5.064538322099041, 5.079043448371603, 5.09874330906893, 5.122627897934371, 5.144177326307848, 5.1494835273131105, 5.170908585727521, 5.202506453657317, 5.219548113924395, 5.229962338492957, 5.239914197592084, 5.244129293484491, 5.2494964290072295, 5.284018153528029, 5.295823654859617, 5.306156125828283, 5.328947449045691, 5.346940161833781, 5.357912850307794, 5.359516408454842, 5.36766492272216, 5.375011613964344, 5.383112040333814, 5.387590951606749, 5.397103156922173, 5.409391479090476, 5.422366132288681, 5.429572002817893, 5.4470486567659195, 5.454759734716164, 5.461012539868605, 5.4664780241217, 5.471754637397757, 5.474420231768973, 5.48454887091532, 5.486873971103691, 5.49893365015215, 5.506928508082094, 5.512595414738666, 5.512644498099632, 5.522673141788461, 5.527765013262083, 5.5292362417449175, 5.531886136028961, 5.53815522636825, 5.546496959845848, 5.547964266632683, 5.549346132452014, 5.5533642814522794, 5.559553413568927, 5.5645778831920545, 5.567694548038391, 5.57783208320774, 5.580446577198468, 5.582137987894983, 5.586232874121956, 5.588989817465918, 5.59342438911783, 5.596058339089881, 5.602441971487678, 5.605010443129667, 5.607425456172651, 5.610555214944567, 5.613078433606308, 5.615922615568899, 5.6164819825763415, 5.618943777160783]",8.05,2.491906089642216,8.0,12.95,13.0,1.0,0.0,0.0005575099901034264,24000,0.1,0.99,epsilon_greedy,exp,0.6,0.9995,none,2200,True
e1a,q_learning__579b844b__s49,q_learning,579b844b,49,15000,22.836477113,completed,52,3.5309347204387684,354251,"[-0.7525828723395745, -1.5627696457972076, -2.4257766134712146, -3.1412685023389346, -3.948347870045888, -4.571265097587104, -5.066004702720227, -5.29913528210325, -5.415779452275306, -5.296749591850957, -5.065842764111846, -4.816523616997221, -4.471863136914995, -4.240820235457291, -3.909658750443368, -3.650615255399172, -3.153848727612703, -2.7940418631872856, -2.455652477071859, -2.203007739926753, -1.9236830993696081, -1.6609147302771767, -1.4060198689375194, -1.151179590703683, -0.8501433204902479, -0.6047651421242268, -0.3757212632638654, -0.14825702885755296, 0.17415251032146353, 0.41419270544733333, 0.6142852251042846, 0.8822629363947537, 1.142541054713219, 1.3300972708296634, 1.547851326981171, 1.6526818989258272, 1.864382148797676, 2.008973956462635, 2.22509031435984, 2.337663955717524, 2.4217365991012967, 2.4978248770897826, 2.6404403528581963, 2.729979609895303, 2.7770621513845044, 2.8217887861522737, 2.890479693374039, 2.9842981708201095, 3.055803965147315, 3.162837545486629, 3.2290011747857337, 3.3508742271853276, 3.469993781469107, 3.548789066531785, 3.654009349507164, 3.7023632957910126, 3.7815005937266517, 3.819966622122245, 3.8947953862215576, 3.9729441417129068, 4.039470742810641, 4.060571572655447, 4.151112016486528, 4.1968380240128615, 4.207844599202042, 4.215701661494351, 4.236753533898121, 4.2822990645243975, 4.32363615213732, 4.352512140579267, 4.407890508286261, 4.4391760279830725, 4.4523794115848565, 4.491236656531133, 4.513485564477643, 4.549734473195117, 4.599436474133581, 4.633142229825867, 4.658407106974775, 4.675231808902031, 4.694584589027552, 4.718870760036697, 4.72581408111216, 4.753467095515881, 4.795902031846686, 4.811503334891045, 4.813202611119872, 4.837471322778268, 4.856726559553052, 4.9073566323970805, 4.930049390158389, 4.947382549854263, 4.978849360590831, 4.995462766728894, 5.027055560814179, 5.041214827937249, 5.046926303562787, 5.054652698726108, 5.071338893592528, 5.083285876662854, 5.084009278431216, 5.1038447456833, 5.120904367656658, 5.152166387225716, 5.162302895361811, 5.170076980823563, 5.177174769184986, 5.198269571950106, 5.2094077059353285, 5.231115610805036, 5.246912032244619, 5.262824687213977, 5.272677937910572, 5.2854967366910035, 5.293425292560269, 5.300095629349822, 5.312503050202987, 5.327330563625618, 5.332799735592199, 5.336495369024097, 5.337104801415136, 5.3530267725641885, 5.360871638536813, 5.366909161851691, 5.371084020889571, 5.372079964569249, 5.385023948829595, 5.389738660230868, 5.402173184006393, 5.408483628786692, 5.410513578767381, 5.414931293324774, 5.420946651195638, 5.424367727021765, 5.426970573693162, 5.428712862522236, 5.4366018594388015, 5.440063999969719, 5.4429863428064795, 5.445635004161014, 5.450441842080907, 5.452001899550355, 5.455793666612598, 5.45579885481214, 5.456994963617881, 5.457888462170826, 5.458944429645371, 5.459741911694697, 5.46488075105241, 5.472580648120968]",8.05,2.491906089642216,8.0,12.95,13.0,1.0,0.0,0.00033459099988249365,24000,0.1,0.99,epsilon_greedy,exp,0.6,0.9995,none,2400,True
e1a,q_learning__579b844b__s50,q_learning,579b844b,50,15000,23.675830025000323,completed,17,3.2505230348360863,353891,"[-0.7244487813573961, -1.6013183077800837, -2.432512018314194, -3.128077007438359, -3.765250013855957, -4.38790253357826, -4.7710078219692935, -4.970849605099051, -4.913816949002956, -4.777773045281015, -4.552353872548304, -4.3634675215705805, -3.9501983740120914, -3.660247404076938, -3.3187382308788234, -3.00755930488067, -2.672800954596234, -2.2591755352016034, -1.9668607895598127, -1.7350512211371802, -1.6024742284577553, -1.291839967138536, -0.9538438812334339, -0.7234336597460218, -0.3606656057755861, -0.17223182115662633, 0.07268399492920849, 0.3156233607972325, 0.7004641896011198, 0.944261217952555, 1.1660018719661587, 1.3943792904617258, 1.5490531946619417, 1.7987209003112128, 2.0259597474807274, 2.118123121634588, 2.2324345423069283, 2.325141703074805, 2.435935142555018, 2.581833392341782, 2.6785865630504095, 2.7817908603485937, 2.947830533282202, 3.0763310434454008, 3.175717764822061, 3.2689728063881227, 3.3302122772136142, 3.395158456811704, 3.508112014375942, 3.569437708949254, 3.695984469349603, 3.8143468318490803, 3.8539664402244824, 3.900552466051974, 3.956808136307507, 4.065522228138485, 4.126886113680973, 4.191271455642559, 4.264681961194405, 4.320975859447902, 4.380360058253067, 4.428009410747039, 4.47890607837883, 4.507656593985033, 4.59911316203638, 4.629610433590729, 4.693242666490187, 4.723919553257671, 4.775554588835335, 4.791257183132851, 4.8065465712893145, 4.810986752783443, 4.835116846003315, 4.864899662864102, 4.908150491439377, 4.962698833976684, 4.997582431721885, 5.004975072297612, 5.053732214415289, 5.08157218927877, 5.102157102847226, 5.115148788858381, 5.151363207929732, 5.164599040690346, 5.189335418925719, 5.203092518979065, 5.205627034072407, 5.210643667787983, 5.233661242224163, 5.258227993565622, 5.280349198834626, 5.283635741667718, 5.2904519136775425, 5.319210026588079, 5.330474835280069, 5.339501754076242, 5.351346235128374, 5.374221287009865, 5.388247856614087, 5.393729672062393, 5.400915289976763, 5.409364772116054, 5.416784626277685, 5.435936041464985, 5.453842226725715, 5.478130304137491, 5.488671219010846, 5.489964458525161, 5.5111596764693065, 5.51887443700958, 5.527684949188867, 5.532910978453803, 5.543269802202644, 5.547857622825072, 5.554771406611655, 5.5571633595807866, 5.557985518048252, 5.570632600973292, 5.581762379600317, 5.58357634742024, 5.59107209539974, 5.593390711187292, 5.597973152246234, 5.598399570931261, 5.59984254734077, 5.601614343983248, 5.603082468814316, 5.603447656225232, 5.604895822838715, 5.6065785425648516, 5.608520399824928, 5.609916689478692, 5.619372131412805, 5.622048599825622, 5.624442817003217, 5.63606996198568, 5.6406576023565025, 5.648372676990544, 5.6516112949064725, 5.662094645906857, 5.668037389711836, 5.668675599529343, 5.670594972486061, 5.674795417449512, 5.675081103076863, 5.6753425316408235, 5.6776004672144404, 5.6813459634835795, 5.688884740333032, 5.688942080620516]",8.03,2.5083899621111945,8.0,12.97,13.0,1.0,0.0,0.0003614240000024438,24000,0.1,0.99,epsilon_greedy,exp,0.6,0.9995,none,3000,True
e1a,q_learning__579b844b__s51,q_learning,579b844b,51,15000,23.944305442999394,completed,9,3.1675858315127,353283,"[-0.6880147740005147, -1.419531298050513, -2.120071792870871, -2.8279298260508776, -3.5245570986068895, -4.194523018531092, -4.718849590079703, -5.018483364144873, -5.153224418932195, -4.911269093082816, -4.645499737856926, -4.293157942833163, -4.013354210536239, -3.658005437905823, -3.2690747823650104, -2.7281044873112252, -2.414017616596672, -1.9503790450872491, -1.5475278367863432, -1.2505474403925114, -0.957330238457133, -0.5636434989600422, -0.24289979451201169, -0.018229522039380795, 0.09093249950281918, 0.32357252013669957, 0.6021787447008943, 0.7728166621430518, 0.9492104734716295, 1.2589123551995371, 1.3993796657912148, 1.5550561609811466, 1.7522876265707046, 1.8809724983055318, 2.0036082204609955, 2.0710791785925924, 2.197981564205944, 2.303045452461591, 2.4511571907931553, 2.6299364842595576, 2.7080058221385186, 2.785581767100909, 2.856076193219083, 2.9007126348049654, 3.018191350155171, 3.1155413836727206, 3.2229386047105577, 3.2790410898493976, 3.3973117827841084, 3.4775210203978175, 3.5113711433961186, 3.6095274278533034, 3.6524811050632264, 3.688269569928747, 3.758303343344787, 3.7998088031120782, 3.8502754085484523, 3.9224630665758125, 4.003214672739228, 4.057292987823876, 4.092320854980923, 4.1572449514543415, 4.198182834243084, 4.2502521956751655, 4.319647999880832, 4.352010280352917, 4.381568899671539, 4.445561146601924, 4.482812814301076, 4.5069196196647034, 4.519474878796161, 4.533758026757015, 4.591723075225079, 4.614633778965186, 4.635380469831518, 4.6875003384554805, 4.717595367482812, 4.780940713064412, 4.812709578423545, 4.83902833792157, 4.8459685644228845, 4.874348637393299, 4.896471266336409, 4.927160603369205, 4.967801387085962, 4.985174691032871, 4.999748539120661, 5.072415562421714, 5.090701341564039, 5.1355194798729515, 5.157603644370928, 5.177810152800429, 5.1787335927288085, 5.191853823386402, 5.207204143322503, 5.234703798462175, 5.255799252336668, 5.264439255639608, 5.274612513229882, 5.288530371308356, 5.32769038408213, 5.346563426929176, 5.368793282899186, 5.3700768124229095, 5.378944230494747, 5.38719913306882, 5.400174483639802, 5.404060045105956, 5.4190231913690745, 5.423125298557578, 5.451333176410984, 5.467996591068808, 5.470108393233972, 5.474780899468618, 5.477529801095288, 5.492083117357404, 5.5001849296567356, 5.501177536252588, 5.508757797258079, 5.520009722051132, 5.5274451735900305, 5.532506371013018, 5.537254846529909, 5.5395663203287, 5.547630609232807, 5.555873645786087, 5.558329265342219, 5.563213073201278, 5.5715362528943855, 5.573656553291095, 5.580564083425028, 5.585454780632972, 5.590939085378079, 5.5948969136484505, 5.603183934153794, 5.607304225587866, 5.6090649426088195, 5.614452711882925, 5.620984967168234, 5.624114034584829, 5.633247410633362, 5.634807938418935, 5.638126442097241, 5.641954293185271, 5.649252115433184, 5.651138138523223, 5.6523980675982015, 5.6537472127332045, 5.654690857147303, 5.65616190872606]",8.05,2.491906089642216,8.0,12.95,13.0,1.0,0.0,0.0003753730001153599,24000,0.1,0.99,epsilon_greedy,exp,0.6,0.9995,none,2200,True
e1a,q_learning__6f8ff342__s42,q_learning,6f8ff342,42,15000,23.96072824699877,completed,68,3.0509670598025145,357652,"[-0.7220580047957732, -1.541743650755636, -2.2731128044316633, -2.849504731907177, -3.442587337585018, -4.003783981627026, -4.452010739138989, -4.709572906242054, -4.66905338425998, -4.65996415842298, -4.536642745925616, -4.305329549508742, -4.042091121394112, -3.7626352653105637, -3.5032574196469923, -3.3316302559516138, -3.1514551572093175, -2.9406452290125875, -2.8079231986628628, -2.671698524428524, -2.48411232499869, -2.375021598985857, -2.2680242915529525, -2.0217861026505135, -1.8715558239727592, -1.758287751187943, -1.6104604909634144, -1.395361269509649, -1.3007459383122424, -1.1928006272216816, -1.118179052506485, -0.9947190065625374, -0.90081207262615, -0.7944579082606281, -0.6667043249661371, -0.5474678446195772, -0.5198069488703294, -0.42590983456531833, -0.3582858098949687, -0.2549072319757441, -0.18954521688143758, -0.12788541142361012, -0.0615115234949906, 0.005064068302224722, 0.03365200259131115, 0.10731832537021985, 0.150744304623606, 0.18237513099548838, 0.2226057696366503, 0.24235328787881288, 0.27999527779444444, 0.3111395922156166, 0.3524006650240367, 0.40359660575210016, 0.4300749278478259, 0.4967259942960782, 0.5157244182851649, 0.5646331571301116, 0.5809306222979487, 0.6059592130625849, 0.6525076810432044, 0.6696126005767976, 0.7018517230636214, 0.7237888857952334, 0.736318489015488, 0.7479992617473001, 0.7779326398564975, 0.7958943672454563, 0.8421955595107246, 0.8537901712634469, 0.8545710860230092, 0.8614991084025535, 0.8884141221007081, 0.8995052757384582, 0.918542447281521, 0.9531835072528398, 0.9849267167410152, 1.0038320793487854, 1.005907343185669, 1.032804421163506, 1.0603178024507953, 1.081072495792029, 1.0950118234641957, 1.0989468134495166, 1.1138852119595446, 1.1329104510921815, 1.1470735186391983, 1.1738170555070768, 1.1823147013220872, 1.190664324616942, 1.211027548703356, 1.2246519110811305, 1.2294243194091188, 1.2377165042391565, 1.2515923371033222, 1.2598780541847316, 1.2724105424305319, 1.2858891409762618, 1.296287914912478, 1.3002260587585803, 1.3141209392815438, 1.3154153560920119, 1.3192320667462059, 1.3288864900688766, 1.3376877787222317, 1.3456133579299594, 1.3643866640816769, 1.369985664414926, 1.3789084365961048, 1.3836301478031805, 1.3915430468721357, 1.3985781609338312, 1.4004072066323865, 1.401533339200216, 1.4015718277188791, 1.4049442601339914, 1.4086941914749664, 1.4144603428898652, 1.416687780496749, 1.4210800686702398, 1.4259417762883093, 1.430825365107038, 1.4330105627511027, 1.4379320263178395, 1.4384765080766195, 1.4404947859167652, 1.4433346185679805, 1.4459604957928958, 1.4530065673230426, 1.4577098612828783, 1.4586092393429686, 1.4635473132018864, 1.4655692505741533, 1.4695464456416703, 1.4697741745371762, 1.4721205336147585, 1.4740509587624862, 1.47503744314477, 1.475142749056243, 1.4774006429131716, 1.4785691924347841, 1.4816351421869116, 1.4822690366616138, 1.484191853826424, 1.4858750849956295, 1.486505177478424, 1.4895580837374716, 1.4904737245976734, 1.4904749973641402, 1.4920792752244252]",8.05,2.491906089642216,8.0,12.95,13.0,1.0,0.0,0.0006459230100517744,24000,0.1,0.95,epsilon_greedy,exp,0.6,0.9995,none,2700,True
e1a,q_learning__6f8ff342__s43,q_learning,6f8ff342,43,15000,24.26647707200027,completed,17,3.726929030716845,357294,"[-0.569537706458726, -1.3777028932111768, -2.1427450765812077, -2.722165867718732, -3.4227497271618743, -3.8959016395886494, -4.283257790892103, -4.438551066660324, -4.350519367270495, -4.237808907414074, -4.018771647990841, -3.7725593125242822, -3.454373956447479, -3.2563563628960206, -3.076648541554047, -2.8319258971152226, -2.6598410180673917, -2.4587314796318482, -2.2927570691452446, -2.131278860377859, -1.98406026472274, -1.810897179046306, -1.685974001585603, -1.520881707107436, -1.3236133039928306, -1.1438901194456197, -1.0097272657517256, -0.8630245399532452, -0.7715480346963427, -0.6141263356400046, -0.44417659082170646, -0.3418014134334784, -0.2589966058050514, -0.17514524988056296, -0.10624342981446233, -0.05668088821913019, 0.022082697126857613, 0.0506534514641577, 0.0899252581217315, 0.150253776988081, 0.22658483655321648, 0.26720441331639905, 0.3083533230039734, 0.379076453703251, 0.45600565752206845, 0.5381228462330393, 0.5820188045597441, 0.6573220779094557, 0.697607231660997, 0.7167491592092798, 0.7229152001438279, 0.7604151341811907, 0.7741273442816217, 0.8086437261438518, 0.8509085917445078, 0.8849690002046359, 0.9439307085526758, 0.9706348009778587, 1.0043085528678746, 1.0182065924995003, 1.0349032978944943, 1.0729663146923738, 1.0872670392667974, 1.1077462509526512, 1.1281545696362072, 1.1638000686293257, 1.186097174071984, 1.2000511108905083, 1.207743246132748, 1.2251721286052863, 1.2318758407755364, 1.2567727661970727, 1.2917593181930653, 1.296059602427248, 1.302557182169325, 1.3109601946097011, 1.331199281669729, 1.339948874169602, 1.3433389208621456, 1.34420212213908, 1.3660052614052913, 1.3747323343630073, 1.375142257892932, 1.383155434475026, 1.3871071011969207, 1.4029123277888336, 1.4160254175742881, 1.4308275554814607, 1.4382324799479427, 1.4484033482750152, 1.452718114278663, 1.462895387873105, 1.4791196875563315, 1.4843087173405054, 1.4890851746124576, 1.497205008493324, 1.4999788897318582, 1.5141854369125682, 1.5222318106729766, 1.5256866299876728, 1.5288694806605692, 1.53743201906877, 1.546441762543062, 1.555188136458446, 1.5602040508132697, 1.567950445625548, 1.5716966191668196, 1.5744966049242743, 1.578941344850384, 1.5820942105625109, 1.588216706198863, 1.5917199203931678, 1.5955445322894002, 1.5962425772715592, 1.6008601252270331, 1.6014565145596378, 1.6076459758267532, 1.608328078714405, 1.609865043686122, 1.6098756470527846, 1.6116083792300855, 1.6153378416173958, 1.6162601962322574, 1.617849849005784, 1.6206653251494971, 1.6224820785209613, 1.6251675690662646, 1.6278949531942095, 1.629438423850577, 1.6310652033442168, 1.6339324352576543, 1.6349772078049156, 1.6368948621745323, 1.6381254927299762, 1.6412062672357932, 1.6414502544958893, 1.64145715636267, 1.6420286233709802, 1.6446923246239205, 1.6450178778572402, 1.6462846912334668, 1.6475063316885712, 1.6489370714893588, 1.650838211333482, 1.6514898870736083, 1.6521747652383871, 1.6558236375238058, 1.6559116318536657, 1.6578895454605995, 1.6596229785060739]",8.05,2.491906089642216,8.0,12.95,13.0,1.0,0.0,0.0003616899999906309,24000,0.1,0.95,epsilon_greedy,exp,0.6,0.9995,none,2000,True
e1a,q_learning__6f8ff342__s44,q_learning,6f8ff342,44,15000,23.71162623300006,completed,45,2.6310454196003534,356414,"[-0.582547425543057, -1.3094594353172575, -2.1571031794831614, -2.852950327212866, -3.4382500490544916, -3.958501928679522, -4.335763299157737, -4.674397091219686, -4.841442978069053, -4.845664042012503, -4.763422164382008, -4.597519577256239, -4.356371576877789, -4.209955594534471, -4.010501368542343, -3.789303665465894, -3.5561353300494827, -3.3308122869828156, -3.074583317325775, -2.894321552922788, -2.6885646165947117, -2.5132479121567237, -2.2951372346905314, -2.1601614060308743, -1.9634034327989105, -1.7670008846524798, -1.5891066387194037, -1.425969957501365, -1.3005826621777554, -1.1937588206077154, -1.0220260178561453, -0.9308202705595227, -0.872029627534777, -0.7784221105453047, -0.6568237561431258, -0.577990401637766, -0.49951507042948257, -0.4475569581507834, -0.3765429584807908, -0.3171832483750626, -0.2629719087403142, -0.19535698172966692, -0.12491213644648592, -0.08406658032682289, -0.0028024259870949326, 0.029225738022707552, 0.10894020642038349, 0.1543745981979346, 0.23469476060287198, 0.28837425751744, 0.3297789992518055, 0.36790914661915985, 0.46531660181336765, 0.48862455108783626, 0.5157369638625017, 0.5614872532476919, 0.5966582177995304, 0.630757591102628, 0.6758697488886284, 0.7009642193122118, 0.7356786899353804, 0.7550716698822865, 0.7661877726272178, 0.794280267037979, 0.8614103609276142, 0.8656676143573561, 0.9006934098520724, 0.9094448922884124, 0.9480987741977003, 0.9626565752528601, 0.9878321074146803, 1.0041176847326672, 1.0217894999643005, 1.0339633868564093, 1.0536685228257714, 1.0781368250185113, 1.0840536366383977, 1.0922902264890781, 1.1069992047111805, 1.1129417257687781, 1.1254933309128086, 1.1415754187730225, 1.1523718451633091, 1.1553680271387767, 1.1739135276575499, 1.1852015883279472, 1.197924478541148, 1.2072931529792434, 1.215852996725176, 1.2243268902709554, 1.2277757978927455, 1.236845393413749, 1.2613615412450834, 1.2634808837744922, 1.2663393427275484, 1.2709467731809097, 1.280319880617839, 1.2867460900463652, 1.294388122214701, 1.2973394137520387, 1.3013812223391592, 1.3145439074606258, 1.3204524154402018, 1.3213274856311372, 1.3279914820581775, 1.3365113808926323, 1.3426054112613934, 1.3462599215538782, 1.3488566881710427, 1.352136082616925, 1.3573178701316209, 1.3661881805807252, 1.3745058238419767, 1.3785390864685452, 1.3832691397516432, 1.385137487190445, 1.387487099253313, 1.3968150236168486, 1.4000359267242293, 1.4028572124978185, 1.4079246061834465, 1.408416885180333, 1.4100959341384725, 1.4147189080651825, 1.4176850666281082, 1.420656377898491, 1.4229475473659408, 1.4312676796726287, 1.4381224801239807, 1.4395023393428197, 1.4395624510481935, 1.4463533435209803, 1.4491251538421632, 1.4525677070860057, 1.4564379816502417, 1.4573393794959482, 1.4619562390568879, 1.4642238133700896, 1.4655223191317754, 1.468403984875781, 1.4733855224478904, 1.4744039915184202, 1.476240206148701, 1.4768302359545227, 1.4791904861263834, 1.4823105435213686, 1.4830076214798782, 1.4841358204931534, 1.4844125873691438, 1.4859079628585812]",8.05,2.491906089642216,8.0,12.95,13.0,1.0,0.0,0.0004904629998418387,24000,0.1,0.95,epsilon_greedy,exp,0.6,0.9995,none,2800,True
e1a,q_learning__6f8ff342__s45,q_learning,6f8ff342,45,15000,24.047105775998716,completed,30,3.4313845602030675,355320,"[-0.649815165947963, -1.3907459936415734, -2.1252234197278392, -2.923635376934965, -3.4769118193783353, -4.017830084176066, -4.356392729502343, -4.431841214212678, -4.5159468220078285, -4.417754147475163, -4.284201248193587, -4.08633229534198, -3.919279593871031, -3.743508403720068, -3.5864504153118433, -3.438462170909224, -3.3447424342935554, -3.1572960564396824, -2.954993642830291, -2.73148097078459, -2.5157345473417974, -2.385756503710342, -2.192492571683469, -2.0319291264907906, -1.8320280278066707, -1.6270058451958394, -1.4952293969300312, -1.383663671291276, -1.23851271688651, -1.15715919130657, -1.0754240868072031, -0.9674526388044764, -0.8756307047554447, -0.7361904136844561, -0.6625846901748039, -0.5660915146200186, -0.489785757605033, -0.42679588929646184, -0.38259692722249844, -0.3122166005704704, -0.2031665288805945, -0.13568981280371462, -0.08569454777479724, -0.018011114868965863, 0.022596923157905825, 0.09148664477401897, 0.12129535843386267, 0.20958891408602756, 0.25067300516808244, 0.3068623824606302, 0.35233042324402425, 0.38864223857770014, 0.4116952730843765, 0.44857287483679836, 0.4856999542092507, 0.49961268818360316, 0.5245572730382523, 0.553412398373851, 0.568637684559942, 0.6119543789974633, 0.623914540698648, 0.6614284634471372, 0.6838403396262613, 0.7004996798031562, 0.7127121311237162, 0.7648960721041523, 0.7926926286430008, 0.8044343549557266, 0.8184089857471993, 0.8461627537204517, 0.8480797938788079, 0.89444039580929, 0.9130035792749586, 0.9388820797644759, 0.9507278346096623, 0.9638263663618625, 0.9841432848745275, 0.9922332475152178, 1.0186767481638161, 1.0484594531485354, 1.0554674535160329, 1.0652700210629655, 1.0766339570084966, 1.0985997239114669, 1.1003748807207594, 1.1194847144547326, 1.1249656278852973, 1.1264930310286245, 1.1303086227670387, 1.1393174805909558, 1.1437061228895284, 1.1527230478845263, 1.159652102784673, 1.1696985474329595, 1.1710772976798698, 1.1735052971713429, 1.175813990212935, 1.1768772996733576, 1.1891053804587235, 1.1978298737901965, 1.2003690690775088, 1.2101163805626733, 1.218278338381081, 1.234565575571124, 1.2355549521345253, 1.2394348938331088, 1.2423259823656172, 1.2447533701720184, 1.2508165118251628, 1.2556605217790275, 1.262163681113608, 1.2651934375932732, 1.2675151716960658, 1.2729420341927193, 1.2741592377203381, 1.2747169146254274, 1.2833590656217426, 1.283812579275779, 1.28682501786263, 1.287207213867474, 1.2897869606924746, 1.296878033440261, 1.299758754851235, 1.304640188315291, 1.3061204804657531, 1.3118204868150234, 1.314834316611947, 1.3167988225525646, 1.3169962616541906, 1.322600935577732, 1.323338819914958, 1.3258285785712178, 1.32677383842304, 1.3279404239511476, 1.3297834614737678, 1.3298445012310978, 1.3334392008224145, 1.3359516587230749, 1.33705526414105, 1.338231153601438, 1.33910838482903, 1.3398667348451692, 1.341633353991298, 1.343805024998583, 1.3459099614387877, 1.34764577374021, 1.3499958037925377, 1.3504295485833309, 1.3522717195010923, 1.354074722429683]",8.05,2.491906089642216,8.0,12.95,13.0,1.0,0.0,0.00042531800017968634,24000,0.1,0.95,epsilon_greedy,exp,0.6,0.9995,none,2900,True
e1a,q_learning__6f8ff342__s46,q_learning,6f8ff342,46,15000,23.317223557000034,completed,12,3.1160712443716685,358349,"[-0.6090825202871328, -1.380382752941962, -2.1334095953147396, -2.886793986287307, -3.525236872618747, -4.051573186571552, -4.562430817030525, -4.814502666108154, -4.992788468401626, -4.932434382179809, -4.871159984936807, -4.57401182708402, -4.378531822089897, -4.242502402792893, -3.9948838958277815, -3.8403531257252923, -3.663991655507257, -3.4969962474756247, -3.340378926644553, -3.0992808727413594, -2.9051439383606046, -2.707851309830254, -2.5101420856881282, -2.340557735508899, -2.138350742450485, -1.9763986379188505, -1.7686620189564222, -1.666992690629604, -1.50574859719629, -1.3638672154989042, -1.2485578647342985, -1.1284656013485157, -0.9932078289718943, -0.9470254612946963, -0.8021561376479055, -0.7520106228872676, -0.6577435642846642, -0.5685128162183254, -0.5214409285247243, -0.4460698129962315, -0.39204088099943324, -0.30982872683093526, -0.2754675594259817, -0.2053301967314426, -0.176943155522979, -0.10435374949330124, -0.06646676481441585, 0.009169894197353997, 0.027884039621632772, 0.06249930403948557, 0.14441528516385857, 0.20486020205942, 0.2463454170646881, 0.2997493785175728, 0.3607643035740241, 0.3939078714519602, 0.4265185234989667, 0.44886463794065856, 0.492326600079613, 0.4982816392724837, 0.5140229856522702, 0.5398001098727669, 0.5670436450032773, 0.5943510927595088, 0.6126506528274344, 0.6327154877958272, 0.6480377365945856, 0.6739711644263464, 0.6971131324140167, 0.710606489993753, 0.7414549667613709, 0.76692998411231, 0.7839554517956046, 0.788551616581683, 0.8182231566697211, 0.8261095687222387, 0.8463715656239034, 0.8862433071309834, 0.8987487277021994, 0.9108614963632672, 0.9132024046143984, 0.916847262201882, 0.9275246229779895, 0.9546435729104445, 0.9779394319450528, 0.9969619256008962, 1.007802803508566, 1.0128890138289566, 1.0333917981215568, 1.0408067192327397, 1.0603206258403128, 1.0771523242632255, 1.0967327803834914, 1.1099573581522848, 1.1128594108262957, 1.129625156113132, 1.1351027177511155, 1.1428991436810174, 1.1474907046666991, 1.1475539142834905, 1.1608200526289516, 1.16594240492949, 1.169659218976569, 1.174517109014465, 1.1834448539429512, 1.1993070403254071, 1.2121853155991074, 1.218074707164021, 1.2329639465817848, 1.2479359226931621, 1.2518643399862817, 1.2543135088941686, 1.2588767746619234, 1.2635940676046369, 1.2636974078271237, 1.2735997406377388, 1.2769089467413222, 1.28560894484299, 1.2941202337074909, 1.2988568207877063, 1.3050834496431152, 1.311822372442919, 1.3151300682538305, 1.3177465648401603, 1.3189823861533414, 1.3212995843402981, 1.324700527109289, 1.3280830114886695, 1.3296202570069746, 1.3332099457500988, 1.33804240309519, 1.3394696664326469, 1.3413119093624448, 1.3440724489602947, 1.3470688879697594, 1.3483667307063385, 1.3520261868618093, 1.355583998797724, 1.3576915717512887, 1.357697040021826, 1.3599844827537246, 1.3621269837371084, 1.3682607277566903, 1.3705024789938702, 1.3717262091479845, 1.3749523954588396, 1.3761494063539506, 1.3774885747316958, 1.378599180478818, 1.38009474864677]",8.05,2.491906089642216,8.0,12.95,13.0,1.0,0.0,0.00044073103003029247,24000,0.1,0.95,epsilon_greedy,exp,0.6,0.9995,none,2800,True
e1a,q_learning__6f8ff342__s47,q_learning,6f8ff342,47,15000,22.802646185999038,completed,13,3.0042636369000637,355017,"[-0.6839696126433006, -1.3834133485984144, -2.0981387033794996, -2.7840280072710915, -3.359806014523998, -3.84482829617815, -4.2600363396375425, -4.4634906716047995, -4.688968190281681, -4.640314752564082, -4.513040336725557, -4.3282970269793815, -4.194686600769318, -3.951014209926925, -3.7737815443950824, -3.5655182388863826, -3.319086079273875, -3.0682145135680097, -2.8309679349437045, -2.6278618628036745, -2.4169781248271205, -2.2587775968056083, -2.1059257312987643, -1.8693544066042975, -1.770133322606049, -1.6410119679974566, -1.4657006475435281, -1.2949951439794518, -1.1397546573551685, -1.0656087475395235, -0.9546596807251367, -0.8583229157980657, -0.7534178633402597, -0.6946358481934951, -0.6386831532373611, -0.5332247976567408, -0.46480086683289945, -0.3936216430912853, -0.3322271023223206, -0.25655996288888416, -0.223430995449716, -0.16413635564097512, -0.12647012762410842, -0.05288634755979572, -0.001756842352743578, 0.03290680409458748, 0.1035070506922442, 0.1460847499691238, 0.18521550820312785, 0.21017159263275553, 0.23712862447515975, 0.2593866133607608, 0.31971679738368664, 0.35338842775607776, 0.3950660677157225, 0.40975339022845403, 0.4479992816197495, 0.46911838130861916, 0.4943105991681403, 0.4998497801887915, 0.5017547590237391, 0.5273725929050017, 0.534353325985964, 0.5417203540181773, 0.5496272576397528, 0.5570429564327505, 0.5869870834088172, 0.5976602348858028, 0.6174079527765095, 0.6320884932210756, 0.6468999188198665, 0.6552649626256635, 0.6901747493241661, 0.6974770184647168, 0.7282072216642217, 0.7332899451549278, 0.7411777499969905, 0.7475359300067219, 0.7480080469458105, 0.7525747156143525, 0.7640109857984136, 0.7959586487329998, 0.8067634486969452, 0.8326126070899362, 0.8426173791635377, 0.8539527253265611, 0.8582573203413578, 0.8798229106032106, 0.8870871506865925, 0.8932729337847541, 0.9002336528094386, 0.9010508844207907, 0.9055771384329661, 0.90837907598473, 0.9145078471468825, 0.9225386374820832, 0.9283998560610456, 0.932533762677979, 0.9443045004364155, 0.9474704393902315, 0.9523367989675731, 0.9653385123573521, 0.9812586605751954, 0.9863570544446669, 0.9981283013392013, 0.9993715894468647, 1.0042176250382226, 1.009883912114444, 1.0110006079023914, 1.0138409527808832, 1.0311020853378081, 1.0348332132021498, 1.0381144916784835, 1.0405548204583215, 1.0444266479467603, 1.0450281557779508, 1.0467181916360209, 1.0537336903409495, 1.0557668092423078, 1.0600661613851161, 1.0695243415662092, 1.07783870996676, 1.0837769909970654, 1.0873626781471883, 1.0895468448307957, 1.0899921252566618, 1.0909352524734837, 1.0922757104404364, 1.0954929849473742, 1.096164023365699, 1.1125102227656811, 1.1187211795309824, 1.1206853909966092, 1.1218538489642973, 1.1222356570654102, 1.1237213328017206, 1.1293055760210307, 1.1401075836018306, 1.1415266916774105, 1.1467281612667473, 1.1528624152499245, 1.1568269708191177, 1.1582921773248482, 1.1585663240289132, 1.1590097895358578, 1.1608228523918562, 1.1625267171038713, 1.1642254188560315, 1.1664521192950972, 1.1676685376155724]",8.05,2.491906089642216,8.0,12.95,13.0,1.0,0.0,0.0004350819999490341,24000,0.1,0.95,epsilon_greedy,exp,0.6,0.9995,none,2500,True
e1a,q_learning__6f8ff342__s48,q_learning,6f8ff342,48,15000,23.550297361000048,completed,1,3.583629445129616,351302,"[-0.6238906102378261, -1.348847623558822, -2.0732287051193534, -2.7630264499072426, -3.436318440156695, -3.8577797681487196, -4.152869377099425, -4.407251215180415, -4.527403972026905, -4.564018389246983, -4.535917757414823, -4.385448828852942, -4.183744675830907, -4.075679018074387, -3.7691529437091664, -3.5882986921700772, -3.447704636062803, -3.2118339918497205, -3.0525878924310037, -2.8732340052706506, -2.733800803274348, -2.6089814594308405, -2.464236424335738, -2.3475275283731634, -2.16604704087891, -1.9785840814886368, -1.8419374586604433, -1.6994103995413878, -1.5889677863752867, -1.4866255397875436, -1.4050953002191813, -1.2893640882936233, -1.215434033102356, -1.1158863407642394, -1.046362985133976, -0.990784110041789, -0.8921991844464385, -0.8222303385651614, -0.7322527650418948, -0.6770370469696253, -0.617348039066666, -0.5848686191731011, -0.49630613563740833, -0.45985836208118097, -0.4045028869998848, -0.3611911770654755, -0.31815802073821453, -0.2771760826381774, -0.23892361832762726, -0.21801840977602385, -0.16181868434719676, -0.1432718853277443, -0.10610570534292828, -0.06437814608177209, -0.019973085994612803, 0.03351351420606634, 0.08946069780687532, 0.13966997878222068, 0.1536519694158695, 0.1792276511762825, 0.208865742709904, 0.2246269102208639, 0.26464002050333385, 0.2798227832452616, 0.32464614494806543, 0.3286153762391571, 0.36232471809119443, 0.3892001794936776, 0.40786917064618583, 0.4339522727962327, 0.45398081956638403, 0.4605165231983778, 0.48099664308113055, 0.493511179998258, 0.5046172019664239, 0.5258870223084906, 0.5367982436068265, 0.5511473714526324, 0.5556137618705443, 0.5623265248312561, 0.5824529927383922, 0.6085020792472403, 0.6134117222607384, 0.6275815007445077, 0.6442547966478863, 0.6597085222187519, 0.665729930128757, 0.6791662361750473, 0.6963461326806403, 0.7078133468990673, 0.7321224046975578, 0.741277836679578, 0.7472154404284811, 0.7638460684629601, 0.7705639634762971, 0.7883337736457514, 0.7930808104211334, 0.793454930950331, 0.8071309587858287, 0.8157606908597107, 0.8232004759642473, 0.8275762603782219, 0.8334415415085417, 0.8398444264612868, 0.8469821908969114, 0.8496369927761251, 0.8535572618699889, 0.857793082448607, 0.8604282446798307, 0.8623854447089474, 0.8633551223692916, 0.8681233827300728, 0.8758862116659544, 0.8796431363426517, 0.8831859774061962, 0.8856532462038628, 0.890797060822988, 0.8936354068693831, 0.8998021084460675, 0.9048361438039411, 0.9094312239983077, 0.910838454913534, 0.9129734319509574, 0.9184614242462547, 0.9195242168795362, 0.9251280877051111, 0.9301258020551814, 0.9340024725271331, 0.9349831013230808, 0.9356863146755863, 0.936559631730466, 0.9379640471616627, 0.9428062548560515, 0.9461985156527736, 0.9494421443932093, 0.9516664749277456, 0.9533921788123266, 0.9559141264900425, 0.9570615614541039, 0.9581605004664604, 0.9602076473496503, 0.9615245182616224, 0.9620200754910431, 0.9635707125602083, 0.9651293778323838, 0.9672076724862602, 0.9681044629939627, 0.970674713441913, 0.9727198169912337, 0.9745003496848132]",8.05,2.491906089642216,8.0,12.95,13.0,1.0,0.0,0.0005597989999660057,24000,0.1,0.95,epsilon_greedy,exp,0.6,0.9995,none,2500,True
e1a,q_learning__6f8ff342__s49,q_learning,6f8ff342,49,15000,24.095083643998805,completed,52,3.4302186519229356,358113,"[-0.6980045551375856, -1.486229633579206, -2.1509688911975524, -2.941125138494027, -3.54059693059489, -4.063975825004479, -4.492967459575223, -4.786871275648038, -4.930404080660106, -5.013185587910773, -5.010563261610071, -4.887567773901847, -4.785955562996946, -4.604123084609351, -4.410162132199708, -4.211614184331092, -3.988723124924417, -3.813335953685992, -3.5986102080894184, -3.4027266846525714, -3.2542895652639485, -3.059855360524037, -2.918387278652758, -2.7495966512070074, -2.622464277283361, -2.46580241901367, -2.3597501315338314, -2.2177828452351256, -2.077277507855981, -1.956291684817502, -1.8474327475018795, -1.7411297622261783, -1.6315331833439803, -1.5479726721083509, -1.4443710645985075, -1.3539595344499475, -1.2942064568971854, -1.2508534531666067, -1.1627250257573392, -1.0951434240200828, -0.9894286715262339, -0.9351247809766536, -0.8633162472483178, -0.8298432621051144, -0.8107415244590496, -0.7704702382555799, -0.7267480617512899, -0.6555777785733319, -0.6101504177478357, -0.5337629702711398, -0.48597957050355267, -0.419879610149138, -0.3576841810993972, -0.31419061800306275, -0.27395857185171196, -0.26161119102275765, -0.24170406321020377, -0.2009365059372269, -0.168276230417388, -0.09908721058101347, -0.08377990679224018, -0.06071361574878793, -0.04544738620802254, -0.018871066925385805, 0.026776997440220107, 0.04362056699699884, 0.059306659717436656, 0.07564837442905503, 0.10883513181617015, 0.13243468318013235, 0.1554448110393514, 0.17395127930435875, 0.19827149446031353, 0.21396098639658237, 0.23217250477061613, 0.25319149870477975, 0.2818070323826742, 0.2961882455954408, 0.3082987033028436, 0.3220108859712835, 0.34642495350959546, 0.36543625231887505, 0.38253637308108307, 0.3971272867808486, 0.4049089931915569, 0.41349973168166565, 0.4302697766254753, 0.43397988360284256, 0.4624417042510403, 0.47490014410411413, 0.48643129230853205, 0.5000651599137723, 0.5049511432819344, 0.5132405760020735, 0.5238157853327267, 0.5241210145316934, 0.5438414420563203, 0.559309547943583, 0.568116434246152, 0.5779917576380031, 0.5900457772019332, 0.6107963277822693, 0.6164698896941616, 0.6307726932503944, 0.6338373735950691, 0.6341393922963001, 0.6454841705288373, 0.6587532599626258, 0.6746120115445456, 0.6784442517558946, 0.6867329661931874, 0.6928770423534566, 0.702119716580192, 0.7140123398035655, 0.7207599562416648, 0.7306257753831598, 0.7362935990666545, 0.7415028306914774, 0.7522767010639271, 0.7615850512611149, 0.7706421447655122, 0.7786375082258327, 0.7833663056107079, 0.78589992142031, 0.7898060769592241, 0.7969887333445463, 0.8008536341553222, 0.8036973240137982, 0.8066179593440265, 0.8098542338337043, 0.8140444115719337, 0.8153253087305392, 0.8168435754754808, 0.8223544580918329, 0.8250662036143125, 0.8255853900400865, 0.8275244623795179, 0.8284090500916211, 0.8319423820614216, 0.8364287483993963, 0.8412658355779404, 0.8435194059103063, 0.8456034391541287, 0.8464475067845103, 0.8488888735095859, 0.8519179551150751, 0.8548106297845366, 0.8568889406116232, 0.857044542798532, 0.8593773768543785]",8.05,2.491906089642216,8.0,12.95,13.0,1.0,0.0,0.00032560499994360725,24000,0.1,0.95,epsilon_greedy,exp,0.6,0.9995,none,2400,True
e1a,q_learning__6f8ff342__s50,q_learning,6f8ff342,50,15000,23.503315408999697,completed,17,3.3659471178258284,355825,"[-0.7330804080237798, -1.5776644895931138, -2.313668823861727, -2.966158296968778, -3.3722792610174808, -3.8123105403037654, -4.305128453934178, -4.54855623748366, -4.531317725519526, -4.588495016953308, -4.460961118665301, -4.340464022321894, -4.168431769230914, -3.963116364445939, -3.7997283377819335, -3.59562495060851, -3.4371849394308467, -3.189364593846404, -2.989764963234763, -2.8446462650868596, -2.5873180211619666, -2.3951232539461897, -2.175493873503522, -2.031478229928368, -1.887811026219314, -1.7525780982219132, -1.6521322070782505, -1.5388666676370302, -1.4310594814199347, -1.322756104395186, -1.2077134004682961, -1.104990258549384, -1.0084154550805746, -0.9180895022355673, -0.8082684241859722, -0.7244815267174743, -0.6867628073106892, -0.6187751583326192, -0.5304084921015808, -0.4525602326282256, -0.3631621071579953, -0.3128419980006543, -0.2633650789999961, -0.23039502959758063, -0.19460679480581017, -0.12520260916568898, -0.11551554468424037, -0.08290181645669949, -0.05276326623692735, 0.008043264550722315, 0.03726097304728153, 0.0847905861235229, 0.12468689810301564, 0.14713144050267904, 0.1967914473217839, 0.21026175275257264, 0.23151480006157263, 0.24967430017321265, 0.2550156328643017, 0.25828208850234335, 0.29713578452262834, 0.31811183715467634, 0.33656829635726315, 0.3521891325813417, 0.3675555944452055, 0.40361908178408523, 0.41438573614713226, 0.4434010080650469, 0.4633650008595018, 0.4843341592627015, 0.49290079582146185, 0.5299793501755257, 0.5505392717731954, 0.5603199208072625, 0.5865131308927167, 0.611528703525003, 0.6240981215708342, 0.6444924469509239, 0.6551504320587166, 0.6831315375603882, 0.6891077853252695, 0.7124916629574412, 0.7130659002816394, 0.7251135607019665, 0.7325111102046876, 0.7461599686892088, 0.7520467491851688, 0.7622292104104452, 0.777591989699618, 0.787046792914067, 0.797641797941214, 0.8159456201671328, 0.8226865048244766, 0.8272743381343924, 0.8331215522067021, 0.8381587099102686, 0.8524256654830538, 0.8630175454962387, 0.863480776148773, 0.8754892697145249, 0.8822477036176345, 0.8903316806130778, 0.8983978455798779, 0.8984034571601431, 0.9098692612177224, 0.9135732799630122, 0.9160967739508084, 0.9198195276637423, 0.9294577877465746, 0.9334772110487264, 0.9397076095235728, 0.9453609167418229, 0.9487612804821866, 0.9487768986438353, 0.9489916820818025, 0.9535099769701765, 0.9696146966404513, 0.9730679686510564, 0.9753389692049936, 0.979736569593656, 0.9842552072305725, 0.9885944011240998, 0.9968467483297266, 1.0012201497389381, 1.0056649524621597, 1.0143412024487406, 1.0150293863518074, 1.017512555776705, 1.0228877447031126, 1.024747402768288, 1.0288069235081454, 1.0319940095752553, 1.0320401795249736, 1.0358099190740686, 1.0395272223563627, 1.0433103893237017, 1.0448405990942677, 1.045936338366999, 1.0478698260692267, 1.0491140159725958, 1.0499107789853726, 1.0543662625343362, 1.0555312526614926, 1.0579709058945672, 1.0583724801919467, 1.0585608065502572, 1.0612551912740995, 1.062537064286468, 1.0643721474846783, 1.0670079849636191]",8.05,2.491906089642216,8.0,12.95,13.0,1.0,0.0,0.000492342000015924,24000,0.1,0.95,epsilon_greedy,exp,0.6,0.9995,none,2400,True
e1a,q_learning__6f8ff342__s51,q_learning,6f8ff342,51,15000,23.63814598099998,completed,9,3.8165298374308563,356175,"[-0.680039089274015, -1.2641409221192597, -1.987745505075203, -2.824877216659801, -3.5312146952221553, -4.103297869760853, -4.490663778214435, -4.693817984087698, -4.720849165090736, -4.625711168663395, -4.465046223105833, -4.284297234131245, -4.093218655674674, -3.934403910015887, -3.715492663330632, -3.6449034009288312, -3.428849802580091, -3.2860223809069757, -3.070781603338769, -2.949722160417262, -2.7894885877062814, -2.692879692748839, -2.5951549278672994, -2.426792961242263, -2.339246487940516, -2.215936630999331, -2.037246371596163, -1.9555785450145926, -1.8534285442877207, -1.728343501358522, -1.5918506470016665, -1.4921046906797144, -1.3938252800946744, -1.3381519745561843, -1.285990302886805, -1.231266444837696, -1.1355487009583394, -1.0451241632228707, -1.001161627507259, -0.9212395255698559, -0.8362094340263326, -0.7086883023881573, -0.6561269487264103, -0.6058356483149283, -0.5372136600571227, -0.49696232149299496, -0.48596133009527626, -0.40431440590805084, -0.32406648402027716, -0.26732811618154906, -0.2534846475390949, -0.22366161197551282, -0.16932161519350544, -0.13107609751333962, -0.1038244973440019, -0.05010861419774133, -0.010206733835457272, -0.003182097966191873, 0.04458843899950636, 0.06879774941691043, 0.10736309987872737, 0.1395331436042168, 0.1451659531883123, 0.17343839285325607, 0.1826679990016598, 0.218786003880682, 0.2643390096583027, 0.3022116924425236, 0.31702485821719556, 0.3402625091285706, 0.36733573053121205, 0.3929219221721259, 0.4104966369215386, 0.4155587299206466, 0.46511416412617057, 0.4953487754403735, 0.5102322006001899, 0.5187031546659955, 0.5336106190596149, 0.568526252068531, 0.5794806026080326, 0.5855330173884927, 0.6107396293723091, 0.6256509337657516, 0.6374285593640304, 0.6644528072021749, 0.6763088401950731, 0.7016750897173931, 0.7154687054421534, 0.7276035489424186, 0.7387460378619825, 0.7448366774721389, 0.7516248342931395, 0.7609623307356692, 0.7676335035677314, 0.7677379045461673, 0.7748403401017916, 0.7923174721237043, 0.816444044786936, 0.8286012891494123, 0.8301688187603625, 0.8402994298597778, 0.8488877117999399, 0.8526141020855543, 0.8637744789949017, 0.873268094592619, 0.8849525132996935, 0.8923451714850777, 0.8997927094837489, 0.9201596667337882, 0.9233781499469382, 0.928143147111486, 0.9322266443807297, 0.93771832839199, 0.9409922278267774, 0.9453588997479927, 0.9477504735957115, 0.9511823180943163, 0.9548715969170839, 0.9568258449835483, 0.9618982275404876, 0.9658770330369717, 0.9718213480339706, 0.974775174845974, 0.9767037339202037, 0.9811203041668473, 0.9868727442785421, 0.9893696588063264, 0.994702610105765, 0.9984153136043913, 1.0003311323797908, 1.003856545604493, 1.0062009394481912, 1.0069418854845362, 1.0088217085545825, 1.010835123636366, 1.0155827005667186, 1.0204157199292443, 1.023105019636135, 1.0240632668978478, 1.02709795954218, 1.0281123304232551, 1.029248297825165, 1.0313821942373138, 1.0329434785724847, 1.034408177195003, 1.0354382582547486, 1.0365851977314564, 1.0387397662174123, 1.0392783167091428]",8.05,2.491906089642216,8.0,12.95,13.0,1.0,0.0,0.00044229099996300646,24000,0.1,0.95,epsilon_greedy,exp,0.6,0.9995,none,3500,True
e1a,q_learning__7449ebfb__s42,q_learning,7449ebfb,42,15000,24.69436515199959,completed,71,3.4385462044300055,326608,"[-1.2432381770497611, -2.5011901184698195, -3.6271903341612064, -4.378979102027061, -4.64719464134095, -4.384401799671449, -3.7438466276933884, -3.395957416796847, -3.0225082558466583, -2.601177744120028, -2.35046015040684, -1.984988162086967, -1.4490767920834544, -0.8922903871831204, -0.5491239617830673, -0.2263501845392864, 0.0628029609914881, 0.2740406595390907, 0.4556125713774611, 0.5367106621215314, 0.6463450322017297, 0.7292536459990185, 0.7565207333250311, 0.8642816912742284, 0.9218733314135963, 0.9626529518951934, 1.01949073747789, 1.0908962050314157, 1.1171979457319594, 1.1614520157217059, 1.1854943259033706, 1.2229929482252373, 1.2316034133080924, 1.2391000453346943, 1.2640460946966032, 1.2714133635180542, 1.2841123928941633, 1.2974212897858324, 1.308656355903728, 1.3219860744723, 1.3502427380352566, 1.3542403887690244, 1.3712765603752408, 1.392533964154782, 1.3944972494776857, 1.4001731114296374, 1.4175298452193792, 1.4211569711223224, 1.4265628725907604, 1.438452163720086, 1.4397856772579387, 1.4474960555098464, 1.448525936711145, 1.4521173187232586, 1.4628119731461533, 1.4650331610127405, 1.4651262555044218, 1.4748863997822974, 1.4779383590574067, 1.4899407411312953, 1.4918773989688767, 1.4948753934356056, 1.4962316763882517, 1.5031278999151685, 1.5057185073984407, 1.5085129889712523, 1.5106370283553725, 1.512186087513752, 1.512783727851084, 1.5130621143498013, 1.51349746043255, 1.515409105098888, 1.515929082337453, 1.5164626332361757, 1.5171957282103887, 1.517357291670489, 1.5184977777902364, 1.5189023996400364, 1.5196659691254562, 1.5202706802583426, 1.5202722086466651, 1.5203630308946878, 1.5205446066447506, 1.520836550417968, 1.5209357401995303, 1.521739555708533, 1.522023941616478, 1.5221319427437363, 1.5226242235516851, 1.5230207211690658, 1.5230541527625552, 1.5230912823613123, 1.5231358544420017, 1.5237579260436303, 1.5237803000299683, 1.5239974468767785, 1.5241084798905014, 1.524261342909383, 1.5243148890411737, 1.524506087796691, 1.5245986594036025, 1.5246036295248986, 1.5247370424009616, 1.5247981964377633, 1.524893848643202, 1.5249008928530465, 1.524946136460386, 1.5250035716858805, 1.5250063726969003, 1.5250418500895984, 1.5250790458646288, 1.5250813691228495, 1.5250907214937344, 1.5251369532285723, 1.5251377818295242, 1.5252045914687293, 1.5252151797016187, 1.5252351049082267, 1.5252735157642945, 1.5252735189736937, 1.5252754033461449, 1.5252779459605466, 1.5252799323233368, 1.5253005152712524, 1.5253246135314937, 1.5253299352060912, 1.525343622371811, 1.525344486522442, 1.525378497475425, 1.5253953682021182, 1.5254121558328348, 1.5254160851703906, 1.5254251207999563, 1.5254383881311748, 1.5254386404327567, 1.525443812574061, 1.5254442659106302, 1.5254446058331732, 1.5254451178163388, 1.5254451183170175, 1.5254481748223194, 1.5254542218989988, 1.525456205920782, 1.5254610623217286, 1.5254626314305848, 1.5254643624146236, 1.5254674748943995, 1.525468601440193, 1.5254695026694658, 1.5254704203770566]",8.05,2.491906089642216,8.0,12.95,13.0,1.0,0.0,0.0004827389999627485,24000,0.2,0.95,epsilon_greedy,exp,0.6,0.9995,none,1200,True
e1a,q_learning__7449ebfb__s43,q_learning,7449ebfb,43,15000,24.261120252000183,completed,17,3.6760168661201758,328029,"[-1.1666211832722084, -2.5166839072285865, -3.578919261607122, -4.359191627717142, -4.342837773717818, -3.715937767764495, -3.1466689041875857, -2.7150278476309437, -2.066673067176507, -1.7064365802610386, -1.4092351757518706, -1.0057870698118048, -0.5905459040328734, -0.4116941925321535, -0.18437067032115184, -0.07205248897457463, 0.12472099416309064, 0.3103885673656354, 0.5089424725167622, 0.6122474420702493, 0.7283855132827983, 0.8058345367225869, 0.8666791472423796, 0.9069513298135538, 0.9648841320796052, 1.0249986771744006, 1.07282739099547, 1.1239600230032103, 1.1560688491652316, 1.1574324044841338, 1.1709359768012395, 1.1821289397083292, 1.2003336112982101, 1.2343012933977038, 1.249034079569586, 1.2613404232248222, 1.3347439786764028, 1.35381454220339, 1.3946088863068782, 1.3951864433410885, 1.4022623692380618, 1.420864834516485, 1.4287309500639362, 1.49380166763691, 1.507492653079437, 1.5151759147643047, 1.5350881912981054, 1.5375357877719031, 1.5572385079137592, 1.5594697581529533, 1.5609846428695826, 1.5663792432432202, 1.5673331535509092, 1.5707077813256975, 1.5748483046906758, 1.583137234963338, 1.588400007297512, 1.5925997759885273, 1.6045778841361, 1.6087010259279781, 1.6158357089318078, 1.6250617371161404, 1.6288070808833568, 1.6307055276549904, 1.6374238082573742, 1.6451674245819852, 1.6501636425096047, 1.6501638726792236, 1.6546146035339402, 1.6553247633492638, 1.6553248454672185, 1.6561332239572606, 1.65797385609982, 1.6601318119385406, 1.6618664709076254, 1.6641055371693878, 1.6658653776241696, 1.6671147357529748, 1.670680784874533, 1.6707384638974703, 1.6733195804964849, 1.6759147931496934, 1.6769495923140172, 1.6779715591922553, 1.6788085300874152, 1.679826018746046, 1.6799499653674173, 1.6813486738045735, 1.6819400791703407, 1.6820878713452843, 1.6823288037944955, 1.6824024782061404, 1.6839594659382406, 1.6842737496066804, 1.684647304749556, 1.6850638771000146, 1.6856392535199767, 1.685648173415253, 1.6857073841937453, 1.686225397245248, 1.6864720755205382, 1.6867021926313763, 1.68702826561337, 1.68714884475592, 1.6871767159883708, 1.6873658589527054, 1.6875750474763456, 1.6877383384742595, 1.6880160849627432, 1.6881501030937993, 1.6882123029217053, 1.6883356013236017, 1.6884134946802793, 1.688595442190652, 1.6885954427956946, 1.688650201898829, 1.6886504218236067, 1.6887901363816171, 1.6888796687285708, 1.6889578794363966, 1.6890126197766075, 1.6890722202407829, 1.68911527575381, 1.6891298515591537, 1.6891803781866321, 1.6892035760318003, 1.6892370186949095, 1.6892702645895818, 1.6892930607436634, 1.6893002191925612, 1.6893264340945178, 1.6893671982248406, 1.6893902259844717, 1.689396813578931, 1.6894043843473732, 1.6894169022406371, 1.6894285745144566, 1.6894336436759623, 1.689442142039184, 1.6894470306409564, 1.6894580356098623, 1.6894599518321425, 1.6894673628925565, 1.6894728070513678, 1.6894797772499937, 1.6894818691365947, 1.689487408547579, 1.689492481066313, 1.689503508454544, 1.6895056946130036]",8.05,2.491906089642216,8.0,12.95,13.0,1.0,0.0,0.000356621999944764,24000,0.2,0.95,epsilon_greedy,exp,0.6,0.9995,none,1700,True
e1a,q_learning__7449ebfb__s44,q_learning,7449ebfb,44,15000,23.64591885000118,completed,45,2.814249455894058,327373,"[-1.0226260090503465, -2.392160066095833, -3.5654952382648464, -4.418029481844026, -4.807054969332563, -4.4511571912460965, -3.846316895203535, -3.462555393419865, -2.9503475161845065, -2.5840454157886374, -2.0711115775904188, -1.751200848099121, -1.4099913664893553, -1.1602960363169668, -0.9188943760816108, -0.6242884592706441, -0.3919767901300907, -0.2125462918828453, -0.026298377853939913, 0.19050563924419806, 0.32622641924991114, 0.4542488134617498, 0.5319718765094709, 0.5913431338572857, 0.6248175002053861, 0.6774640387348191, 0.7663181416033498, 0.853321760669762, 0.9304684877946243, 0.949011538055507, 1.023932131292625, 1.076372062370741, 1.0919523845812475, 1.1098741945856325, 1.1455558882229713, 1.149261765371246, 1.1772166682105216, 1.1969669830994192, 1.2057990393184603, 1.2376822597692978, 1.2438819286836462, 1.267675919131518, 1.2770557564812985, 1.295055722950592, 1.3228569517591775, 1.338907544916273, 1.3639252185417248, 1.3704537748882806, 1.3850633124988494, 1.3870672708960294, 1.3883666399147172, 1.4011546671355437, 1.4117558718780339, 1.4207533641184502, 1.4283083451041167, 1.4283400485323048, 1.4283516291799316, 1.4331524510745253, 1.4338984552289724, 1.4399614604810993, 1.4421180046074744, 1.442125543441897, 1.4469199246893274, 1.4578899840172794, 1.4622958556171417, 1.4671702755313631, 1.4732048541352933, 1.4828635926254023, 1.4887905518765499, 1.4907179561513546, 1.4970514675508262, 1.4978710250323164, 1.5001564108002017, 1.502494472756399, 1.503389462023138, 1.5049990747607773, 1.5057958117378907, 1.5060489942246444, 1.5069677954827676, 1.5076395407974446, 1.5082623595676503, 1.508892246381212, 1.510467804489604, 1.511538181828608, 1.5124199867204569, 1.513114078395012, 1.5136903335396423, 1.5140631762843286, 1.51459161332694, 1.5165262008476772, 1.517069044124366, 1.5172167618134387, 1.51789900165501, 1.5184930238035825, 1.5186877805233536, 1.519230799039515, 1.5194909909132432, 1.5195110258850826, 1.5195110602164612, 1.519962277242918, 1.5209080050051775, 1.5211418900974607, 1.5215033572567291, 1.5221909727980005, 1.52264589323826, 1.5226903086569934, 1.5228347974875571, 1.5228977385752787, 1.5229070197263181, 1.5232643773980261, 1.5234500699745641, 1.523511152847637, 1.5235729193762582, 1.5235834328321358, 1.5236788931663512, 1.5236789037123273, 1.5237754454536268, 1.5238298394485068, 1.523870401323164, 1.5239857154679364, 1.524021896391948, 1.5240501091045495, 1.5241306089477271, 1.5241431749873802, 1.5241798046430868, 1.5241982815442583, 1.5244182447645964, 1.5245491291585447, 1.5247096972986107, 1.5247603525876974, 1.524762606552501, 1.5248666267976823, 1.524882084350064, 1.5248880473974158, 1.52491997253314, 1.5249303413462665, 1.524993494895292, 1.5250180175262427, 1.525028422708943, 1.5250721349346643, 1.525073365436316, 1.52509179590516, 1.5251395505833756, 1.5251811074385033, 1.525189331891886, 1.5252040038944854, 1.5252116450537385, 1.5252212961409113, 1.525236976129556, 1.5252445909946744]",8.05,2.491906089642216,8.0,12.95,13.0,1.0,0.0,0.0003529779999189486,24000,0.2,0.95,epsilon_greedy,exp,0.6,0.9995,none,2000,True
e1a,q_learning__7449ebfb__s45,q_learning,7449ebfb,45,15000,24.840463152000666,completed,30,3.611038631751258,324126,"[-1.1416321493210495, -2.5225111734741374, -3.778456713606312, -4.562167055113216, -4.37629018398391, -4.039956984322368, -3.7234893638168485, -3.277170865425141, -2.793172428372535, -2.275978263983456, -1.7744837568183047, -1.357011989242839, -1.1338303000717544, -0.7456904594776589, -0.6027087063286987, -0.4541588135160149, -0.17715015564665007, -0.08463464058875464, 0.03381450615460958, 0.12295702499368133, 0.298141575082657, 0.4009758223410793, 0.5234787860558423, 0.6089823152385547, 0.6459283373158445, 0.7042032367950392, 0.7564261386631131, 0.7951689428673594, 0.830773219228928, 0.8561253746339369, 0.8928078068235797, 0.9273557866503861, 0.9457100433512085, 0.9701697699550226, 1.0295817011695565, 1.052987997072111, 1.0603138040136606, 1.076311904841688, 1.0813962802392134, 1.0950339170126278, 1.1155775618070871, 1.125669237486435, 1.1326727568566042, 1.139802788794533, 1.2045985271797681, 1.204777442488353, 1.2048649374772509, 1.210373039063306, 1.2148810688440268, 1.2217062493990463, 1.243735492542934, 1.2754451537761873, 1.2882250235292747, 1.2989464715860923, 1.3007630525479636, 1.310019303857164, 1.3106379103647392, 1.3208920870104448, 1.3231246943802362, 1.3297956482381774, 1.3298107106227894, 1.3300853083746937, 1.3325535260576804, 1.3329405066606486, 1.337262783480221, 1.3409161502126854, 1.3429880651125288, 1.3436759881400964, 1.3472753669399233, 1.3475895424702846, 1.3487876545294706, 1.3526333044080405, 1.3527424650814317, 1.3543671210201482, 1.3554536783319593, 1.3584599077700343, 1.358655485882436, 1.3605898812577641, 1.3609762571072122, 1.361353272931921, 1.363494181698063, 1.3640364925100328, 1.3676002128723643, 1.3703419776176502, 1.3733370848911879, 1.3739433280005309, 1.374022621310984, 1.375198939994381, 1.37549893408068, 1.376737248072863, 1.3775124642127108, 1.3782358104873673, 1.3791636676392072, 1.3793938343508396, 1.379608162934367, 1.38029345671177, 1.3806276766180678, 1.3808355184530379, 1.381544755727595, 1.3817830402586784, 1.3822445157111836, 1.3823372813494634, 1.382395236501662, 1.3825480456540202, 1.3827063463845382, 1.3829865658369784, 1.3830946029267372, 1.3834150700053844, 1.3835149470563477, 1.3836178789424014, 1.3838359377049516, 1.383906795096968, 1.3839340759406258, 1.3839340835303833, 1.384026930100192, 1.3841080521416462, 1.3841260690197728, 1.3841587347708577, 1.3841656404734444, 1.3842276782546674, 1.3842714255050115, 1.3843096165283737, 1.3843467240307643, 1.3843817254623534, 1.3843909743601701, 1.3844107328540691, 1.3844323149484843, 1.3844343920466622, 1.3844471853928728, 1.3844914863501776, 1.384502524880621, 1.3845025300967182, 1.3845157872917555, 1.384515787393639, 1.3845389548176297, 1.3845412379211486, 1.3845466934362878, 1.3845485199317134, 1.3845711305989818, 1.3845778349107993, 1.3845898124978537, 1.3846167177696413, 1.384642339747429, 1.3846618646251014, 1.3846745855585225, 1.3846824562024216, 1.3846964364903027, 1.3846971883221393, 1.3847042819029385, 1.3847076438077368]",8.05,2.491906089642216,8.0,12.95,13.0,1.0,0.0,0.0003287629999795172,24000,0.2,0.95,epsilon_greedy,exp,0.6,0.9995,none,1500,True
e1a,q_learning__7449ebfb__s46,q_learning,7449ebfb,46,15000,26.7950552659986,completed,12,3.5425979167836705,324263,"[-1.0467265404207506, -2.3335252415836547, -3.41197795465043, -4.4597375791153535, -4.572938517312532, -4.467082103692461, -4.0837263785932, -3.526921494438034, -2.952489431947987, -2.25057584598249, -1.9270581104482107, -1.5717177455993494, -1.3005598792051098, -0.9364651369286089, -0.5472124949938305, -0.34170066139549615, -0.20513550306549072, 0.01686711180682131, 0.1447753127132102, 0.22486974431763213, 0.3726175861608707, 0.4681044441562339, 0.4888877545709075, 0.5610821280368756, 0.580536843206971, 0.6197549168149277, 0.6274359949542363, 0.718374606252649, 0.761084041827179, 0.7832847954090473, 0.866462667613002, 0.901255135362231, 0.9074221542993869, 0.9405687158883482, 0.9504350834421051, 1.0171362450538735, 1.0397251522851552, 1.1112996245430298, 1.1257553204804236, 1.135092254560662, 1.1420496020201603, 1.1526757131907206, 1.1967249303416314, 1.2282081649639938, 1.2373401997874192, 1.2592756254605493, 1.2674271356845037, 1.2743162394448697, 1.2887920971905158, 1.2964787068176973, 1.307978841264906, 1.308016391701613, 1.3101690683238096, 1.3234345322261718, 1.3250585107474384, 1.3267217479030526, 1.3451754007352144, 1.3572089833767185, 1.3604327866720909, 1.3638852695881272, 1.3641897295558654, 1.3648282095367776, 1.3701351320279544, 1.3702720108267095, 1.3767969516165326, 1.3822502900531701, 1.386998389449139, 1.3902560185975261, 1.3960647040371585, 1.3990126939504455, 1.3992790839297768, 1.4012064301855651, 1.4020252736803633, 1.404134002295914, 1.4059227614555885, 1.4069982057802761, 1.4078023362523666, 1.409682909528012, 1.4107580739452277, 1.41076412881831, 1.4132410260542043, 1.4137909328746832, 1.414235195999838, 1.4151717625577378, 1.4156782794591973, 1.4160138778587101, 1.4161018300089026, 1.4163261705273595, 1.4164365410391129, 1.416476978888433, 1.4168346064295279, 1.4170760175273462, 1.4171828111061786, 1.4175864806467173, 1.4176142981306217, 1.4179926815300015, 1.41808571733133, 1.418243014919451, 1.4187098083566798, 1.419203286359101, 1.4192390842542608, 1.4193082524894898, 1.4194032619817385, 1.41942066182843, 1.4194856157229327, 1.4194991903208485, 1.4196357286132815, 1.4196551040580532, 1.419730789744058, 1.419916177883892, 1.4200007523593108, 1.4200008136113962, 1.4200394444579532, 1.4200414559995598, 1.4201654031052988, 1.4201655399456443, 1.4201728413142056, 1.4202523202364392, 1.4203105883102467, 1.420351206322912, 1.4204137280949045, 1.4204793831938847, 1.4205108665590254, 1.4205286642890678, 1.4205334422916733, 1.420554972667863, 1.4205673995228458, 1.4205673999201547, 1.4205848595104527, 1.42059690686584, 1.42062177981473, 1.4206384383434576, 1.4206581155796851, 1.4206766312300594, 1.4206990019130221, 1.4206994724260211, 1.4207078426225521, 1.420711223348935, 1.4207178213952034, 1.4207328341664476, 1.4207359910108766, 1.4207408010051985, 1.4207425727044307, 1.4207445206043219, 1.4207596422489657, 1.420768214371242, 1.4207760144393617, 1.4207779451151474, 1.420779637395117, 1.4207832995440308]",8.05,2.491906089642216,8.0,12.95,13.0,1.0,0.0,0.00047749299999850337,24000,0.2,0.95,epsilon_greedy,exp,0.6,0.9995,none,1300,True
e1a,q_learning__7449ebfb__s47,q_learning,7449ebfb,47,15000,27.02214976600044,completed,13,3.5597190900406734,328703,"[-1.229425028643612, -2.6681826163240556, -3.593369215675764, -4.607948639877185, -5.06101243686889, -4.835605924254856, -4.234257043376831, -3.9525202266906656, -3.4440683526923963, -2.9182043930074846, -2.394813217541885, -1.7642386167215018, -1.4234951059887375, -1.0729783998533344, -0.746439407130573, -0.5709127747501639, -0.34649801178728196, -0.1675335442690711, -0.04541586923878064, 0.029166361778987564, 0.15525696133282157, 0.4192345257396704, 0.488500780103938, 0.5686630936714454, 0.6365024116035957, 0.671669369364082, 0.739885524598823, 0.7755975759265972, 0.7948732314284381, 0.8098335473865383, 0.8417017186370057, 0.9142810065647692, 0.9344662809578341, 0.9590181014314823, 0.9887157661397876, 1.0288734023929647, 1.0370792712531804, 1.0525709413682456, 1.0694556952756433, 1.0804543342507988, 1.0866964142856674, 1.1038669184405059, 1.104264144372866, 1.1157260698552098, 1.1210163282711085, 1.1269028890926998, 1.134070364899183, 1.1402073790812646, 1.1458299139248886, 1.145899808418733, 1.1506418006956476, 1.1510524760370475, 1.158838600982549, 1.1663936292184862, 1.1704404731374163, 1.175746391782942, 1.1788384711468565, 1.184831874285245, 1.1865658994176935, 1.1866975797821906, 1.1884795833762765, 1.192393777515952, 1.193679365495308, 1.2001911532982994, 1.2008972513700644, 1.202568342701634, 1.2045166503684341, 1.2058066928511089, 1.20668597952019, 1.2079228255171144, 1.2085648542899194, 1.2093796948362372, 1.2101746420093453, 1.211382686563556, 1.2128016295018438, 1.2138211399154832, 1.2145613960727197, 1.214749506530203, 1.2150643079070842, 1.2153642008923629, 1.2156244085900447, 1.215996856532443, 1.216347915665603, 1.2163914436306742, 1.216683866189847, 1.2171402967751226, 1.2176984068971908, 1.217835719374467, 1.2178400201930968, 1.2180229753453031, 1.2183989879017438, 1.218828590009341, 1.2189288453489067, 1.2189665274343013, 1.219187243784, 1.2193356588982902, 1.2194612609162752, 1.2194941376843051, 1.219593795117361, 1.2196499526465778, 1.2197013348073624, 1.2197653470425116, 1.2198679334789264, 1.2199022487717275, 1.2199210114538819, 1.2201228923814578, 1.2201884029443464, 1.2201884724640393, 1.220203286473539, 1.2202140196442814, 1.2202595799783817, 1.2203215695541343, 1.2203485811434158, 1.2204058521817585, 1.2204330612702488, 1.2204464279115368, 1.2204937202817387, 1.2204964633133109, 1.220524510027224, 1.2205248669038735, 1.2205573169723807, 1.220561987923614, 1.220565720652989, 1.2205829775251145, 1.2205881695582732, 1.220594522267948, 1.2205945239444835, 1.2206016074272354, 1.220611832046947, 1.2206172473201673, 1.2206276220671766, 1.2206276224550545, 1.2206406440325592, 1.2206559561040746, 1.220662715435508, 1.2206673387494427, 1.2206733949984792, 1.2206782756241703, 1.2206873858260032, 1.2206908010130857, 1.2206957434656447, 1.2206983630799522, 1.2206999010636819, 1.2207038722885528, 1.220707274879374, 1.2207094344041562, 1.2207119519687473, 1.2207140146282212, 1.2207180147248302, 1.220719609483751]",8.05,2.491906089642216,8.0,12.95,13.0,1.0,0.0,0.0006258920099571696,24000,0.2,0.95,epsilon_greedy,exp,0.6,0.9995,none,1400,True
e1a,q_learning__7449ebfb__s48,q_learning,7449ebfb,48,15000,26.795229469998958,completed,1,2.906871170175933,323930,"[-1.0682092085102082, -2.2409170835247663, -3.314466563076671, -4.258453005531131, -4.729340561985422, -4.444910196437996, -3.8493335624839653, -3.4249848016555307, -2.930873545376468, -2.4394824097790075, -2.057338297270641, -1.4376605693419457, -1.1411141764484352, -0.8565963339418493, -0.6414641103065788, -0.4598569871121716, -0.3714111898183183, -0.3183668722063659, -0.20634970205012582, -0.1621382795128561, -0.0951469439373104, 0.004433439158966879, 0.038225994613393106, 0.16604283547981863, 0.22865051978896472, 0.28333958329014286, 0.3336594034584009, 0.3788989349411416, 0.4640362648276021, 0.5180962601479787, 0.5321072121265026, 0.5954223992846918, 0.6622315895676107, 0.7298792605762088, 0.7521192730329814, 0.7595906532927987, 0.767903134710562, 0.7703304703692474, 0.7785238425017624, 0.7960865630656461, 0.8173277096796986, 0.8230236967735391, 0.8268721389701678, 0.8456514754509966, 0.8511036380425069, 0.8565043969807417, 0.8575060263420303, 0.8604952814171878, 0.8669496603825224, 0.8745710392064663, 0.8809164169693865, 0.883727720430319, 0.8884122311840031, 0.9029498659437604, 0.9060854726145043, 0.9072364171276185, 0.9146931002714904, 0.9279228754884308, 0.9310906407353119, 0.9425889266254226, 0.9427649702548536, 0.9511701147151413, 0.9577914640603848, 0.9608810375299608, 0.9620576884951094, 0.9667351707303258, 0.9716080397411833, 0.9725225352806626, 0.9734000951818462, 0.973427005688625, 0.9764847271370165, 0.9779879825909055, 0.982921121519009, 0.9854791833045228, 0.9863514512738464, 0.9891083734172342, 0.9900639065732734, 0.992547708184677, 0.9941046172892634, 0.9955444256508248, 0.996216498824307, 0.9962957997441578, 0.9978581440153952, 0.9982799033837997, 0.99943937693152, 1.001521173207894, 1.0017944898874427, 1.0025052327939725, 1.0025057859055704, 1.0033593315210447, 1.003729533594166, 1.003830363825819, 1.0042153067654587, 1.0043601903624328, 1.004729666758656, 1.0049476514544862, 1.00500128028951, 1.0058116869097282, 1.0058130026072272, 1.0058393599726425, 1.00594523794406, 1.0062986648681858, 1.0063296543903748, 1.0070057863971917, 1.0076890856407665, 1.0080592807708475, 1.0082115760735315, 1.0082169157021856, 1.0082730601010672, 1.0082834991081349, 1.00833485099992, 1.0083460388253684, 1.0085013150741187, 1.008514175380171, 1.0086548128220358, 1.0089640407140448, 1.0090745711155704, 1.0091528228011986, 1.0091537218954134, 1.0092425095333868, 1.0092425119464512, 1.0092428222875691, 1.0093699070460584, 1.0094734258267353, 1.0094757323440535, 1.009498640804165, 1.0095702622382523, 1.0095721072772543, 1.009572107677846, 1.0095933162409905, 1.00962139419762, 1.0097166668394597, 1.0097167769844015, 1.0097233752319434, 1.009726506390213, 1.0097849023645398, 1.0098017477675685, 1.009828743529582, 1.009883200491151, 1.0099026381804779, 1.0099042481888658, 1.0099164700006247, 1.0099303684821748, 1.0099453305516817, 1.009956913428648, 1.0099648803152221, 1.0099814055509893, 1.0100006160376607, 1.0100034159766669, 1.0100034159795293]",8.05,2.491906089642216,8.0,12.95,13.0,1.0,0.0,0.0009189590001005853,24000,0.2,0.95,epsilon_greedy,exp,0.6,0.9995,none,1900,True
e1a,q_learning__7449ebfb__s49,q_learning,7449ebfb,49,15000,26.390798668999196,completed,52,3.0043967780571195,325968,"[-1.3293778029690126, -2.4311131911947745, -3.548571755942173, -4.394681307424595, -4.928348887329376, -5.1180072851450324, -4.681598953366372, -4.148416930886505, -3.568795063011138, -3.168801731203361, -2.781301379330066, -2.2735453344089236, -1.9171685673827, -1.6269031809607937, -1.344768085248757, -1.1421840341624405, -0.9393773826210324, -0.736172883445736, -0.6166725033247918, -0.594344428700168, -0.46114180404008126, -0.4256888328099606, -0.3279232342586843, -0.2472830709163049, -0.1378387678394747, -0.05908195147955387, -0.010778425467160346, 0.03570225114155271, 0.12226551504446655, 0.24780724418394856, 0.2551309539529879, 0.30374755407792997, 0.3115124827429995, 0.31439546996238604, 0.37534576635743466, 0.3957414467376877, 0.43059866532954344, 0.43492655498639804, 0.492280068287353, 0.4980154188801792, 0.5356863937346155, 0.5722502575117032, 0.6012739848635191, 0.6124092090965694, 0.6294652216661069, 0.6302061190290839, 0.6464758386998766, 0.6650351984887376, 0.6656349739603512, 0.7263772342822209, 0.7268041625469805, 0.7350774139050686, 0.7387797432861436, 0.7406976338978211, 0.7607349446102933, 0.7670120136666618, 0.7773906740078178, 0.7983078772527733, 0.7983665938494845, 0.8121090338028427, 0.8177338174591612, 0.8254548849095549, 0.828726062476596, 0.8339278936421161, 0.8355824727684855, 0.8385478120146723, 0.8452349954800797, 0.8550014058019009, 0.8608562251329969, 0.8609128510303787, 0.8642583567545931, 0.8694069297464556, 0.8709641148754316, 0.8712068525580113, 0.8712113224978574, 0.871219973019093, 0.8760789964848577, 0.8760795380297692, 0.8780844973682702, 0.8796410940922343, 0.8797873375739449, 0.8874872327928195, 0.8899570339621393, 0.8913165131924984, 0.8932910647465417, 0.8958014999002518, 0.8981291531469249, 0.8982921623652858, 0.8991204829723111, 0.9003735811928956, 0.901693604068896, 0.9017488351746136, 0.9026588983486125, 0.9030849198229257, 0.9031131087806561, 0.9042402821260888, 0.904623357066388, 0.9046236860894713, 0.905148832253212, 0.905479699232503, 0.9061944767551068, 0.9068077617721966, 0.9068079632822779, 0.906868086563008, 0.9074600633913545, 0.9077946533628137, 0.9081470574048758, 0.9086503070154313, 0.9088254161451979, 0.9088369507412429, 0.9088369674044315, 0.909224159467934, 0.9092242426922007, 0.9094798760848727, 0.9097958347470431, 0.9099054299948129, 0.9100413293388321, 0.9101454472882237, 0.9102167465449834, 0.9105008825254595, 0.9106342620506893, 0.910726179491675, 0.9107561777821722, 0.9108705572720628, 0.9109705041429328, 0.910983221354697, 0.9110739383919298, 0.9110739808853179, 0.9111494981657987, 0.9111834454593448, 0.9112946034730391, 0.911445843206126, 0.911501450858865, 0.911580273164158, 0.9116025244610463, 0.911807137932783, 0.9118356459053464, 0.9119715287392007, 0.912029768178876, 0.9121064115976744, 0.9121298550119862, 0.9121689411467412, 0.912176471905583, 0.9121909794211478, 0.912250490091857, 0.912253797909676, 0.9122540843847579, 0.912254084685929, 0.9122622756132663, 0.9122818208435152]",8.05,2.491906089642216,8.0,12.95,13.0,1.0,0.0,0.0010911640001177148,24000,0.2,0.95,epsilon_greedy,exp,0.6,0.9995,none,1500,True
e1a,q_learning__7449ebfb__s50,q_learning,7449ebfb,50,15000,26.695254274000035,completed,17,3.813187642904556,324431,"[-1.1032356365318055, -2.284833212556919, -3.3865557937151625, -4.301449692452942, -4.839684742720431, -4.498112831147547, -4.009060141209876, -3.4164229406168642, -2.8237152644510384, -2.3648254852208512, -1.8418328507627661, -1.4885198377179614, -1.25419626025882, -0.8399717335734304, -0.5736156513670222, -0.34338946307013385, -0.27874121733052726, -0.15519088286135302, -0.08408174110816023, -0.006456959129921339, 0.07440054119676336, 0.13391583998517714, 0.17949714589222782, 0.26338988233828714, 0.33671605192890625, 0.4644738342525757, 0.5827919198915892, 0.6380933263174733, 0.6614231368659442, 0.6696511952573798, 0.6926517195204244, 0.7009377832051231, 0.7348371056025098, 0.7643222433606706, 0.768796046497154, 0.82344691134323, 0.8394764120230088, 0.8532657678114063, 0.8758139603253761, 0.8851198405530025, 0.8968445916435717, 0.9018097358925043, 0.9089441938365435, 0.9249136561867531, 0.9298683482118772, 0.9391532288098834, 0.9424306879537744, 0.9560984604377408, 0.974126004459029, 0.9915131967937371, 0.9923565925765037, 1.0221211395781211, 1.032602376084762, 1.0346452348203614, 1.0346923376160786, 1.0356243914780598, 1.0432342552263445, 1.046133928566725, 1.0500822525852558, 1.0534057543053703, 1.0593714983379725, 1.060345190064079, 1.0626965389000225, 1.0673238390965685, 1.0706214632292685, 1.0737850095276518, 1.0766305434051384, 1.0802843204624382, 1.0829474706229658, 1.0832204229593265, 1.0845725672711568, 1.0865507994204464, 1.0904607151045151, 1.0913953966170087, 1.0929390437606867, 1.0945914256071467, 1.0978443034496912, 1.0982753299040822, 1.0993009034877361, 1.1011281645838376, 1.101130278060656, 1.1023328849466751, 1.1043411421799545, 1.1049980407514668, 1.105066450069035, 1.1052853138635796, 1.105398604476008, 1.1058267983031616, 1.1060245952221728, 1.106165405680739, 1.1063991068274532, 1.10721293514098, 1.1074637895892918, 1.1076980702614958, 1.10810221363531, 1.1085073635035558, 1.1087438030166574, 1.1089213328945244, 1.1090291936221766, 1.1094706146085007, 1.1095169200281874, 1.1097723989228618, 1.1100344024435087, 1.110155068668562, 1.1103352425019422, 1.1104766055489654, 1.110658031521004, 1.11067470373872, 1.1107410097835766, 1.110897526251569, 1.1110519549438616, 1.1111428212201204, 1.1112092336909594, 1.111234168787008, 1.11127672755621, 1.111281411654049, 1.111312156820788, 1.1113342527555359, 1.1115263716526897, 1.1115327708588534, 1.1117014417189048, 1.111714437274889, 1.11175476286636, 1.1117760238454175, 1.1117822332358216, 1.1119021149823138, 1.1119318853972031, 1.1119846302329448, 1.1120047643928117, 1.1120847761237187, 1.1121569342726039, 1.1121723405290325, 1.1121815972334348, 1.1121942071263848, 1.11225181039948, 1.1122518109195398, 1.1122522101803027, 1.1122555866462942, 1.1123067296930849, 1.112315030118693, 1.1123210295318875, 1.1123256527357257, 1.1123499912421926, 1.1123509244134588, 1.1123543767039357, 1.11235685090012, 1.112360019231318, 1.1123606164504631, 1.112361268463767, 1.1123658175831794]",8.05,2.491906089642216,8.0,12.95,13.0,1.0,0.0,0.0005787680000685214,24000,0.2,0.95,epsilon_greedy,exp,0.6,0.9995,none,1300,True
e1a,q_learning__7449ebfb__s51,q_learning,7449ebfb,51,15000,28.603714595999918,completed,9,2.8844410203711917,326879,"[-1.2239336268187648, -2.35862743398898, -3.6063202023624394, -4.422417103494585, -4.766753021267794, -4.678642700587727, -4.184223907160075, -3.4576296674130735, -2.7722392130577376, -2.258849925346908, -1.9785277687417702, -1.6351587057565393, -1.352994313500275, -1.146519907534706, -0.7353099996529584, -0.4518696990160304, -0.27723075284357984, -0.21256676691153306, -0.09371689170386502, 0.0007191155249011001, 0.0683173127349425, 0.18914771328371469, 0.27494355035484946, 0.3079135954924356, 0.3627626989613731, 0.43431828425637103, 0.4917048647339024, 0.5301791336779741, 0.570794735849696, 0.6254270386386633, 0.6350295448077607, 0.6653819911416898, 0.6848855172255237, 0.697269947260368, 0.7304846951561743, 0.7540281482570933, 0.7843456989384993, 0.7928167000686382, 0.8175437053544095, 0.8386309913281943, 0.846285966810217, 0.8658242118152347, 0.8892572744088381, 0.9220843622488303, 0.9221864968675855, 0.9394567541440161, 0.9416719610215697, 0.9467394430935346, 0.9500319778581062, 0.950070544491259, 0.9554033907007197, 0.9568867145637252, 0.9735359840537197, 0.9763034957588407, 0.9763085602761457, 0.9818048471475865, 0.9859906328801334, 0.9860004936216153, 0.9983916384189461, 0.999903360222455, 1.0178620899841035, 1.0185625219647103, 1.0185643934726003, 1.0196212413171777, 1.0272680614487706, 1.0286672976849074, 1.0294485909461293, 1.0299487175439401, 1.0316306147949155, 1.0355049584663483, 1.035505067670317, 1.0401982772852358, 1.0411378396449658, 1.0416678569809181, 1.0418603279785965, 1.0460521447503095, 1.046052184678376, 1.046242903998008, 1.0463474866603621, 1.0499831997562, 1.0506177049045955, 1.0574329547848411, 1.0607610481649337, 1.0633719183204677, 1.0639917273690165, 1.0674124772058975, 1.0684394459289763, 1.069589673639869, 1.0698953923014434, 1.0701059572620037, 1.0702258905053368, 1.0717329406261105, 1.0722820466034295, 1.0722967347344403, 1.0730354247625293, 1.0730818378002838, 1.0742722545822132, 1.075278800506271, 1.0753897392691987, 1.0753967421636932, 1.077027016055755, 1.0773623209766012, 1.077702744294781, 1.077849759466608, 1.0778637054431557, 1.0781433876448487, 1.0782383252289192, 1.078351257138224, 1.078446203981509, 1.0784757223249535, 1.0788871506528195, 1.078887208221203, 1.0790245902524123, 1.0791800862369596, 1.0796013043294155, 1.0797053238031522, 1.0797098936348075, 1.0799054806540267, 1.0799813289085365, 1.080333643506275, 1.0803426019452675, 1.0803497686643835, 1.0804536788508252, 1.0805575556757077, 1.0806421348611333, 1.0806730196388392, 1.0807195713851176, 1.0807298914987484, 1.08078507804314, 1.0808035810000953, 1.0809465115478873, 1.0809613037050072, 1.080994019901937, 1.0811185181436223, 1.081212880319208, 1.0812160703391085, 1.0812278686970245, 1.0812331329051539, 1.0812340192458685, 1.081234019908217, 1.0812393046532818, 1.0812532072536116, 1.081253207427893, 1.0812631513325102, 1.0812731456184868, 1.081284935297915, 1.0812950897930513, 1.0813030845807614, 1.0813680411277844, 1.0814251084032853]",8.05,2.491906089642216,8.0,12.95,13.0,1.0,0.0,0.0005113430100027472,24000,0.2,0.95,epsilon_greedy,exp,0.6,0.9995,none,1500,True
e1a,q_learning__807a4f63__s42,q_learning,807a4f63,42,15000,24.3528440150003,completed,50,2.8455403704744726,320309,"[-1.6644899936632458, -3.0366752354079867, -4.1509120308965795, -4.212845858410861, -3.9713392892624575, -3.4013073897086414, -3.1066046344758944, -2.8252782821310314, -2.597327113850121, -2.392731678991709, -2.2828158880739635, -2.1465116906291883, -2.020069954479654, -1.97254623635761, -1.8640177432192322, -1.7582024946858537, -1.7380308331787049, -1.7125643350878523, -1.6879932111541835, -1.6504431694022432, -1.6228632715916322, -1.5921558338925825, -1.5824485858562622, -1.5648182733497251, -1.5508028901455277, -1.5364440368260452, -1.5342593194530632, -1.532411313355844, -1.532364614065973, -1.531337796622597, -1.512486245699453, -1.490887552474188, -1.4818155581245058, -1.4801457702314023, -1.4800138103621987, -1.4797216005064726, -1.4751640940978343, -1.4690963029511204, -1.4689828820198751, -1.4670200730359464, -1.4656909011314179, -1.4603719446246002, -1.460276079609296, -1.458713632486724, -1.4585172100653874, -1.4585069051180013, -1.4584702531210747, -1.4577588606289056, -1.4571143438866314, -1.45520930245251, -1.454122870391321, -1.4532944103015288, -1.4531238975621574, -1.4526023444011689, -1.4518958189453604, -1.4515289884221478, -1.4510685010608948, -1.4507688520732533, -1.4504644533173674, -1.4503759638098794, -1.450363714761758, -1.4503632916848141, -1.4500932204383696, -1.4500106500323204, -1.4498801670688346, -1.4498574880224007, -1.4498118593539322, -1.4498098161083226, -1.4497130859702, -1.4497130642188496, -1.4495489683329623, -1.449500897355518, -1.4494996371193898, -1.4494619800047972, -1.4494617158295122, -1.4494615449236645, -1.4493924940405762, -1.449371266374532, -1.4493671613474508, -1.4493667553587435, -1.4493642652067706, -1.4493639826120526, -1.44933946538286, -1.449339039191219, -1.4493389757649775, -1.4493388802761598, -1.4493316494096324, -1.449323119418607, -1.4493115654508066, -1.4493058190501127, -1.4493049376443141, -1.4493029490317353, -1.4492965479341562, -1.4492965274800556, -1.4492965099186965, -1.4492959118192965, -1.4492958744262334, -1.4492944961224798, -1.449294495972399, -1.4492938249001077, -1.4492926730829478, -1.449292158428421, -1.4492883182925747, -1.4492845020306828, -1.449280855825755, -1.449280396896164, -1.44927955127673, -1.4492787467935782, -1.4492787029281504, -1.4492787022662594, -1.449278109662799, -1.4492778855385362, -1.4492772445787059, -1.4492768555544733, -1.4492767891805702, -1.449276769825434, -1.449276353455904, -1.4492762846600122, -1.4492761827152563, -1.4492761698967347, -1.449276099444533, -1.449276099367071, -1.44927605048393, -1.4492760132001294, -1.4492759644509408, -1.4492759377531201, -1.449275902845392, -1.4492758619678228, -1.4492757983001665, -1.4492757978776678, -1.4492757472278746, -1.4492757406938848, -1.4492757337667015, -1.4492757295600804, -1.4492757137637926, -1.4492757106507574, -1.4492757104817986, -1.4492757104732923, -1.4492756974037369, -1.4492756973977023, -1.4492756896032277, -1.449275689559088, -1.4492756827491966, -1.4492756827092663, -1.4492756777339586, -1.449275672782553, -1.449275665134582, -1.4492756628991927, -1.4492756628781607, -1.4492756614116389]",8.05,2.491906089642216,8.0,12.95,13.0,1.0,0.0,0.00047311793996414054,24000,0.3,0.9,epsilon_greedy,exp,0.6,0.9995,none,1100,True
e1a,q_learning__807a4f63__s43,q_learning,807a4f63,43,15000,23.812741454999923,completed,17,3.1592878944471012,317442,"[-1.5681419572079311, -3.1138240639912658, -4.031662791486069, -3.902809163067111, -3.6208864980254916, -3.2729723507444395, -2.8061111189211045, -2.53134929052339, -2.2811995267336456, -2.123694583834811, -1.958423979309245, -1.8412024603785235, -1.8069692572578593, -1.7430106814107684, -1.6437387634598275, -1.597789511510044, -1.5286895788999788, -1.51444288620931, -1.5071012652663112, -1.4927250868153223, -1.458963012247249, -1.4519224828080655, -1.4420988164502144, -1.4323693307244303, -1.4313702545709528, -1.4237203219707415, -1.3984960751197102, -1.3894745857000668, -1.3876400012698407, -1.3859899129333233, -1.3824799612919747, -1.382282403515877, -1.3803980054986171, -1.3772904523566964, -1.3742265527102746, -1.3537938616600227, -1.352776372092302, -1.3525719193147345, -1.341799881112246, -1.3375533866356697, -1.337493989571481, -1.3332397452021882, -1.3324604728711038, -1.3304188463843523, -1.3304188424106067, -1.322806825232831, -1.3227844362843497, -1.3227828378173967, -1.3219946835869236, -1.320814450952423, -1.3119845738420048, -1.3115838677173426, -1.3091512949868103, -1.308764302928337, -1.3057010332355705, -1.3052990073416948, -1.3051116183900857, -1.3049164327454976, -1.3048596071642542, -1.304622933829884, -1.3045500365090001, -1.3037076519917563, -1.3037072693153469, -1.3036886998060973, -1.3036886960748082, -1.3036882459559858, -1.302978236438937, -1.3029777569242593, -1.302975359988408, -1.302535886072979, -1.3025330352900366, -1.302211903502529, -1.3021775284372903, -1.3021361216855185, -1.3021114390653865, -1.3020692054162188, -1.3018408302584288, -1.3018249897087915, -1.301819105632792, -1.3018191054834412, -1.3018185575671346, -1.301813928397536, -1.3017924690244491, -1.3016351049429948, -1.3016292214914695, -1.301608538520907, -1.3014985437538762, -1.3013733196547803, -1.3013377877622472, -1.301337064544833, -1.3013366170661114, -1.301335797426476, -1.3013115782241467, -1.3013112795004773, -1.3012941265749192, -1.3012895012757937, -1.3012881760862942, -1.3012764322045896, -1.3012760674934174, -1.3012747943860894, -1.3012744853969982, -1.3012723431603028, -1.301272317213837, -1.301262567407697, -1.3012563828044892, -1.3012562443331164, -1.3012562243346582, -1.301256113680224, -1.3012557882589768, -1.301255788249989, -1.3012557814022938, -1.301255680656368, -1.301251663255094, -1.3012503810399154, -1.3012503550070091, -1.3012503254881511, -1.3012473717869057, -1.3012454032524992, -1.3012453648864761, -1.3012429563063426, -1.3012428549838841, -1.301242795449963, -1.3012427824740977, -1.3012427789600407, -1.3012427692857054, -1.3012420770687834, -1.3012413604645146, -1.3012403972845648, -1.3012400625292047, -1.301239649304226, -1.3012396401339075, -1.301239619713447, -1.3012393874217842, -1.3012391453785406, -1.3012391438231916, -1.3012389623753982, -1.301238952086101, -1.301238938826596, -1.3012387751165195, -1.301238654676965, -1.3012386546769446, -1.3012386542179857, -1.3012386536225287, -1.301238650332018, -1.3012385333056986, -1.3012384519288664, -1.3012384516979658, -1.3012383697570007, -1.30123836967524, -1.3012383672452372]",8.05,2.491906089642216,8.0,12.95,13.0,1.0,0.0,0.0005217809200621559,24000,0.3,0.9,epsilon_greedy,exp,0.6,0.9995,none,1400,True
e1a,q_learning__807a4f63__s44,q_learning,807a4f63,44,15000,23.832947472999876,completed,45,3.1852629404807384,319145,"[-1.4402809151327018, -2.966111976489393, -4.101049533658003, -4.280442162897829, -3.8900074777567166, -3.539910499739372, -3.1375714910969466, -2.8040269339370303, -2.4896067542556515, -2.2169120163935156, -1.9927726753885813, -1.865296915845455, -1.8105268984807423, -1.774936896498151, -1.7322151114354833, -1.6417509455078139, -1.6106144936689593, -1.6023285649534595, -1.5857534659627908, -1.5706489098699536, -1.5410341555767053, -1.5383195293462937, -1.5361729231166492, -1.5298445253332527, -1.524341714883667, -1.5152168189616142, -1.5059734518004144, -1.502875316449303, -1.502557071917813, -1.4969086321977287, -1.4956709467397507, -1.4910736594284133, -1.4897147734799114, -1.4833793149351409, -1.4801740163333563, -1.4755203933704537, -1.466471551201193, -1.465968235993596, -1.464445217203154, -1.463985499904015, -1.4636875885985117, -1.4625425141590134, -1.4608953878834812, -1.4597813452550683, -1.4566687740797277, -1.4565880034086378, -1.456061038368051, -1.4545511461289713, -1.4545365127912568, -1.454511583884543, -1.454440626043837, -1.453020219526418, -1.4526535142478365, -1.4526467996452803, -1.4524609904575139, -1.4524591073775115, -1.4517287951748583, -1.451529858465798, -1.4506605059901174, -1.450658795193938, -1.450657884609829, -1.4505637226113923, -1.4504937073373796, -1.450493692228227, -1.4504794708460933, -1.4501306426088285, -1.4501296498996947, -1.4501291848754105, -1.4501289599021756, -1.4500206061570031, -1.4498452790053884, -1.4498436799898897, -1.449834914928437, -1.449811884462959, -1.4496674201463249, -1.4496617648151013, -1.4495759180020762, -1.4494737590455873, -1.4494587406222297, -1.4494275175424345, -1.4494216349801512, -1.4494216216401408, -1.4494142822586087, -1.449414238144393, -1.4494142356879272, -1.4494087889608822, -1.449408788366327, -1.4494042957889555, -1.4493977709783006, -1.449393028512212, -1.4493883766366007, -1.4493865091276363, -1.4493865090365365, -1.4493837852972162, -1.4493815797598961, -1.4493507870341211, -1.4493506091395227, -1.4493502676762564, -1.4493500304097735, -1.4493282234943838, -1.4493279771978287, -1.4493133734817047, -1.4493128796996015, -1.44931258360446, -1.4493125835923288, -1.4493125022327704, -1.4493021938945863, -1.4493013319204555, -1.4493013310259486, -1.4493013303950069, -1.4493012194379544, -1.4493007923720755, -1.4492936101302725, -1.449288314246173, -1.4492882478897469, -1.449288139205175, -1.449287935260436, -1.4492878011931267, -1.4492877332826921, -1.4492876176767013, -1.4492876173697693, -1.4492841356596782, -1.44928412342754, -1.449284088945, -1.4492840171681263, -1.449283991707411, -1.4492839226960852, -1.4492839225458591, -1.4492839224406218, -1.4492814974753618, -1.4492814974752528, -1.4492814577437814, -1.4492797484954478, -1.4492785288930867, -1.4492785203218037, -1.4492771063245078, -1.4492771034557355, -1.4492771006161584, -1.4492770724102833, -1.449277065256656, -1.4492766419033356, -1.4492766395440273, -1.4492766395440246, -1.4492766357851161, -1.4492766357851146, -1.4492763504901496, -1.4492760088792875, -1.4492760081904954, -1.449276005963107, -1.4492760044735769]",8.05,2.491906089642216,8.0,12.95,13.0,1.0,0.0,0.0005918349200692319,24000,0.3,0.9,epsilon_greedy,exp,0.6,0.9995,none,800,True
e1a,q_learning__807a4f63__s45,q_learning,807a4f63,45,15000,23.78220396300094,completed,30,3.94891124235529,315403,"[-1.4928643233433034, -2.9153329251185958, -4.131033327528245, -4.288986860329468, -3.963451665002779, -3.2612151176098925, -3.00347331889451, -2.66660349294342, -2.374455044177627, -2.242351430023378, -2.099861101256267, -2.057079591909989, -1.986693616591609, -1.933625430037914, -1.8864939225174289, -1.8260504447426922, -1.797653859481234, -1.766512503189784, -1.7144724800960374, -1.6857767199231135, -1.6463272209692807, -1.6303299957381059, -1.625007478950765, -1.6163319921172077, -1.6141229918223803, -1.6060665227524118, -1.6008093015721458, -1.5989459324167081, -1.5885384987850808, -1.5840333809995912, -1.5828703695893334, -1.5802453978188495, -1.5790536471587457, -1.5763324973293236, -1.5750317943250869, -1.5734026105251444, -1.5724661815785121, -1.5721353574477075, -1.5687941999586057, -1.5683763149024033, -1.5680930604206549, -1.5656886871218938, -1.5642408599397128, -1.5628447654736835, -1.5614160113229267, -1.5608738820641068, -1.5602525861051564, -1.559770543667167, -1.5593787294856358, -1.5592996182852272, -1.5591092087539098, -1.558932580729121, -1.5586536314926114, -1.5585463999932239, -1.5583877671242437, -1.5583413876425092, -1.5582347065954034, -1.55823446333341, -1.5579540110739682, -1.5579296651379517, -1.5577875640293757, -1.5577874791443322, -1.5577123579543894, -1.5576008895512212, -1.5575640301914724, -1.5575462783672611, -1.557430482050181, -1.5573937791535566, -1.557358560211803, -1.557358526356358, -1.557355469074731, -1.5573436971988082, -1.5573422138660684, -1.5573411280654288, -1.5573323949463513, -1.5573167157904135, -1.5573056080890837, -1.5573052081503038, -1.5572948222402136, -1.5572762997726894, -1.5572762968913076, -1.557271429533728, -1.5572714287038691, -1.5572684351328336, -1.5572476315108617, -1.5572387191000552, -1.5572351628866612, -1.5572349852858094, -1.5572248253362104, -1.5572226621983216, -1.5572220052194945, -1.5572149016194952, -1.5572143722058736, -1.5572133084700603, -1.5572128671789356, -1.557212677173087, -1.5572122452553856, -1.5572118930515813, -1.5572114346194434, -1.5572113451589809, -1.5572109585144962, -1.5572109072801383, -1.5572108209122397, -1.5572063431927705, -1.5572032806069438, -1.5571996470421998, -1.5571984747313357, -1.5571982849645913, -1.5571975552136528, -1.5571975532987286, -1.5571974621451254, -1.5571967663711788, -1.5571966425442272, -1.5571966021807753, -1.5571965929069584, -1.5571962366691219, -1.5571961818277387, -1.5571961611790002, -1.5571958758525957, -1.5571958654666838, -1.5571958566666226, -1.5571956768632385, -1.5571956726262415, -1.5571956715552766, -1.5571956713608228, -1.5571956688671655, -1.55719546113675, -1.5571954197093587, -1.557195417995998, -1.5571954154425667, -1.5571954148461653, -1.5571953268602798, -1.5571953255231215, -1.5571953246660784, -1.5571952706072458, -1.557195270429182, -1.5571952693776374, -1.5571952399022675, -1.5571952398376194, -1.5571952189142102, -1.5571951837848859, -1.5571951837848856, -1.5571951837261186, -1.5571951726912183, -1.5571951725366122, -1.5571951544133866, -1.5571951544083389, -1.557195154359031, -1.5571951501733436, -1.5571951383648694]",8.05,2.491906089642216,8.0,12.95,13.0,1.0,0.0,0.0005485770000450429,24000,0.3,0.9,epsilon_greedy,exp,0.6,0.9995,none,1300,True
e1a,q_learning__807a4f63__s46,q_learning,807a4f63,46,15000,23.76519028199982,completed,12,3.1729323976410213,316866,"[-1.499215020388508, -3.083166119140313, -4.25916385786732, -4.412346519101579, -4.106641733116276, -3.4758691722693706, -3.12986509502315, -2.8218684751525154, -2.567408684997516, -2.2806785893508184, -2.0495407106989485, -1.9468063401603868, -1.9087205997495613, -1.8016205713929947, -1.7813230300129865, -1.7387678662715278, -1.7221475532593686, -1.6864478955450586, -1.6502312879859105, -1.6390457150137665, -1.6222688973932309, -1.6038595958003257, -1.6012472037155898, -1.59261193898407, -1.5693361524907026, -1.5684625800485128, -1.5674133411592783, -1.5640390003573963, -1.5615945481088682, -1.5584042221087246, -1.5565202146582757, -1.5550438858222297, -1.5550259660283676, -1.5508098524911145, -1.5444771708609368, -1.5399310247930307, -1.5396141839155557, -1.5395686416175713, -1.5369406376221297, -1.536632615073802, -1.5360300432968044, -1.5347665951645446, -1.534700226290459, -1.5347001844128316, -1.5341067523459853, -1.5339563212820932, -1.5336195043441758, -1.5330857822032244, -1.5315180600472604, -1.5313430545064606, -1.5313428767335753, -1.5309736223567005, -1.5307225982672097, -1.5306711337598684, -1.5303780758454673, -1.5301506477775024, -1.5300975167022943, -1.5300290739394944, -1.5298615702645124, -1.5298116404160025, -1.5296825598160773, -1.5295231631078319, -1.5293967611487083, -1.529311803953164, -1.5292267060884346, -1.529154001074133, -1.5291518453934707, -1.5291064205718679, -1.5290526047390856, -1.529045236977719, -1.529040716237741, -1.529032807601588, -1.5290325578289452, -1.5290283956338147, -1.5290282235967183, -1.5290282231818781, -1.529022908488192, -1.5290072636199679, -1.5290072634641416, -1.5289971868403034, -1.5289967452898212, -1.5289817671336177, -1.52897991109416, -1.528978221283724, -1.5289779769963707, -1.528969190170284, -1.5289686743211, -1.5289682104226254, -1.5289680350207955, -1.5289671958180167, -1.52896242293448, -1.528961890526675, -1.5289605653995937, -1.528958904685197, -1.5289577180394762, -1.5289569842160167, -1.528956582408726, -1.5289564885534743, -1.5289558884753893, -1.528955856636427, -1.5289557105978635, -1.5289550787048296, -1.5289547469539995, -1.5289546106998122, -1.528954147605962, -1.528954132112248, -1.5289540124626695, -1.5289539579548503, -1.5289537610810753, -1.528953596615353, -1.5289535820948414, -1.5289535803959182, -1.5289534101719249, -1.528953367314686, -1.5289533562603463, -1.528953356260271, -1.528953355677584, -1.5289531457718861, -1.528953145106407, -1.5289531445382385, -1.5289530838874692, -1.5289530838874532, -1.528952767207582, -1.5289526387816523, -1.528952626166061, -1.5289526258399708, -1.5289525795113785, -1.5289525352370936, -1.5289525345070927, -1.5289525072286672, -1.5289524579871234, -1.5289524571867017, -1.5289524099173635, -1.5289523891890267, -1.528952387674548, -1.5289523396330453, -1.5289523137352947, -1.5289523017918114, -1.5289522828053175, -1.5289522755319644, -1.5289522580432184, -1.5289522486181732, -1.5289522485408686, -1.5289522383888616, -1.5289522273945975, -1.5289522199078975, -1.5289522073011745, -1.5289522052676725, -1.5289521907286063, -1.5289521876350523]",8.05,2.491906089642216,8.0,12.95,13.0,1.0,0.0,0.0004059630000119796,24000,0.3,0.9,epsilon_greedy,exp,0.6,0.9995,none,900,True
e1a,q_learning__807a4f63__s47,q_learning,807a4f63,47,15000,24.211628491999363,completed,13,3.727519282310958,319397,"[-1.4015835563010066, -2.845390178723277, -4.114190061291557, -4.358468361874372, -4.144475221667748, -3.61496042781217, -3.086128036996926, -2.5863242246929956, -2.3849352259475927, -2.2830159953022378, -2.1524912599465464, -1.9559015291383608, -1.9126218278871372, -1.89521478503793, -1.8764564733241227, -1.8408007867305776, -1.8273628718327954, -1.8158891348360167, -1.802733510194541, -1.7996871524327338, -1.7781866892433413, -1.7706981451920076, -1.7487067638659786, -1.7422515725040788, -1.735158890053719, -1.7310248219713265, -1.7308396062921154, -1.7300713003314139, -1.7256196686796934, -1.7253652673281943, -1.7230084815443134, -1.7226490007977875, -1.720677005419886, -1.7168497381895838, -1.7139435034155184, -1.7116946682583623, -1.711024016939596, -1.7106930660600959, -1.7104203618878775, -1.710302464592139, -1.708904883798684, -1.7081751793900959, -1.7080335513862148, -1.7079221503948252, -1.707906474572518, -1.7079004341637067, -1.7078901111020477, -1.707879368645998, -1.707764305340748, -1.7076854680899745, -1.707684326975204, -1.7076843146423366, -1.7074797073994792, -1.7069440973831755, -1.7065305236530002, -1.7064754343754258, -1.706475351926017, -1.706056582182393, -1.7058795219694896, -1.7057452872817298, -1.7057436554940508, -1.7057416510653785, -1.7056093140941053, -1.7056016695568172, -1.7055426109914271, -1.7055364976986565, -1.7055357011070358, -1.7055356738941763, -1.7054847468338727, -1.7054137193832133, -1.705397988604933, -1.7053911669165045, -1.7053911635438375, -1.7053618083199658, -1.705348167153615, -1.7053457877056786, -1.7053456219262892, -1.7053390246984503, -1.705338958674968, -1.7053389320195802, -1.705317987445909, -1.7052957204901875, -1.7052880556788028, -1.7052735547574616, -1.7052625039986076, -1.7052571422847413, -1.7052517109158847, -1.7052503456727501, -1.7052503455788568, -1.7052494222678556, -1.7052494204399065, -1.705247638908561, -1.7052470095705057, -1.7052470094940952, -1.7052466108891593, -1.7052460294629816, -1.7052453506862288, -1.7052442656082583, -1.705244135327615, -1.7052441179826565, -1.705243279489081, -1.705242681421508, -1.7052426696046181, -1.705242296190521, -1.7052422961853333, -1.7052400702296813, -1.7052382137060265, -1.7052367997799134, -1.7052355503163865, -1.7052355143287838, -1.705235513178902, -1.70523551317801, -1.7052352138071496, -1.705235196780936, -1.7052351509102985, -1.7052345723389155, -1.705233905642054, -1.7052338175858863, -1.7052337140307867, -1.7052336413521538, -1.7052334579417512, -1.7052333669576893, -1.7052333458834816, -1.705233334923311, -1.705233314986302, -1.7052331867699642, -1.7052331793648987, -1.705233179328784, -1.7052331742125633, -1.705233173957141, -1.7052330842056789, -1.7052330047337345, -1.7052329957321075, -1.7052329894056906, -1.7052329849027383, -1.7052329377285234, -1.705232931607237, -1.7052328988945438, -1.7052328773230876, -1.7052328462318167, -1.7052328330628421, -1.7052328322873185, -1.7052328322873147, -1.7052328184522172, -1.7052328142365833, -1.7052328101981362, -1.7052328075200458, -1.7052328057191306, -1.7052328042250835, -1.7052328042134095]",8.05,2.491906089642216,8.0,12.95,13.0,1.0,0.0,0.0005213199999343488,24000,0.3,0.9,epsilon_greedy,exp,0.6,0.9995,none,900,True
e1a,q_learning__807a4f63__s48,q_learning,807a4f63,48,15000,24.005411840000306,completed,1,3.392034787557462,316546,"[-1.4141578663295555, -3.1755379779269854, -4.201385470810583, -4.631355815762822, -4.402169432962035, -3.926152224869576, -3.4529353811607706, -3.05255070011627, -2.7977895739918877, -2.6161193118921062, -2.476858171085103, -2.3343931137269505, -2.293033443056471, -2.1958097112902784, -2.1684636966889723, -2.147165824124571, -2.0985033359788905, -2.0650406186457997, -2.0516777202482257, -2.035444438894299, -2.028665057962388, -2.0255874543087353, -2.025557860797688, -2.0236182651659935, -1.9852784052093762, -1.9676328616147838, -1.9587464720277932, -1.9503020035186738, -1.9424766376744207, -1.9363053772246803, -1.9339919329930628, -1.9301717668990837, -1.9273428144068627, -1.920690071906667, -1.9189072474237356, -1.9179545091812116, -1.9135699609313668, -1.9117456901223202, -1.9109407340051006, -1.9089285975423507, -1.90874451553501, -1.9083480847098981, -1.9078065153121864, -1.9076897862671875, -1.9069556431410746, -1.9068966712503344, -1.9063810986173535, -1.9061073436251623, -1.9054947656904213, -1.9049696562626222, -1.9046650720034768, -1.9044407511694, -1.9044263753651678, -1.9040628158446182, -1.903440136314199, -1.903346951249939, -1.903157474553594, -1.9026767839688565, -1.9026764505905112, -1.9024090818163406, -1.9022625693930655, -1.9019823842638288, -1.901779865484829, -1.9017398866217343, -1.901718665641642, -1.9016487945834528, -1.901605007074941, -1.9015812354714787, -1.9015783764858638, -1.901559162916173, -1.901559063031478, -1.9015040953420528, -1.9015039096410626, -1.9014689641670017, -1.9014655334254995, -1.9013725115058322, -1.9013421517404188, -1.901336488854332, -1.9013042767320507, -1.9013042756709575, -1.9013037731508133, -1.9012866757807787, -1.9012758112764738, -1.901248209562699, -1.9012478835139848, -1.9012468146341917, -1.9012401536489187, -1.9012316378936676, -1.9011987305484555, -1.9011976558885413, -1.9011912249381224, -1.9011813324525693, -1.9011743822923604, -1.9011622045430998, -1.9011588110800515, -1.9011502453568736, -1.9011500787258533, -1.9011375365547811, -1.9011373176077695, -1.9011356732612519, -1.901135568338985, -1.9011294231528368, -1.9011282311744218, -1.9011221381223715, -1.9011182743819572, -1.901115223059769, -1.9011125176131562, -1.9011104876105955, -1.9011090493295264, -1.9011081276278339, -1.9011064968953149, -1.901105780936454, -1.9011050868506936, -1.901104318789301, -1.901104303343971, -1.9011039229219806, -1.9011036856719044, -1.9011036695952557, -1.9011035404247891, -1.901102814425735, -1.9011024158087448, -1.9011022412619785, -1.9011020747783605, -1.9011019588125027, -1.901101872330761, -1.9011017527176732, -1.9011016397288534, -1.9011016385369757, -1.9011015817786934, -1.9011015184878228, -1.9011015170245187, -1.9011014974101268, -1.9011014672025008, -1.901101123664778, -1.901101106070162, -1.9011010556893377, -1.9011010380072193, -1.9011007997036797, -1.901100784901942, -1.901100766896287, -1.9011007660050592, -1.9011005926220104, -1.901100586126349, -1.90110046845426, -1.9011003837798086, -1.901100380135603, -1.9011003742163681, -1.9011003738388852, -1.9011003738123669, -1.9011003713246386]",8.05,2.491906089642216,8.0,12.95,13.0,1.0,0.0,0.0005238990099496732,24000,0.3,0.9,epsilon_greedy,exp,0.6,0.9995,none,1100,True
e1a,q_learning__807a4f63__s49,q_learning,807a4f63,49,15000,24.683302691999415,completed,52,3.5779323638101377,320579,"[-1.5859907553620536, -3.0977442307751386, -4.195141145454887, -4.827118489568247, -4.5719592328198235, -4.031421415476157, -3.6622196713202553, -3.4017929491592422, -3.244454351880001, -3.0460203052127057, -2.798882387584982, -2.6774020100454394, -2.506384622075987, -2.4192480407730916, -2.3967279917389708, -2.3483879137274295, -2.3119421285945347, -2.2680188842357705, -2.2161272808698667, -2.1882922766712474, -2.161342030862886, -2.143057336344197, -2.1425236602937807, -2.1164608079312646, -2.1141253154362256, -2.103505993871836, -2.094777572240124, -2.0931618279125668, -2.0771199655263333, -2.073026453556206, -2.0636208977746544, -2.050550522421361, -2.0483467574484107, -2.0457686976635125, -2.045764254434864, -2.045412890233462, -2.041684964604627, -2.0392355115767606, -2.035731894953931, -2.028545569563866, -2.0285302530308105, -2.0235548410656614, -2.0235532135448002, -2.0215892107816775, -2.0180499458415557, -2.007900310588761, -2.0042805573801523, -1.9966914128401776, -1.9946596167213027, -1.99376360873615, -1.9872315367544515, -1.986589558331592, -1.9862919247159851, -1.9820160772314646, -1.9791200557684612, -1.978888730916353, -1.9771444638708802, -1.9751942238400573, -1.9743092430879936, -1.9740047608973947, -1.9736739503587017, -1.9736686466289248, -1.9734762661405767, -1.9725250622345112, -1.9720603098278113, -1.971959356637749, -1.971869386440016, -1.9717101025249173, -1.9716753230324835, -1.9716696716686692, -1.9715440534877824, -1.9715440530699841, -1.9714619886782125, -1.9713709442838756, -1.9709831809544451, -1.9709813207419475, -1.9709388282349554, -1.9709373735282025, -1.9708779420352693, -1.9708440808492087, -1.970832587102699, -1.9707932462066409, -1.9707657319945908, -1.970765263996023, -1.970759429070788, -1.970567052005533, -1.9705435835007064, -1.9705420738857264, -1.970541945153493, -1.9704073291666455, -1.9701920479347, -1.970187045608605, -1.970152320327981, -1.9701459932942396, -1.970129838881086, -1.9701288581733603, -1.970121850359508, -1.970104458883604, -1.9700996592451863, -1.97008669950354, -1.9700833314192787, -1.9700832970436588, -1.9700811534397715, -1.9700527459155392, -1.9700520708668252, -1.9700511873723239, -1.9700354363665358, -1.9700350635581252, -1.970035057757894, -1.9700334730133962, -1.9700332932778752, -1.9700310169133126, -1.9700310063122581, -1.970029008089695, -1.9700289220028273, -1.9700288309345442, -1.9700272895631794, -1.970026625111863, -1.9700060421950156, -1.9700060421929213, -1.9700059219707664, -1.9700059219703117, -1.9700005712243742, -1.9699965853685375, -1.9699900685479597, -1.9699889901912642, -1.969988103801623, -1.969987471439198, -1.9699872879913167, -1.969987287991267, -1.9699867843056917, -1.9699867118337295, -1.9699861826875116, -1.96998614986929, -1.969986107650526, -1.9699857801579488, -1.9699856476876136, -1.9699855891574294, -1.9699854260423362, -1.9699854025312837, -1.9699853584387081, -1.969985357277777, -1.9699852997319842, -1.9699852510583635, -1.969985249469825, -1.9699850304835422, -1.9699850285872182, -1.969985013713751, -1.9699849700891934, -1.9699849698978833]",8.05,2.491906089642216,8.0,12.95,13.0,1.0,0.0,0.0004907650100358296,24000,0.3,0.9,epsilon_greedy,exp,0.6,0.9995,none,1700,True
e1a,q_learning__807a4f63__s50,q_learning,807a4f63,50,15000,23.587805208000646,completed,17,3.24,319357,"[-1.4364111278296885, -3.1670598269686265, -4.19086268816089, -4.391730252258672, -4.266881314629476, -3.75287682635322, -3.337433183617859, -3.076557412889738, -2.742230280623427, -2.618141516055089, -2.4691350958409375, -2.366472185055245, -2.2786858050766394, -2.17448794725064, -2.0946157258778424, -2.068912716018779, -2.021983972090124, -1.990894229458676, -1.9678563328266419, -1.939595071786567, -1.93700765593026, -1.9138571263421078, -1.892390803421365, -1.8819984830733225, -1.874695574806202, -1.8668355825342406, -1.8528724310633309, -1.8453455500193787, -1.8403088261923817, -1.832107279482386, -1.8268662018993047, -1.820523800141385, -1.8200608280116566, -1.8192058559295055, -1.8166602141484312, -1.8096401511335387, -1.8066356352720612, -1.8066257603071674, -1.804184820463122, -1.8038580706437084, -1.8020063430675237, -1.8020058982109697, -1.8014525488284752, -1.8002776865666916, -1.8002393067560896, -1.8001784275909356, -1.800010312674001, -1.7993179324344692, -1.798890558062363, -1.7971823959844053, -1.7968257269083285, -1.7967188683999005, -1.796199765710775, -1.7960825172615753, -1.7959668131743503, -1.795561917126659, -1.7954767867846257, -1.7954576904081752, -1.7954145384825035, -1.7952221375531474, -1.7951589311648737, -1.7950418677195372, -1.7949112407222236, -1.7948982119772048, -1.794670258834496, -1.7942796444738605, -1.7942237437430804, -1.794220772026324, -1.7941588940141815, -1.7940830264276453, -1.7940423490562374, -1.7940402376311029, -1.7940310294784108, -1.7939744468555325, -1.7939355660291363, -1.7938842494708294, -1.7938804250309992, -1.7938457963196692, -1.7938376537281804, -1.7938060590145801, -1.7938040748238475, -1.7938033239005913, -1.7938010326665228, -1.7937882003363155, -1.7937683014780628, -1.793766002004388, -1.7937593814650983, -1.7937593814650128, -1.7937483590524792, -1.7937483537052954, -1.7937463951038335, -1.7937419935858432, -1.7937378572286482, -1.793737642744689, -1.793737642744395, -1.7937295322559437, -1.7937272978349033, -1.793723378704375, -1.7937207220974216, -1.7937184605145964, -1.7937169142155902, -1.79371691420217, -1.7937169141888927, -1.7937143108720919, -1.7937140224561328, -1.7937139966953604, -1.7937137947934056, -1.7937135616680102, -1.793713216477578, -1.7937121340628714, -1.7937106366138624, -1.79371053768322, -1.7937097811982712, -1.7937089008856175, -1.7937088684552598, -1.7937082913767206, -1.7937073928902483, -1.793707392889869, -1.7937072861162342, -1.793707286116104, -1.7937067960025201, -1.7937065301058825, -1.7937062190743407, -1.7937061320423977, -1.7937060763711539, -1.7937059465584193, -1.7937059158097493, -1.7937059114798093, -1.7937059114798093, -1.7937058475267553, -1.793705839952139, -1.793705832533838, -1.7937057305909219, -1.7937056731271923, -1.7937055691305355, -1.7937051839689913, -1.793704923905498, -1.7937049142323254, -1.7937046772297287, -1.7937045193621517, -1.7937045193620758, -1.793704421781608, -1.7937043069675107, -1.7937043002318922, -1.7937042929156382, -1.793704254933961, -1.793704254666891, -1.7937042544921489, -1.7937042528323133, -1.793704250521981]",8.05,2.491906089642216,8.0,12.95,13.0,1.0,0.0,0.00036939200008418994,24000,0.3,0.9,epsilon_greedy,exp,0.6,0.9995,none,1100,True
e1a,q_learning__807a4f63__s51,q_learning,807a4f63,51,15000,23.152108772001156,completed,9,4.010224432622194,318604,"[-1.4896309992833183, -3.0930005978827775, -3.9723616400871817, -4.569016451116109, -4.240506812481893, -3.471197084833453, -3.1387367910211577, -2.7933489203281017, -2.5896280511368284, -2.3709888495793536, -2.3127416747611185, -2.2845324364662796, -2.2244901553723633, -2.1264657817858947, -2.082583699197947, -2.0356246840985444, -2.021208578159487, -1.9767439777705107, -1.956150277632975, -1.9410620298573107, -1.9330996071654913, -1.916853451696165, -1.9005804985064747, -1.8870518638643432, -1.880367034301347, -1.8612452587290738, -1.853617210801329, -1.8443668768339603, -1.843742293534001, -1.8415773856799378, -1.8403142275365465, -1.832052248673458, -1.8319221361872986, -1.8297899194357163, -1.8282098633188528, -1.8243825319298812, -1.8240567353964219, -1.821686754007292, -1.8201656513081126, -1.818813697786953, -1.8184425019528745, -1.8180067964363384, -1.8176561883920972, -1.8172278153178671, -1.8169682300672796, -1.8169677233466517, -1.8164559342189697, -1.8163420270643464, -1.816308208331526, -1.816144734694781, -1.8160660896926515, -1.8159258119483568, -1.8158676427729168, -1.815610819451856, -1.8154647597077609, -1.8154245422567123, -1.815176086063501, -1.815122791953435, -1.8151183439570426, -1.8150876804498253, -1.814993353760812, -1.814880520858139, -1.8148651174368189, -1.8148441647114708, -1.8148306459061867, -1.8148063078864578, -1.8147982034643089, -1.8147689359853985, -1.8147002997166226, -1.814639860599279, -1.8145191627280748, -1.814516925589913, -1.814509793996823, -1.814504230833495, -1.8144601554825857, -1.814453752795845, -1.8144537393524593, -1.8144317016216425, -1.8144316994375638, -1.8144311387927663, -1.8143835796697765, -1.8143816482908564, -1.814381637422204, -1.8143810984123547, -1.8143519887831563, -1.8143371798447498, -1.8143300498094632, -1.814325803302655, -1.8143213749602958, -1.8143162343063, -1.8143162337874597, -1.8143162304030225, -1.8143126407926373, -1.8143114131311777, -1.814311323088173, -1.8143106103854112, -1.8143076488509382, -1.814303922959123, -1.8143027558163702, -1.8143027415198607, -1.814301436486107, -1.8143002578698342, -1.8142997131509233, -1.814299675247789, -1.8142986338305394, -1.8142979786419517, -1.814297975163704, -1.8142974231248832, -1.8142969188055433, -1.8142960894154838, -1.814295622452296, -1.814295427719516, -1.8142950856031774, -1.8142950582882678, -1.8142947923808816, -1.8142943609955757, -1.8142941577333664, -1.8142940720278966, -1.8142940099754565, -1.8142939670714255, -1.8142938045624921, -1.8142937575152425, -1.814293730876316, -1.8142937046091645, -1.814293630224322, -1.8142934719893489, -1.8142934714133967, -1.8142934662958987, -1.814293465987168, -1.8142934136765931, -1.814293376088952, -1.8142933668036585, -1.8142933560148284, -1.8142933474893537, -1.8142933471488394, -1.8142933030687758, -1.8142933014254814, -1.8142932997789951, -1.8142932946832036, -1.8142932938798293, -1.8142932932265563, -1.8142932931425257, -1.8142932924818242, -1.8142932924818242, -1.8142932924010764, -1.8142932923454993, -1.814293292310492, -1.8142932688604982, -1.8142932688604227, -1.8142932530705287]",8.05,2.491906089642216,8.0,12.95,13.0,1.0,0.0,0.00037188499994954326,24000,0.3,0.9,epsilon_greedy,exp,0.6,0.9995,none,1000,True
e1a,q_learning__8afe3ca2__s42,q_learning,8afe3ca2,42,15000,22.638143964000847,completed,50,3.8115088875667076,319608,"[-1.7877477983661838, -3.3124112342409395, -4.325213897989603, -3.973358372925065, -3.2418363569790127, -2.5286357329541937, -1.665496552883807, -0.9054217329860935, -0.25200377519153955, 0.1419402185539844, 0.3745844799417138, 0.5841747607454839, 0.6287076069737395, 0.7764892544771257, 0.8176726949783114, 0.9011145688894231, 1.0261709662648277, 1.2265029208416984, 1.229468644784302, 1.2843792258814803, 1.3264368961997717, 1.3704541753971342, 1.3806891971552333, 1.393865275803993, 1.4155862530281573, 1.4187472578582319, 1.4234124902040513, 1.4456580909512555, 1.4463653945228216, 1.4665578184990442, 1.48039398200574, 1.4844002058369072, 1.4880205624545668, 1.488758798407457, 1.4906235971469968, 1.4941317936118534, 1.4972129590985024, 1.5013021100219375, 1.5013435897275567, 1.503108935382371, 1.5109841083272155, 1.5138754303057946, 1.5164444312652825, 1.5177407668599434, 1.5191483977654021, 1.5196207440870388, 1.5204268538936276, 1.5210562538417869, 1.5214300222046981, 1.521588108630292, 1.5222680545077176, 1.5224431029763215, 1.5226537865472225, 1.522974542739908, 1.523058658439931, 1.5230617196577225, 1.5234243824258629, 1.5235275482532147, 1.52387268326989, 1.5240264945137176, 1.5240837128355387, 1.5241845851569475, 1.5241855565856135, 1.524442130350897, 1.5244965732294922, 1.524547995935556, 1.5245826067193107, 1.5246091458350237, 1.5247923485423445, 1.5249140173003168, 1.5249850087458563, 1.5250175523175027, 1.5250498746504506, 1.5251272181922224, 1.525165002303743, 1.5251781185347058, 1.5251932128472825, 1.5252401580046064, 1.5252749617056673, 1.525309026678575, 1.5253090275734726, 1.5253127924243566, 1.5253513955197135, 1.5253763442736241, 1.5253868171445681, 1.5253901438671478, 1.5253916588975058, 1.52540729270924, 1.5254177304859653, 1.5254197182203033, 1.5254205331200983, 1.5254340448022492, 1.5254366320938986, 1.5254385719449703, 1.5254478382501069, 1.5254645133767342, 1.5254645145751873, 1.5254651170040665, 1.5254654807790027, 1.5254692590669683, 1.525469263421932, 1.525472949321146, 1.5254765819092024, 1.5254765848574932, 1.525477063586636, 1.5254783209462812, 1.5254784728651594, 1.5254827390813832, 1.5254827405280535, 1.5254839766246304, 1.525484021836944, 1.5254842984770594, 1.5254867406073522, 1.5254875099876553, 1.5254877609287882, 1.525487760928893, 1.525487760928931, 1.52548815788048, 1.5254881580187936, 1.525489247530925, 1.5254893522124628, 1.5254893523087938, 1.525490052973942, 1.5254902896863496, 1.5254904168080292, 1.5254905149229934, 1.5254912669927279, 1.5254917983800822, 1.5254919465324972, 1.525492727885148, 1.5254928031763202, 1.5254928600119784, 1.5254929074236325, 1.5254932524765907, 1.525493338091841, 1.5254933665803658, 1.5254933684232403, 1.5254933703376656, 1.525493448993045, 1.525493452063403, 1.5254934649685026, 1.5254934651902838, 1.5254935004530066, 1.5254935021100198, 1.525493521626368, 1.5254935357041224, 1.5254935415867201, 1.5254935508439238, 1.52549360354705, 1.525493603555565]",8.05,2.491906089642216,8.0,12.95,13.0,1.0,0.0,0.0005168229999981122,24000,0.3,0.95,epsilon_greedy,exp,0.6,0.9995,none,700,True
e1a,q_learning__8afe3ca2__s43,q_learning,8afe3ca2,43,15000,22.40703905800001,completed,17,3.5666651090339276,318321,"[-1.6325630412897754, -3.2757949701536417, -4.1359103845635214, -4.598350904289892, -3.7550580159508753, -2.7195913308470163, -2.027805096913773, -0.9508403195808228, -0.48003072938541513, 0.11276000598714579, 0.38338885297364506, 0.7713924059458112, 0.9474643473250149, 1.0946149837635146, 1.2183315968685215, 1.2352310057398734, 1.2571401773587607, 1.2912383330830446, 1.3236765818800686, 1.3511980914248392, 1.3937077329292804, 1.440075522155098, 1.4628847432056475, 1.5140067656780622, 1.5462088186381313, 1.5789252622524197, 1.5937171390327296, 1.5959245133515825, 1.6023116592465287, 1.6177980850480191, 1.6191877570769104, 1.6194308512461775, 1.623927950373621, 1.6315703767960414, 1.6384107085000692, 1.6385917060895474, 1.650920535270042, 1.651366749539522, 1.653340847900984, 1.6604126243695867, 1.6604288260509492, 1.6678829337169896, 1.6700584350560497, 1.67037634201455, 1.6712797564512136, 1.6727978254662448, 1.6728541105159513, 1.6734888679796986, 1.674690165729824, 1.6747553332085343, 1.675770489127185, 1.6772895044277485, 1.6772896426825596, 1.6792554954033563, 1.681206679749326, 1.6814291010679512, 1.6816716878439848, 1.6823968915685006, 1.6833556860543106, 1.6834307224558693, 1.6846274648619157, 1.6846851991757428, 1.684686931919155, 1.6849446357392817, 1.6858191704163479, 1.6862084428730753, 1.6872287874741687, 1.6872287900704293, 1.6874885984036752, 1.6875143477578094, 1.6878345320527937, 1.6879620735221583, 1.6884709914316682, 1.688494476018435, 1.6884944760197844, 1.6884944764494003, 1.6885519909130968, 1.6886586853673, 1.688689492518709, 1.6887179670114492, 1.6889291642689024, 1.6889339633504923, 1.6889553504553698, 1.6889679699834097, 1.6889841505877936, 1.689005739381301, 1.6890217843998976, 1.689053176595916, 1.6890671629930125, 1.6890694482657893, 1.689076961653304, 1.6890830726082018, 1.6890948242217927, 1.6890972393869652, 1.6892337899114374, 1.6892412432467834, 1.689334707677877, 1.6893347076778775, 1.6894037160628557, 1.6894546352237731, 1.689454767016815, 1.6894880804375354, 1.6894887065073516, 1.6894895852759138, 1.689512828345982, 1.6895134436995376, 1.6895138356138284, 1.6895139950754519, 1.689514004950423, 1.689529713587371, 1.6895303104343273, 1.6895303420654497, 1.6895492672723582, 1.6895498520318784, 1.6895498675312388, 1.689556440368404, 1.6895602202422388, 1.689563715854074, 1.6895661611229087, 1.6895666454200648, 1.6895682181639076, 1.6895684373794284, 1.6895684373794284, 1.6895694926821538, 1.6895705773208516, 1.6895705778901242, 1.6895705797135956, 1.6895706255433505, 1.6895714706983902, 1.6895719467055046, 1.6895723160680733, 1.6895723349279568, 1.6895724964640457, 1.6895728227529347, 1.6895729791679615, 1.6895733835947762, 1.6895734560560072, 1.6895734571193703, 1.6895736600241882, 1.6895737374928115, 1.6895737377992823, 1.6895738123771693, 1.689573842702162, 1.6895739450451426, 1.6895739959735112, 1.68957399859254, 1.689574000425855, 1.6895740260060763, 1.6895740758773614, 1.6895740758773636]",8.05,2.491906089642216,8.0,12.95,13.0,1.0,0.0,0.0005409999999574211,24000,0.3,0.95,epsilon_greedy,exp,0.6,0.9995,none,900,True
e1a,q_learning__8afe3ca2__s44,q_learning,8afe3ca2,44,15000,22.742076907999945,completed,45,3.0047296051392043,316445,"[-1.4807890154636563, -3.0564201645003766, -4.473505876227909, -4.919289203713942, -4.3746352202085905, -3.5302557663615604, -2.0773071513568557, -1.2453109487622234, -0.7282360270359798, -0.24741759111371014, -0.0564176538968748, 0.24770151492005066, 0.40185681942009793, 0.6656302416666402, 0.7813366734531336, 0.8423629583748031, 0.8763119973786121, 0.968333981284696, 1.0368522912894615, 1.06909277765326, 1.1016209140451698, 1.155274724770314, 1.2509482881951366, 1.2797257172137606, 1.2804987767034288, 1.31941597765374, 1.3406653879086494, 1.3775291157110034, 1.3789294346599656, 1.4011328056626238, 1.4229780872306448, 1.4514282741216757, 1.454060835547937, 1.4631466022982391, 1.4869571272929734, 1.493449638271366, 1.4986090589420962, 1.5013048018504815, 1.505780323893787, 1.5082386797557903, 1.5121473495708746, 1.5150107158106976, 1.515020931692144, 1.51580450524998, 1.5167126527940793, 1.5172914333221243, 1.5182076463116132, 1.5187100530860413, 1.5195026032208268, 1.5196548957157958, 1.5201816097696614, 1.5204172785080408, 1.520529019404433, 1.5208806063901859, 1.5216039012573588, 1.522499474840546, 1.5230233043511094, 1.5231046905472254, 1.5231140150453821, 1.523302806962494, 1.5239132410768454, 1.5239972321258795, 1.5242538559974617, 1.5244589284912424, 1.5244697774695104, 1.524491438125053, 1.5246684337797907, 1.5248251119431808, 1.5248831077641058, 1.5250349642656045, 1.5250770939814324, 1.5251520291882426, 1.5252260423278245, 1.5252474950383608, 1.5253334238563652, 1.525354068165266, 1.5253821968603405, 1.5254031620919593, 1.5254207350507853, 1.5254423290196806, 1.5254488650894098, 1.5254563868879365, 1.5254604404453345, 1.525462284693588, 1.5254650609558797, 1.5254675689370847, 1.5254675689515464, 1.525471115627665, 1.525471503229738, 1.5254731626329532, 1.5254762045281611, 1.5254794508683878, 1.5254803768530407, 1.5254833957886442, 1.525485181916619, 1.5254857558759334, 1.5254861567059685, 1.525487751056236, 1.5254886940756653, 1.525489520737729, 1.5254895506259025, 1.5254904480989748, 1.5254909834338692, 1.5254913984325174, 1.5254915352021106, 1.5254916326800854, 1.5254916773093368, 1.525492018491165, 1.5254922305831526, 1.5254924264602003, 1.5254924268106889, 1.525492555352513, 1.525492782929138, 1.5254927839716292, 1.5254928842025202, 1.5254930356969327, 1.5254930486678262, 1.525493099649238, 1.5254931464445503, 1.525493158640888, 1.5254932046812393, 1.5254933341385404, 1.525493350993967, 1.5254933563037212, 1.5254933958336407, 1.5254933994688578, 1.5254934360358947, 1.525493467614671, 1.5254935039977204, 1.525493512433601, 1.5254935199183859, 1.5254935503456735, 1.5254935503456735, 1.5254935879634848, 1.5254936172826488, 1.5254936230719192, 1.5254936277449895, 1.5254936321723538, 1.5254936449007264, 1.5254936449164889, 1.5254936477243675, 1.525493657387264, 1.525493684702147, 1.5254936851549497, 1.5254936885808752, 1.525493691730399, 1.5254936952473244, 1.5254937082115367, 1.525493711233726, 1.5254937118092537]",8.05,2.491906089642216,8.0,12.95,13.0,1.0,0.0,0.0005573059999915131,24000,0.3,0.95,epsilon_greedy,exp,0.6,0.9995,none,700,True
e1a,q_learning__8afe3ca2__s45,q_learning,8afe3ca2,45,15000,21.893315700999665,completed,30,3.4024109099284288,317369,"[-1.5501141655358361, -3.2573117365732935, -4.723568940881497, -4.568295497446459, -4.071919535761308, -3.144362718912117, -2.1871813248299135, -1.4965078091549957, -0.773903251661067, -0.3941744435131954, -0.009033788426889266, 0.35421028250821684, 0.544373800618209, 0.5981007166779235, 0.6505669566911476, 0.753887329581404, 0.8225251700683214, 0.8381426654393028, 0.9077407610465935, 0.9182303338364857, 0.9248219614321496, 1.0328829757463671, 1.0996947527625187, 1.1548330984973527, 1.15806661408603, 1.1719003963047179, 1.2003361935469774, 1.2197332268898442, 1.2636699450253057, 1.269047892927019, 1.2834102060696777, 1.2960345571016219, 1.2962536367945992, 1.3006359097449327, 1.3140279520950249, 1.314741903695645, 1.3230527170804398, 1.3299305231736291, 1.3309580702948398, 1.3312647872803443, 1.3399482905507112, 1.350533900611439, 1.3546235454002513, 1.3556791087691873, 1.3610543243007436, 1.3633195975048495, 1.364507615670771, 1.3666292380888405, 1.3697610021381625, 1.370200090194047, 1.3729727113230057, 1.3745434264065475, 1.3755362900654151, 1.3757405208014781, 1.375984156074353, 1.377516494493359, 1.3799251711272764, 1.380330159750218, 1.3810367606246134, 1.381675047634831, 1.381858160637028, 1.38213496098909, 1.3821349685816138, 1.3827653459162284, 1.382874813441209, 1.3829620235188698, 1.3833396040444905, 1.383363527431269, 1.3834668744764707, 1.3837393380274083, 1.383772096992222, 1.3838128940686878, 1.3838402210962215, 1.383905183585316, 1.3840738180318806, 1.3842715075047816, 1.3842914335795846, 1.3842914335966354, 1.3843032356893308, 1.3843410247574657, 1.384367625428207, 1.3843676254337514, 1.3844913051509071, 1.3844941091553173, 1.3845140856078733, 1.384514087117658, 1.3845915461645997, 1.3846475713589974, 1.3846763048230966, 1.3846827358794347, 1.3846886563701952, 1.3846985774100247, 1.384723615593177, 1.3847278256495812, 1.3847525295156222, 1.384757461483276, 1.3847691398424955, 1.38477196188503, 1.384785140500107, 1.3847866870576904, 1.38478736717278, 1.3847878622468153, 1.3847885900866714, 1.3847957743655297, 1.3847960570324203, 1.3847979873667726, 1.3848018048164943, 1.3848018048164947, 1.384802421069718, 1.3848026146763708, 1.3848049348535196, 1.3848049348582614, 1.3848077298047312, 1.38480796643953, 1.3848079710014143, 1.3848098608716555, 1.3848111198444157, 1.384811430613852, 1.3848116168722309, 1.3848116997459554, 1.3848123125970935, 1.3848126796467386, 1.3848127187084522, 1.3848127606670049, 1.3848131774804164, 1.3848132397785382, 1.384813263140006, 1.3848132905848896, 1.384813322191033, 1.3848136106374487, 1.3848138612709966, 1.3848141616350174, 1.384814194172934, 1.3848144676391159, 1.3848144820308872, 1.3848145014836994, 1.3848147087771294, 1.3848147625152807, 1.3848147825282378, 1.3848147848692136, 1.3848148859341178, 1.3848149163839083, 1.3848149992329217, 1.3848150076110892, 1.3848150095142926, 1.3848150195868425, 1.3848150209190841, 1.3848150224902847, 1.3848150264352574, 1.3848150304305273]",8.05,2.491906089642216,8.0,12.95,13.0,1.0,0.0,0.0005133790000218142,24000,0.3,0.95,epsilon_greedy,exp,0.6,0.9995,none,1100,True
e1a,q_learning__8afe3ca2__s46,q_learning,8afe3ca2,46,15000,22.34808879799857,completed,12,3.5397175028524526,317182,"[-1.5514678209950696, -3.326398856105984, -4.44513840010396, -3.972912128688615, -3.073467113168909, -2.336405548297113, -1.5032289437664623, -0.7293376261531942, -0.34088258434947377, -0.07649530277487833, 0.2670877915132115, 0.6197065249679969, 0.8049755164965866, 0.924700304120388, 0.9604304079626415, 1.061984681394424, 1.1609301878076714, 1.202256676362659, 1.2126327700986297, 1.2187762924195873, 1.2626633369849078, 1.299530991185526, 1.3043536837884686, 1.3099875605040117, 1.3342318170531116, 1.3343279938300106, 1.3437833251035698, 1.363177764495009, 1.3673717606533768, 1.374638939354886, 1.387050584391626, 1.389537835030078, 1.3918260964740023, 1.3936081233750441, 1.397229271227147, 1.398360560373594, 1.4040531062178494, 1.4045252364691088, 1.4045775291568305, 1.4047133104629481, 1.4048103599341502, 1.4056963589939047, 1.4062848426059182, 1.4073838764626947, 1.4102529032057356, 1.411832821398831, 1.411833106773363, 1.4130386575560399, 1.4138826412370593, 1.4144171728350252, 1.4145115473504999, 1.4158596208497405, 1.4158740100234304, 1.415885221644237, 1.4170388165873649, 1.4174353465686733, 1.4182453059399394, 1.418631670557403, 1.4187051991556578, 1.4193768695056446, 1.4197793822085791, 1.4199553170967236, 1.4200771696213002, 1.4201655862021236, 1.4203039565293978, 1.4203379255978235, 1.420368795301667, 1.4204656827128064, 1.420511372166875, 1.4205451870274408, 1.4205862551051422, 1.4206263998373672, 1.420626400470391, 1.4206346238035736, 1.4206457142326265, 1.4206496932882944, 1.4206622266744147, 1.4206824696044469, 1.420690246196205, 1.4206932387028828, 1.4206967998084643, 1.4207235329941235, 1.4207353388236301, 1.4207367213553763, 1.4207490417370023, 1.4207584291575919, 1.4207598412705715, 1.4207607396309083, 1.4207783574468527, 1.4207845302574362, 1.4207867510633543, 1.420798495722066, 1.4208010331875718, 1.4208022518110957, 1.4208034775069904, 1.4208117053638714, 1.4208120061585483, 1.4208124606422927, 1.4208124606427432, 1.4208124776489102, 1.4208183578889473, 1.4208185427427225, 1.4208188654672267, 1.4208299060495222, 1.420831218271426, 1.420831219320227, 1.4208326018075363, 1.420834289790684, 1.4208354766594609, 1.4208356985930803, 1.4208360467719368, 1.420836562615506, 1.4208365641285758, 1.420836952545518, 1.4208370210418582, 1.4208370877785301, 1.4208373199754756, 1.4208376892728687, 1.4208376893081232, 1.420838226147226, 1.420838226154339, 1.4208382278500835, 1.4208382352380993, 1.4208383993161555, 1.4208384093283561, 1.4208385622967776, 1.4208386734113467, 1.4208387386081631, 1.4208387651653396, 1.4208387843395367, 1.4208387969257226, 1.4208388959733473, 1.4208388959733977, 1.420838984386262, 1.4208390470136318, 1.420839068822616, 1.4208390693243855, 1.4208391193701988, 1.4208391669405815, 1.4208391675449876, 1.4208391677222167, 1.420839174576856, 1.4208391749318448, 1.4208391811785923, 1.4208391835992082, 1.4208391863210323, 1.420839205296994, 1.420839206929404, 1.420839206959197, 1.4208392088700317]",8.05,2.491906089642216,8.0,12.95,13.0,1.0,0.0,0.00040912698987085607,24000,0.3,0.95,epsilon_greedy,exp,0.6,0.9995,none,1000,True
e1a,q_learning__8afe3ca2__s47,q_learning,8afe3ca2,47,15000,22.929695138998795,completed,13,3.241234332781263,319683,"[-1.6397894804249489, -3.3641301574373825, -4.746259752576052, -5.133776446250404, -4.80614114961383, -3.5572134956610815, -2.2519531183165347, -1.3322596639423216, -0.8062681494070163, -0.3189715779676433, 0.007397612681492194, 0.26340823246690004, 0.45490227349035367, 0.5821219018345951, 0.6730870183249258, 0.7863424113005084, 0.877251749464836, 0.9191167840566902, 0.9327417721108621, 0.9437400310101586, 0.957666847514107, 0.9735325030810013, 1.0395943378900463, 1.0418541055928412, 1.0514164041024079, 1.0816485595117162, 1.0829921719668543, 1.1024171398771097, 1.1092287881005771, 1.1101333831949243, 1.1111282491564394, 1.1206874345903928, 1.1243517350326004, 1.1244434672570471, 1.1308618277679818, 1.1328020465035296, 1.1371902131900207, 1.1413477268572305, 1.1413720238998262, 1.1415551265188053, 1.1419402724049905, 1.144032946425676, 1.1445751592209852, 1.144577860074602, 1.144760372386441, 1.1457483522134546, 1.1468821393439588, 1.146974722337916, 1.1472832340741839, 1.1474979694683518, 1.1478310780229717, 1.1484966149486364, 1.1486442030056463, 1.1486656539497284, 1.1488042443593878, 1.1488236674036503, 1.1488366687311684, 1.1488510499292417, 1.1489121537390439, 1.1489998483069996, 1.1494558945898126, 1.1497100908888371, 1.149752112406722, 1.1497756106546555, 1.1497912551068177, 1.1498253540835137, 1.150007432580803, 1.1500153560175932, 1.1501409764932833, 1.1501553907311834, 1.1501575815872132, 1.1502446978775847, 1.1503088032365494, 1.150356160076788, 1.1503567583932155, 1.1503567594003306, 1.1503932683289884, 1.1503951254959375, 1.1504158671826183, 1.1504199585286587, 1.150423310532701, 1.1504260345809951, 1.1504508641472397, 1.150451617345869, 1.1504516486910406, 1.1504522333827063, 1.1504522335151024, 1.1504542813465002, 1.1504623882991631, 1.150462429498396, 1.1504673548110875, 1.150468826002201, 1.150472419392447, 1.150473784921366, 1.1504746960413834, 1.1504752503969695, 1.1504762744437316, 1.1504791118449489, 1.150479664868249, 1.150480103147381, 1.1504817884110774, 1.1504837899932834, 1.1504838372355155, 1.1504841062606501, 1.1504849041097607, 1.150484910141339, 1.1504858560087778, 1.150486472365087, 1.1504864748376926, 1.1504864753249795, 1.150486476138734, 1.1504865916622682, 1.1504865917234661, 1.1504865947067722, 1.1504867001451473, 1.1504867642853036, 1.1504868261539771, 1.150487023781738, 1.150487154727079, 1.150487207384565, 1.1504873690624429, 1.150487385549039, 1.150487393091707, 1.1504873937960531, 1.1504874450220677, 1.1504874454374208, 1.1504876100482793, 1.1504876498731351, 1.1504876977235456, 1.1504877255491206, 1.1504877450287456, 1.1504877450807414, 1.1504877905924469, 1.1504877907446744, 1.1504877907458815, 1.1504878173766748, 1.1504878342634934, 1.1504878646895607, 1.150487876181159, 1.1504878822085496, 1.1504879094133642, 1.150487919811514, 1.1504879306734546, 1.150487937576954, 1.1504879425216592, 1.1504879498003642, 1.150487957176645, 1.150487957203167, 1.1504879586237031, 1.1504879673250974]",8.05,2.491906089642216,8.0,12.95,13.0,1.0,0.0,0.0004067930000201159,24000,0.3,0.95,epsilon_greedy,exp,0.6,0.9995,none,900,True
e1a,q_learning__8afe3ca2__s48,q_learning,8afe3ca2,48,15000,23.55795921800018,completed,1,3.4689912078297342,316218,"[-1.6363151963044449, -2.951603990636722, -4.266193300932895, -4.54128036819557, -3.9636364117624243, -2.9450713209852153, -1.9791214499667222, -1.2440879389416721, -0.5552837899861591, -0.303463700457386, 0.09952258620038465, 0.3251616833399534, 0.5043289111332697, 0.5911914080689942, 0.6698791155231003, 0.685250381762693, 0.745413891118517, 0.7729108160291652, 0.8244982433005794, 0.8369770201996609, 0.8431944453405678, 0.8806318018237705, 0.8946016139332735, 0.8954125052235025, 0.9065459947952251, 0.914059138332634, 0.9204883524974402, 0.9341582389292983, 0.9415229780481493, 0.9452784632318659, 0.9463029915582192, 0.9465043770221374, 0.9618256326556741, 0.9640221372997223, 0.9659373493412111, 0.9662808470386486, 0.9679962308249817, 0.9682329614793403, 0.9736507600222841, 0.9784339249637927, 0.982768283821867, 0.9883119005546974, 0.9885175266545573, 0.990910262349879, 0.9910087034276068, 0.991069748469975, 0.9924882933338799, 0.9924901484570785, 0.9945670312199056, 0.9945750171720135, 0.9945803182203669, 0.9957073942134513, 0.9991536405658482, 0.9997227731060221, 1.000393452737257, 1.0012168430267723, 1.0012369429940469, 1.003309167984118, 1.003328680807485, 1.0035193599154073, 1.003682872858217, 1.003708216358883, 1.004105791728763, 1.004485879881775, 1.0058578745627054, 1.0074530006932398, 1.0074583827336978, 1.0074601858752308, 1.0074974551038212, 1.0079415962468605, 1.00794159860418, 1.008128817004999, 1.0082508597616802, 1.0084676205593148, 1.0085528664464292, 1.0085529122995323, 1.0090378022833664, 1.0090516565700862, 1.0090518112936846, 1.0092694378133051, 1.0094217835441106, 1.0094307480864821, 1.0095525527130218, 1.009587768831279, 1.0097043590270358, 1.009711422007954, 1.009786153930535, 1.0097910304805047, 1.009882504450467, 1.0098860870361803, 1.0099126226087556, 1.0099147836728568, 1.0099301605385724, 1.0099409296164663, 1.0099791769742361, 1.009980362325213, 1.0100069703470629, 1.0100145050112916, 1.0100155591374276, 1.0100164202671424, 1.0100401323038528, 1.010040959484576, 1.0100415146142487, 1.0100577523573093, 1.010057759719176, 1.0100666162355434, 1.0100671537024817, 1.010067583098733, 1.0100701898384254, 1.0100766189820554, 1.0100809221750944, 1.0100814676339944, 1.0100867354985439, 1.010086745874673, 1.0100884979582185, 1.0100903141856428, 1.0100915812744296, 1.0100932167537666, 1.0100932973389503, 1.0100933290059768, 1.010093387620738, 1.010093452672537, 1.0100934530969625, 1.0100934555515866, 1.0100938901337257, 1.0100938921303038, 1.010094206369543, 1.0100942381594789, 1.0100946000347393, 1.01009460015624, 1.0100946001607147, 1.010095654182569, 1.0100956547730566, 1.0100956661248628, 1.0100956877433755, 1.0100957920335087, 1.0100957920514684, 1.0100965232177688, 1.0100965232180799, 1.0100965962679036, 1.0100966064180275, 1.0100971126847273, 1.010097112691883, 1.0100972123700065, 1.0100972123735372, 1.0100975702546344, 1.0100975782509294, 1.0100976032932796, 1.0100976071783305, 1.010097609903915]",8.05,2.491906089642216,8.0,12.95,13.0,1.0,0.0,0.000628043000051548,24000,0.3,0.95,epsilon_greedy,exp,0.6,0.9995,none,700,True
e1a,q_learning__8afe3ca2__s49,q_learning,8afe3ca2,49,15000,23.750710517000698,completed,52,3.471296587732025,318930,"[-1.6537086176230364, -3.402395461678035, -4.9144838013541685, -5.606736352335725, -5.299927239512933, -4.0217616012765705, -2.7696757580670424, -2.113995401049824, -1.4847422707731641, -1.032569947829214, -0.8409840741953706, -0.6141620491286653, -0.41900835130816616, -0.25030969417526333, -0.13645432570909397, -0.041412548178348364, 0.049518274220947324, 0.21253313969547855, 0.29667716817719864, 0.37186421358532135, 0.41794841798951304, 0.47141301211216674, 0.5292705538623431, 0.5655985661591527, 0.5956989388634824, 0.6246481130499523, 0.6660509924822754, 0.6717329326416857, 0.7033032043347467, 0.7316285229031825, 0.7470858879769801, 0.7672921598328385, 0.7920067121184335, 0.8143508830192786, 0.8155682528524045, 0.8159321277525958, 0.8509209393292754, 0.8651098801521834, 0.8681244330059535, 0.8686841350636406, 0.8723246999211497, 0.8724894292045953, 0.8744540462858311, 0.8755550595061368, 0.8777291357385429, 0.8777529934039049, 0.8861387360368014, 0.8877629838616016, 0.8887981605223232, 0.8891045003383808, 0.8898948536410365, 0.8953993209341752, 0.8955656113937417, 0.8995143495737137, 0.8995383362928335, 0.8996247334829469, 0.8996445342776307, 0.9023346409523431, 0.9042195090547197, 0.9058320207998697, 0.9064137425027312, 0.9064458432202188, 0.9064601183393332, 0.9067301871453005, 0.9067441460351489, 0.9069491283896749, 0.9074973944157269, 0.9077786310635408, 0.9087013422372988, 0.9091722608031404, 0.9093698356334111, 0.9093736386513714, 0.9100623075949533, 0.9109173963073917, 0.9111113922398355, 0.9112764199978687, 0.9115152012807317, 0.9115363408554508, 0.9116986002287445, 0.9117067153908219, 0.9118190807193679, 0.9118190837908664, 0.9118276265004681, 0.9118276269878116, 0.9118476109624535, 0.9119558147710591, 0.9120698470746349, 0.9120842105780081, 0.9121602006495368, 0.9121939935509428, 0.9121988170016728, 0.9122490270774167, 0.9122523706652623, 0.9122523706803496, 0.9122635515738912, 0.9123174748012323, 0.9123210104478162, 0.9123215858936073, 0.9123594360435979, 0.9123669056335741, 0.9123670792452121, 0.9123717053202215, 0.9123717174585069, 0.9123717591907362, 0.9123718301104489, 0.9123725503869359, 0.9123736807707524, 0.9123738107737076, 0.9123744174284245, 0.9123788360742104, 0.9123790342221791, 0.9123790342221869, 0.9124050987064465, 0.9124388035454901, 0.9124388293642539, 0.9124391931751484, 0.912439730717919, 0.9124402683678946, 0.9124495833375564, 0.9124499358149801, 0.9124500004885435, 0.9124519275074765, 0.9124520074819471, 0.9124533257421767, 0.9124543492034888, 0.9124549946813754, 0.9124612808953771, 0.912466132596063, 0.9124662759751442, 0.9124696590702958, 0.9124696800820331, 0.9124718362533997, 0.9124737341817517, 0.9124750172965044, 0.9124757668345481, 0.9124758132504228, 0.9124758244931842, 0.9124758357241215, 0.9124758712279409, 0.9124763912183586, 0.9124764196084436, 0.9124767837024945, 0.9124771129934709, 0.912477303251117, 0.9124773107834638, 0.9124773130425496, 0.9124773916535756, 0.9124775153963292, 0.9124775565798298, 0.9124775594266245]",8.05,2.491906089642216,8.0,12.95,13.0,1.0,0.0,0.00035260198990727076,24000,0.3,0.95,epsilon_greedy,exp,0.6,0.9995,none,1500,True
e1a,q_learning__8afe3ca2__s50,q_learning,8afe3ca2,50,15000,22.916088604000834,completed,17,3.688509183938682,319259,"[-1.4712497828973163, -3.335096874278366, -4.737541813050387, -4.925128598836092, -4.216156002425878, -3.3853065819526913, -2.4001292132225975, -1.490140046887983, -0.9541040265523495, -0.33943054473778134, 0.10424981296399026, 0.2644389622124478, 0.35460860132587274, 0.5439079322335121, 0.6189509869241625, 0.6934310414259471, 0.722295195190204, 0.7496864280762614, 0.8352838186925902, 0.8480680438588338, 0.9175795538283879, 0.9384573978413329, 0.9493147077950718, 0.9891083944049102, 1.00910738486835, 1.0198918175521954, 1.030131570449437, 1.033490967646031, 1.0484916094288845, 1.0539961969585239, 1.0584525069305446, 1.062763257521669, 1.0677085532726271, 1.067743132565763, 1.067959108942618, 1.068439947219571, 1.0687812713860991, 1.0796208946445363, 1.0821392118018096, 1.084879593352952, 1.0848871006161143, 1.0861217984394622, 1.0876071792561606, 1.087646234765708, 1.088233319545646, 1.0893595477089781, 1.0957982614411887, 1.0960870529858295, 1.0979558730952574, 1.0984975932680825, 1.0984979446259098, 1.09936881147794, 1.1069198427094358, 1.107280190134074, 1.1087902787522415, 1.1092802480082797, 1.1093670050398148, 1.110213240185611, 1.1102269676660976, 1.1108367790844704, 1.110867997942582, 1.1113135204513498, 1.1113873868756483, 1.11166804477923, 1.1116941204406663, 1.1117133295620316, 1.1117482539358348, 1.1117494752584314, 1.1117709653098873, 1.1117837625454838, 1.1118430365534815, 1.1118485032643872, 1.1118678249864442, 1.1120652883218625, 1.112076058132185, 1.112312449870482, 1.1123258261529447, 1.1123287556259798, 1.1123357518040116, 1.112337807206822, 1.1123391009333738, 1.112343959888857, 1.1123454670460289, 1.1123471249467412, 1.1124162937603153, 1.1124174723792373, 1.1124187279939313, 1.112466260442313, 1.1124665138185188, 1.1124676305155001, 1.1124681395618174, 1.1124695965280362, 1.1125023893286012, 1.1125024753935604, 1.1125033429909434, 1.1125263638297198, 1.1125265046076191, 1.1125426376723153, 1.1125433404146452, 1.1125433404238962, 1.1125435962962913, 1.1125437040278296, 1.1125440566171865, 1.1125440946179024, 1.1125443441326963, 1.1125553982898013, 1.1125554628122347, 1.1125554820826864, 1.112555495562034, 1.1125554955625527, 1.1125556381679473, 1.1125556381771922, 1.112555711060981, 1.1125637142440565, 1.112563895246688, 1.1125639871622701, 1.1125640297502624, 1.1125640803791577, 1.1125695085930325, 1.1125695085931104, 1.112573356208963, 1.1125760103142392, 1.1125778903176626, 1.1125778903176669, 1.1125778994399016, 1.1125779279240395, 1.1125792286535048, 1.1125792454482888, 1.1125801895237186, 1.1125802278050612, 1.112580246269375, 1.1125802554189321, 1.112580270337691, 1.1125802744763658, 1.112580278892853, 1.1125802852631532, 1.1125802853380138, 1.112580285963994, 1.1125802945726595, 1.1125802947531251, 1.112580296335078, 1.1125802986132063, 1.1125802994552536, 1.1125803002791983, 1.1125809375913183, 1.1125809380840281, 1.1125809401402482, 1.1125809422739434, 1.1125809422739434, 1.1125813885243534]",8.05,2.491906089642216,8.0,12.95,13.0,1.0,0.0,0.00046880100007911095,24000,0.3,0.95,epsilon_greedy,exp,0.6,0.9995,none,1400,True
e1a,q_learning__8afe3ca2__s51,q_learning,8afe3ca2,51,15000,22.978702603000784,completed,9,2.874908694202304,316959,"[-1.553077522514774, -3.276468591250645, -4.647845827298673, -4.800683564942917, -3.87759227193533, -3.2043977851840366, -2.2001730354624116, -1.597445279004904, -1.046510667572509, -0.6357315473993841, -0.46378099686325586, -0.0873768990646768, 0.027761788991638052, 0.24447439444951105, 0.34976080502297024, 0.4553538040796378, 0.5548325863004464, 0.5940914153210498, 0.6036487372121756, 0.6973716271449483, 0.7120702919703192, 0.7780232274872425, 0.835826637344146, 0.8402316987366594, 0.8837239672704267, 0.8936307715573186, 0.9000420964801228, 0.9326546133305169, 0.9331495655250711, 0.9551865859739157, 0.973781900627579, 0.9930325537831245, 1.0048861468546029, 1.0070070233895796, 1.0207118851508692, 1.0236065823360538, 1.0322758033021548, 1.0371869951637183, 1.0464861173771702, 1.053254687335793, 1.0579133230820015, 1.0612187650487008, 1.0614278301803075, 1.06209816502542, 1.062181402949592, 1.06258493579891, 1.063341408951463, 1.063687663653236, 1.063733686006454, 1.0639033691596895, 1.0705172055818568, 1.0706795525579769, 1.070986821392759, 1.0710571073523234, 1.0715126298992683, 1.0715418780972652, 1.073149469190654, 1.0732647713889247, 1.0733385199450114, 1.074560234249474, 1.0765947440438512, 1.0771925824295463, 1.078026286255902, 1.0780390442091818, 1.0780889790718546, 1.078703646524412, 1.0791801755171155, 1.0801357681994046, 1.0801459821473982, 1.0802682102791403, 1.0806670841077841, 1.0808209896160323, 1.0808209897954704, 1.0809331940205813, 1.0811771897087645, 1.0811796746526998, 1.0813338113038262, 1.0813526885256408, 1.0813771073211214, 1.0813771075448646, 1.0813825486451658, 1.0814759148772772, 1.0814894961242565, 1.0815349653172588, 1.0815349653707094, 1.0815451154076043, 1.08155306738312, 1.0815847508741003, 1.0815847509034306, 1.0815862839142671, 1.0815863410506619, 1.081592132966896, 1.0815950741769067, 1.0816231545492447, 1.0816495469320766, 1.081649667699915, 1.0816497076936311, 1.0816580897946986, 1.081661854602517, 1.0816627554432328, 1.0816627554432374, 1.0816667743235486, 1.0816692262253473, 1.0816693536751418, 1.0816705718787842, 1.081670966924168, 1.0816720441145908, 1.0816727255280354, 1.0816732275958527, 1.0816733678235189, 1.0816744143544417, 1.081674626826, 1.0816799930171768, 1.0816847064849056, 1.081685229685027, 1.0816855376020487, 1.0816860811628424, 1.0816861175083765, 1.0816862852110594, 1.081686497573135, 1.0816866149650153, 1.0816868187783726, 1.081686874895704, 1.0816870050021776, 1.0816870419073727, 1.0816871308311657, 1.0816872212487973, 1.0816872281626109, 1.0816872431505942, 1.0816872490458238, 1.0816872490458238, 1.0816873383653038, 1.0816899563990872, 1.081689965711232, 1.0816900201062223, 1.08169006685196, 1.0816919116595747, 1.0816919475809912, 1.0816932274619193, 1.0816941497235404, 1.081694162309289, 1.0816941941343121, 1.0816941941343121, 1.081694202231257, 1.0816942140438564, 1.0816948442991492, 1.0816952828404163, 1.0816952906973418, 1.0816952969898812, 1.0816952981518726]",8.05,2.491906089642216,8.0,12.95,13.0,1.0,0.0,0.00043101300003399955,24000,0.3,0.95,epsilon_greedy,exp,0.6,0.9995,none,900,True
e1a,q_learning__9262edec__s42,q_learning,9262edec,42,15000,22.043813050000608,completed,68,3.0819474362811574,335520,"[-0.98868822900771, -2.0297615665799564, -3.046537633512926, -4.125954118267338, -4.977942911389162, -5.316244514280628, -5.173979208228005, -4.7429467024949234, -3.9803991250170556, -3.235328329927308, -2.4131524865185043, -1.6503823262429014, -1.0233137861202093, -0.48328891659453516, 0.054840537180313564, 0.5267455190962879, 0.9358581355150061, 1.3917990747783697, 1.7047131720849116, 2.146985121380083, 2.3788389756728336, 2.665075217558572, 2.8354955791457894, 3.0788100691834686, 3.222260489765176, 3.310235065886415, 3.488851505184127, 3.6252013434589645, 3.777685460704286, 3.8898135535084175, 4.086039351410539, 4.210243222672023, 4.287216889087265, 4.364543581660627, 4.4095812185881975, 4.4966860502214745, 4.5666955159437554, 4.694454331151984, 4.844441150634618, 4.95720884973839, 4.960364541995426, 4.990292874751704, 4.991117344245873, 5.056656981159721, 5.104544984685804, 5.184924186585983, 5.247852842868885, 5.31079268321638, 5.372157044472463, 5.451643704864515, 5.4658835112906505, 5.491815416690526, 5.497435545212515, 5.531762985436213, 5.594152351676893, 5.598189612677545, 5.621823794379959, 5.640526007014131, 5.674082087994814, 5.710811391925101, 5.721556491829785, 5.741877351846735, 5.758646739360503, 5.798484250505472, 5.80549918486997, 5.811414099316159, 5.822155271744206, 5.832299838397966, 5.851269046860566, 5.851369165799919, 5.859685614430982, 5.8854546088112505, 5.892115620851416, 5.902748230168146, 5.914422529092831, 5.914965840800022, 5.922769863764782, 5.934470775357292, 5.9518855272063655, 5.956845681206894, 5.966307892255363, 5.9776420295999575, 5.987991836780305, 5.997639960176636, 6.010853824437303, 6.025019750489637, 6.026080336708571, 6.026190796613731, 6.030442903299436, 6.035060284276316, 6.0407092090227525, 6.0473050236421555, 6.050349910471626, 6.059896959091825, 6.065310712433272, 6.06574372803241, 6.069880703486126, 6.07167651941771, 6.073277572272324, 6.0764872582146285, 6.077734853497997, 6.08447761710718, 6.08873217441804, 6.089545502276902, 6.089558631762643, 6.092888373969776, 6.094698204288261, 6.098535556598824, 6.1020771026284875, 6.103812610839496, 6.10381638009588, 6.107937107388784, 6.109324269966722, 6.110046172951722, 6.110281099927939, 6.11450135003021, 6.115717521615476, 6.11687261905019, 6.118584333414341, 6.122061681581348, 6.123007606644292, 6.124132618031299, 6.127728459070454, 6.127728585516012, 6.130047284950222, 6.131558843542687, 6.133632072263826, 6.1339317454801, 6.135395375739647, 6.135395741650552, 6.135797879170127, 6.136307782344359, 6.136420175575385, 6.137479922493903, 6.137823914162329, 6.13889513485062, 6.138941386931441, 6.140034268249144, 6.140721780336871, 6.140887552432982, 6.140931778897277, 6.141050687245707, 6.14201379367601, 6.142589008611813, 6.1430395967450835, 6.143284898021614, 6.143393281411984, 6.143497732143664, 6.143858281524144, 6.1443793417726456]",8.05,2.491906089642216,8.0,12.95,13.0,1.0,0.0,0.0004511120000643132,24000,0.15,0.99,epsilon_greedy,exp,0.6,0.9995,none,1400,True
e1a,q_learning__9262edec__s43,q_learning,9262edec,43,15000,21.900151838000966,completed,17,3.490615991483452,334068,"[-0.8904878570391899, -2.11366192614014, -3.1382901502700076, -4.089349701347989, -4.692345800600069, -4.840495722445515, -4.6375983526135505, -4.39902165221862, -3.847145876121512, -2.8905405838545115, -2.073584489949393, -1.4137215790073705, -0.8653113832602053, -0.21676149710531104, 0.3117444489324955, 0.8649785926173792, 1.511113629030767, 1.8246198268046405, 2.256251856127609, 2.468757144876316, 2.8057435257137557, 3.0335987134428275, 3.1789485593322597, 3.4362823831288454, 3.5822006334256935, 3.71819974439502, 3.8604484779177017, 3.9088141564969336, 4.174726604085874, 4.315095889397662, 4.47268485748607, 4.60639182981432, 4.747546125197973, 4.819412631428808, 4.858306033988041, 4.98219257184208, 5.009528581881841, 5.102254664687343, 5.169946515113894, 5.252696270592517, 5.348681270728923, 5.427079928229931, 5.493550981909821, 5.535815503549055, 5.569325142299984, 5.613572352515669, 5.62213247184053, 5.656758599130549, 5.699980355902332, 5.726889599745062, 5.7525142883023905, 5.783497314953434, 5.788896975017236, 5.831182174043436, 5.87742243182964, 5.892611199257343, 5.908036641666527, 5.911858172382181, 5.945643967403758, 5.966028963254181, 5.978141585811245, 6.002678492207538, 6.016501345167449, 6.030524570188636, 6.052830412503307, 6.055694743168612, 6.074105483022252, 6.080685521146726, 6.08953430900406, 6.095125322176713, 6.107633466844277, 6.112180437926693, 6.115112979317761, 6.12511156866108, 6.134113668988129, 6.1480287363812005, 6.156078271597965, 6.157149995339007, 6.162036776888381, 6.17790973253486, 6.181405537714611, 6.1937461206854145, 6.200400388199305, 6.2017137204756825, 6.206992906941176, 6.208429557640729, 6.209867132908429, 6.219963383092083, 6.2213239280706825, 6.224699369240437, 6.227338514998619, 6.228289744106764, 6.229100965477202, 6.235190210671738, 6.236304503977926, 6.240583372098155, 6.245184095144251, 6.2512833405547745, 6.251290164329409, 6.251511965110938, 6.2517812921752105, 6.252298829304501, 6.254988108456791, 6.256670052146079, 6.259784762262444, 6.262056300344654, 6.263217407490973, 6.265659277098275, 6.266864781622099, 6.266865946856296, 6.268008697505294, 6.269051025815469, 6.270352347766959, 6.27103447882497, 6.273351874378359, 6.275184305726814, 6.276968361982833, 6.2800744290817, 6.280835771777919, 6.281236335001623, 6.282137360650508, 6.283345262550038, 6.283407549375427, 6.283859746256246, 6.284112979417367, 6.285072070714119, 6.285901708283743, 6.2868865542636, 6.287051658582101, 6.2876981130617375, 6.288309325736097, 6.28830933993054, 6.288491082102152, 6.288491148346611, 6.288661769385092, 6.28890276893495, 6.2890527278425195, 6.289094158275125, 6.289246125958769, 6.289246158695998, 6.289671205262548, 6.289849188987074, 6.289922922301359, 6.290099079980863, 6.29013163532947, 6.290170736969964, 6.290691736245543, 6.290708095808907, 6.290708104426882, 6.29103416792699]",8.05,2.491906089642216,8.0,12.95,13.0,1.0,0.0,0.0003162479999809875,24000,0.15,0.99,epsilon_greedy,exp,0.6,0.9995,none,1400,True
e1a,q_learning__9262edec__s44,q_learning,9262edec,44,15000,20.487126141000772,completed,45,3.3591070241955667,336817,"[-0.8512762051546486, -1.9658484852054816, -3.2981763512041415, -3.992293942081665, -4.688425601154368, -4.907608697267587, -4.643453894833248, -4.122895317465107, -3.6480731382784257, -2.9163510148221237, -2.094383930384648, -1.5822413453353488, -1.007096062750528, -0.6674714911168768, -0.2015656113103475, 0.24092105736899724, 0.7942559067158167, 1.1920078543534118, 1.6802076247921671, 1.9112559162970415, 2.178166419674741, 2.482590590653816, 2.6931263607629874, 3.0121896088137774, 3.211384836808206, 3.48596956337903, 3.680781308784103, 3.883439918063706, 3.980277251674844, 4.1027306616771755, 4.219888554067412, 4.291515610569945, 4.411624585337689, 4.499037867521508, 4.596525182083054, 4.701577793525419, 4.794262690774048, 4.904770502649949, 5.011851336639484, 5.047774402220989, 5.0973232279686815, 5.186555366442863, 5.252789908351696, 5.270316897340448, 5.304469975335888, 5.37648353269238, 5.385618089809757, 5.423934670963459, 5.432378049605805, 5.458681734304372, 5.503608865294913, 5.535961002049467, 5.579401658422845, 5.62178545667166, 5.64355310670452, 5.723745367032312, 5.766148709726611, 5.797114204133126, 5.7996121381114, 5.822090986809724, 5.86500207035443, 5.88791238388141, 5.899947141136872, 5.907396252694465, 5.915450092175503, 5.939091640064457, 5.94269760705372, 5.977717335867142, 5.984964070473324, 5.9932355212553325, 5.994146614751881, 5.995981788060612, 6.000730373028069, 6.006821152303923, 6.01180441633831, 6.018932744627484, 6.027475328475088, 6.028993650751387, 6.0325420648377825, 6.032573066009865, 6.040435695693988, 6.042863370067432, 6.043002435841369, 6.047737251222552, 6.052985356293296, 6.056910772610661, 6.064262404358042, 6.066070203695552, 6.078247827570121, 6.085180519880269, 6.09284693700281, 6.094620563977665, 6.098473205529286, 6.1049677974930034, 6.1082252671973984, 6.110048758466121, 6.110554224696557, 6.112034227746834, 6.114136564760864, 6.114523512437143, 6.117040445596785, 6.117234537092882, 6.119570714206052, 6.1207772507746245, 6.1209370203171565, 6.121888807447212, 6.123088307038008, 6.124794233192303, 6.125430667869147, 6.126100082581147, 6.126215494349095, 6.126226477102676, 6.126241582730866, 6.127487704327214, 6.128407276355173, 6.130047434441052, 6.130105287671152, 6.130879466695872, 6.131508836992771, 6.1329415582425115, 6.133620066032716, 6.134174069901436, 6.134675961284519, 6.1351040277657525, 6.135523528824909, 6.136639028828457, 6.136641535198765, 6.13675621045383, 6.136862292129483, 6.137339691985412, 6.137688797123208, 6.138061831838616, 6.1388085573739595, 6.138980430288345, 6.139758395635163, 6.140061689834256, 6.140284386973734, 6.140317237606487, 6.141052303729423, 6.141150849588666, 6.141448311961905, 6.1424432144678285, 6.142528247025889, 6.142553129129943, 6.142733075482344, 6.143347727095292, 6.143680764719045, 6.143998466839599, 6.144660954574984, 6.144782845662876]",8.03,2.4759652744745915,8.0,12.97,13.0,1.0,0.0,0.0006224580099296873,24000,0.15,0.99,epsilon_greedy,exp,0.6,0.9995,none,1800,True
e1a,q_learning__9262edec__s45,q_learning,9262edec,45,15000,19.931366769000306,completed,30,4.044885659694227,332031,"[-0.8893338149689017, -2.10216625087978, -3.180292852379369, -4.166900336434543, -4.910454986331707, -5.195743906700129, -5.07375052900776, -4.265437236494722, -3.9054268083968133, -3.325731551309001, -2.8209503550830997, -2.5301948885206107, -1.9288965843228483, -1.3139584397449415, -0.8914836748030256, -0.447793421695363, -0.10659576544069789, 0.17867970307443173, 0.6065850086771023, 0.9606112660306544, 1.190603133302236, 1.5121372638541026, 1.7518034729185397, 2.245398762304644, 2.4955050189146726, 2.631756767860194, 2.9808611700438306, 3.152724164009064, 3.311082193278953, 3.4940625915531656, 3.663441455574068, 3.790289254746588, 3.883432717107611, 3.934840268039794, 4.105630667997049, 4.242235752955517, 4.32849304860514, 4.44909608319922, 4.530164669540795, 4.592631618089523, 4.665179275960526, 4.731241646802124, 4.816771012148734, 4.838032408697562, 4.882231239557364, 4.917527827744308, 4.9643657270575945, 5.028414470356726, 5.050431788098141, 5.07924799833089, 5.114010603092035, 5.185881295032814, 5.1939214960301054, 5.205070372650824, 5.22799607801844, 5.232221258930531, 5.294012672370499, 5.314727145047055, 5.351533552526188, 5.3600413174249315, 5.4129686581082215, 5.423052981035093, 5.438772131643274, 5.495558403162332, 5.533370555797538, 5.535338874153677, 5.5589211376993894, 5.573916374276606, 5.616330256558583, 5.654704604425513, 5.669383919480415, 5.675064129882504, 5.680453967496788, 5.691869284358904, 5.7205275427555735, 5.722018289689519, 5.722218909966917, 5.72435171521169, 5.733509240314513, 5.740626635996922, 5.748315230862428, 5.748798774877702, 5.776492644097758, 5.792464612681609, 5.806571859026391, 5.825503545107375, 5.828940644763053, 5.8291233721803986, 5.845261663679571, 5.857882780357813, 5.859668923576117, 5.867576968295654, 5.874750881372296, 5.8865822494038555, 5.892385320150415, 5.901923064815789, 5.906536098980728, 5.910006962767897, 5.913568289774747, 5.91763519298399, 5.922853571023999, 5.9262890821471945, 5.930192578546805, 5.932586745220386, 5.936020333714245, 5.936246439084289, 5.937410445810414, 5.9422689989337, 5.945513871103358, 5.9457125806201585, 5.947670218068776, 5.94770860655336, 5.950431468879116, 5.950683043178916, 5.950861979317538, 5.956365094412025, 5.959664268441477, 5.960167236400342, 5.960809997173891, 5.9675762654773585, 5.96945520479368, 5.973911513801435, 5.97570719224039, 5.976762913327662, 5.980347386936525, 5.9806058861601485, 5.981646728969555, 5.98414358918754, 5.984736007913447, 5.986013285463149, 5.986626731927439, 5.987775125045196, 5.989335896659317, 5.990662348472709, 5.992114878375086, 5.99311277901305, 5.9937683587498, 5.994172848089648, 5.994865055148069, 5.996006841324306, 5.9960333369076135, 5.996333332831449, 5.9969053310850535, 5.997347344647935, 5.997502171676965, 5.997868028592828, 5.998258206212308, 5.9991716317340185, 5.999307030891429, 5.999307194503633]",8.05,2.491906089642216,8.0,12.95,13.0,1.0,0.0,0.0004292910100593872,24000,0.15,0.99,epsilon_greedy,exp,0.6,0.9995,none,1300,True
e1a,q_learning__9262edec__s46,q_learning,9262edec,46,15000,20.681923547001134,completed,12,2.7726341266023544,336403,"[-0.8610863298046739, -1.9712314221503136, -3.329162662116502, -4.181229286148258, -5.09297038858759, -5.360878859427361, -5.44059525426603, -5.042540678421353, -4.408298248103914, -3.646800449528393, -3.009743275528041, -2.305540218789981, -1.5441263803111487, -0.9151123152550956, -0.26694478786104886, 0.45799471781863993, 0.8824132797519358, 1.3819612399667756, 1.721865840313633, 2.0361144800215243, 2.4673390885011495, 2.7095844500274606, 2.9291807071307643, 3.171443215053872, 3.40483267918755, 3.635880330532254, 3.7314876569336946, 3.9641694716036358, 4.043766948549816, 4.197302533761068, 4.299642503388321, 4.395741667703834, 4.475091100802641, 4.632827702009252, 4.7011436843396, 4.794958625725766, 4.830816282762253, 4.882157120724995, 4.946682152414748, 4.992906501208868, 5.023538862801064, 5.061836545405121, 5.161020242848029, 5.199934695507368, 5.22294328708064, 5.27039852972172, 5.287406062435149, 5.322911431088314, 5.339241748418095, 5.374462621368582, 5.413228314100029, 5.4657909778420635, 5.50827722416602, 5.527248122955054, 5.553681937828118, 5.58593052053856, 5.6193229402691305, 5.6659593234698615, 5.673162332435011, 5.702926987520801, 5.721613123770134, 5.740214902904583, 5.745823631983057, 5.749400034149088, 5.781422492136644, 5.79804207696927, 5.812698676871701, 5.825561243873776, 5.84048430234921, 5.852535591962093, 5.861412707875998, 5.872262155394666, 5.889569735285067, 5.902418331349681, 5.9175704146333565, 5.924358086338901, 5.927768869705152, 5.938327570887244, 5.94654516828843, 5.9519338505587935, 5.958622901382908, 5.963053644756574, 5.971696903317351, 5.974456527007821, 5.9751696592234955, 5.975584550170409, 5.9777006442975305, 5.981751922517446, 5.986823063999937, 5.991474684178995, 5.993600275602922, 5.998564495825934, 6.001063036015827, 6.003364770232077, 6.005091704055008, 6.008626052501326, 6.0101091287663, 6.0116058865954, 6.012944689416385, 6.01369423033455, 6.0148857997968594, 6.0152970088561055, 6.0157461176641585, 6.016469451500177, 6.019876444441362, 6.020948176912219, 6.022269590556027, 6.023307641123826, 6.024125189636735, 6.024254073943204, 6.024451000168052, 6.024780947725789, 6.0250244432831845, 6.025026380957657, 6.025748045950466, 6.02688443607339, 6.028542323814487, 6.028838824131359, 6.029050283228291, 6.0295436277789305, 6.029958315268371, 6.030707696853089, 6.031181311371926, 6.032303460752103, 6.033070353931015, 6.033542585796796, 6.0339839388341785, 6.034542786119975, 6.035220596581021, 6.03528530788806, 6.035635639740599, 6.036241287126288, 6.036265232257685, 6.036739745700534, 6.0376417222741345, 6.037800559816152, 6.037810085397452, 6.037844913509164, 6.037912129044869, 6.038360709369642, 6.038722637795554, 6.039106737687189, 6.039392509085465, 6.039475532826342, 6.039488058686199, 6.039753823285381, 6.039829624155671, 6.0399900743183395, 6.040215230922622, 6.040500660172056]",8.05,2.491906089642216,8.0,12.95,13.0,1.0,0.0,0.0004257329999745707,24000,0.15,0.99,epsilon_greedy,exp,0.6,0.9995,none,2500,True
e1a,q_learning__9262edec__s47,q_learning,9262edec,47,15000,20.988859154000238,completed,13,2.832860744900815,331730,"[-0.9973117781096842, -2.1025496612926586, -3.006038533756118, -3.814136818097556, -4.315756533916203, -4.589558599731083, -4.3388827854984555, -3.9296068061551988, -3.429731479665528, -2.8039226300330324, -2.3286344430502948, -1.8544371562325916, -1.2174150756079243, -0.5989826933977778, -0.07746137516562078, 0.5572213199552578, 0.8634846484091133, 1.5911208371931667, 1.9733962906434857, 2.277346493195795, 2.48785622880617, 2.737466218862069, 3.038070428866639, 3.150553998259899, 3.314650886259384, 3.4022853593809876, 3.58092585537615, 3.798998230414759, 4.004381547098395, 4.111375502734466, 4.218986912208036, 4.246680085141246, 4.392832043381883, 4.467789993511972, 4.486244433777484, 4.558352510333632, 4.612417765636466, 4.685564874270417, 4.7062513475410315, 4.7564730092360685, 4.780399185524484, 4.9037021352954095, 4.977650341360309, 5.005077444746102, 5.155225779044329, 5.160726626338401, 5.2689186816703675, 5.279212366731096, 5.306939649714852, 5.315187334453149, 5.342120377324998, 5.346633230735053, 5.380708019404514, 5.396670385902809, 5.435589948149171, 5.4487047035194776, 5.4490265657157755, 5.459094677180601, 5.476198639551012, 5.485990827819593, 5.499542897694789, 5.5022738401607665, 5.53697416484969, 5.545106909035937, 5.551162364044929, 5.555365272924056, 5.560017491209065, 5.590392877169474, 5.597366412648865, 5.609283405265061, 5.6204310327977725, 5.621365830342776, 5.634303876525815, 5.634306321187128, 5.63618156637485, 5.6388054038763595, 5.6675583015541715, 5.678446939265636, 5.683592371848184, 5.701949704200348, 5.703419353012915, 5.70412558339474, 5.7077010496966265, 5.708446720007094, 5.710171868961746, 5.7120652412004755, 5.714336402591271, 5.73404698332048, 5.737651678344127, 5.762099576056108, 5.771770022220112, 5.780159353803922, 5.7807941020968645, 5.782533836315224, 5.784865384634783, 5.78619342264446, 5.78693958850725, 5.794468825051367, 5.802285721339029, 5.803049563776365, 5.809203934685988, 5.809966310294447, 5.815017055613624, 5.815575459037097, 5.8227463081131665, 5.823129043172645, 5.823308553393706, 5.824394468108344, 5.825091411645633, 5.827061705976138, 5.82832687718517, 5.82959867798619, 5.8355457685098555, 5.83600824306341, 5.836172445354649, 5.836610414547018, 5.838852290640077, 5.839783473558029, 5.842358991430217, 5.84267849456056, 5.844570279274482, 5.845119569954686, 5.8455061768309, 5.846666920653714, 5.847138858955507, 5.847171287378655, 5.848031803741349, 5.8488772204439154, 5.848963197706157, 5.849075732556117, 5.850626645331035, 5.851803974769469, 5.85216329542247, 5.852167500066445, 5.852460956323554, 5.852876563097573, 5.853775596337414, 5.854868916531975, 5.855215840515426, 5.855356414807523, 5.856156256366589, 5.856275453621283, 5.8563305666682295, 5.856468631373186, 5.856600795596568, 5.856600817706302, 5.856904133963639, 5.857054365943472, 5.857136940348976, 5.857660338954771]",8.05,2.491906089642216,8.0,12.95,13.0,1.0,0.0,0.0005380279999917547,24000,0.15,0.99,epsilon_greedy,exp,0.6,0.9995,none,1400,True
e1a,q_learning__9262edec__s48,q_learning,9262edec,48,15000,21.356851659000313,completed,1,3.3090633115732313,330659,"[-0.8712597197721618, -2.017942329903636, -2.8869128697087216, -3.929047319805307, -4.695764796358887, -4.849493505351756, -4.563113083496459, -4.322758923590779, -3.8215697542831304, -3.157807366623172, -2.4233459420930425, -1.7472569705771346, -1.0405109656004572, -0.2111487244319964, 0.10648653246835216, 0.6836161869762837, 1.1904176864404836, 1.766564238218016, 1.984834831350762, 2.3849310617892936, 2.668076903359276, 2.856136971241823, 3.0356703256524655, 3.1344804441615453, 3.336529100991794, 3.6031784602124555, 3.898710877621324, 4.017325027489492, 4.065530647228901, 4.127415717748501, 4.203238767971818, 4.229260712029172, 4.32836352569363, 4.346821114318278, 4.384170183722701, 4.4272282408213846, 4.486043564591994, 4.542873514241395, 4.571355588875138, 4.63088070086016, 4.674668938150573, 4.741859263167075, 4.79500115730165, 4.806729198337248, 4.844940849682799, 4.882283365986499, 4.9044053755176344, 4.9710611360991575, 5.047398717636396, 5.10237254173441, 5.1633891220106625, 5.185070105126873, 5.202860626832543, 5.204197077710456, 5.234874516380113, 5.260611469587126, 5.2843454014282925, 5.321296770724627, 5.35134300547029, 5.367998675486726, 5.395632298730814, 5.41509166058484, 5.42940909210605, 5.438665198353243, 5.451731226832183, 5.459560194282278, 5.465219875302269, 5.474514261003973, 5.478979718572125, 5.4801403659505095, 5.489986702890142, 5.503327493347212, 5.506590634412941, 5.509406709661624, 5.529414993423606, 5.534705727547496, 5.543030580162938, 5.549268256407296, 5.563019289042088, 5.56585184590234, 5.57742006154722, 5.58370703238622, 5.585741078769681, 5.586418388181345, 5.588121529641493, 5.5918063488167595, 5.5930446789735395, 5.595606987965848, 5.602129241110209, 5.604976359623549, 5.610219118145896, 5.614073023304793, 5.615601586521523, 5.619073874192628, 5.621094810550155, 5.62399003843403, 5.627848935782608, 5.630878349777385, 5.633357911237024, 5.637498405752344, 5.640582596765674, 5.6430494894188685, 5.643776324144227, 5.645207571841772, 5.647887771841159, 5.6512407139853185, 5.652930889715418, 5.653080661361345, 5.654785502363544, 5.656321327572491, 5.657466959814378, 5.657899771907253, 5.659475272595961, 5.661316391524432, 5.661770657465271, 5.661986617114392, 5.663840052659954, 5.664788571210668, 5.665811441424522, 5.665964273473567, 5.666348111960718, 5.6673255757945435, 5.667672394658587, 5.667727862798163, 5.66905281449464, 5.669729114873863, 5.671286077449392, 5.671391567972225, 5.671560280761891, 5.672180942091919, 5.6721809787919275, 5.672972504105434, 5.673290418052891, 5.673719121693155, 5.673770782781029, 5.674030470718872, 5.67447399490086, 5.6745466810881755, 5.674555088736569, 5.674658969011264, 5.674925046296917, 5.675095934848832, 5.675391081183966, 5.675654815188315, 5.675668249090568, 5.6757128241459425, 5.675858607180745, 5.6760686320243146, 5.676079994686638, 5.6763790314230596]",8.05,2.491906089642216,8.0,12.95,13.0,1.0,0.0,0.0005016750000140746,24000,0.15,0.99,epsilon_greedy,exp,0.6,0.9995,none,2000,True
e1a,q_learning__9262edec__s49,q_learning,9262edec,49,15000,21.93692166300025,completed,52,3.106042498099471,334414,"[-0.9990335766797448, -2.0135693234821503, -2.959996032931125, -4.0697200367570385, -4.858578105742206, -5.116363759104014, -4.8681029742997755, -4.4030056674518425, -3.667493069648898, -3.0764797718832066, -2.419094435530518, -1.7450019349674193, -1.3797293162859943, -0.738338469318433, -0.2756985083008019, 0.045894266275861344, 0.4694082994643759, 0.8123894827474027, 1.126535693956437, 1.5253181600682586, 1.8363643976967952, 2.203762911996954, 2.543587749942557, 2.813264342703933, 2.9602641890776553, 3.2187807729438935, 3.364278132513546, 3.508559698750405, 3.6491359454589416, 3.779777007682833, 3.8336490051463987, 3.9788882314416947, 4.084770487398511, 4.165750652732551, 4.179370588503601, 4.202883174861152, 4.303759791658465, 4.313208045752371, 4.352210680619385, 4.39990954994725, 4.456037658937374, 4.5057869611659385, 4.578817658329088, 4.646182211583109, 4.721420194551119, 4.747364843786005, 4.773651396944635, 4.797089019414524, 4.821929113537052, 4.8792185999328, 4.91790447447695, 4.921827744990609, 4.950701035570704, 4.966099815918207, 4.977307859412326, 4.9845239530812115, 5.004376750099443, 5.021525083730713, 5.0539320261782255, 5.08113552356801, 5.107011432586718, 5.116266349911672, 5.1207178479737925, 5.134720466562383, 5.170924110656378, 5.195849346238984, 5.233889340799766, 5.253536118019422, 5.293253877864752, 5.299126343857237, 5.3142234217471565, 5.327296326022923, 5.332082716512068, 5.332949797831664, 5.3412568942777, 5.345288280590762, 5.355487044018906, 5.378268116761624, 5.379841317302689, 5.391443367609012, 5.397629352107406, 5.397755351911225, 5.406519093711773, 5.417921199799445, 5.4201271320383215, 5.43469999461916, 5.435794246078016, 5.4490568498422105, 5.454083704378399, 5.467835498886294, 5.470368261551811, 5.474667788212503, 5.47821562683452, 5.4819264014425615, 5.484473158974271, 5.491997878685973, 5.495491221936336, 5.500111906555683, 5.504842920587738, 5.5053652399758155, 5.506371510748624, 5.507728547385763, 5.508371833526868, 5.5101296899496495, 5.51130215820641, 5.51620122462243, 5.5183420967721, 5.520541694888084, 5.527407301035, 5.528130941810946, 5.530327787205592, 5.531235414157547, 5.532116665150441, 5.533485305905903, 5.5382102425014255, 5.539278356070491, 5.54183448512509, 5.545692790656029, 5.547472093164118, 5.548168557206095, 5.548776682639859, 5.549203594048588, 5.549624698092981, 5.551366102359, 5.553958403567088, 5.555437527758696, 5.555577317107543, 5.5557263707004285, 5.556673795901696, 5.557520671231192, 5.558607781009161, 5.560159745491408, 5.562201298261693, 5.562408267807437, 5.562541678953344, 5.5641259758834964, 5.564182117961844, 5.564886699796238, 5.566536307243795, 5.566623990082145, 5.56696198313452, 5.567167492745854, 5.567909186588404, 5.568549759525391, 5.568724954235367, 5.568971604773854, 5.5691067071554725, 5.569299096969778, 5.569497923902947, 5.5696044583458235]",8.05,2.491906089642216,8.0,12.95,13.0,1.0,0.0,0.0003801130099418515,24000,0.15,0.99,epsilon_greedy,exp,0.6,0.9995,none,1800,True
e1a,q_learning__9262edec__s50,q_learning,9262edec,50,15000,20.875886885998625,completed,17,3.0442568879777543,335894,"[-1.0301036881379693, -2.227395191761153, -3.2631966440397884, -4.162931941914322, -5.012862745631495, -5.061596209768396, -4.767974856057317, -4.23751312994712, -3.6545949702288576, -2.82583064683856, -2.335535655548857, -1.9335007180964079, -1.372385091095645, -0.8225660997192177, -0.3360998413149679, 0.22040651568140626, 0.6420066554030728, 0.9851754823163004, 1.2741392955890718, 1.4974401786285247, 1.8312077985279975, 2.079661486376104, 2.3607670008759323, 2.6240626516678565, 2.839510787501949, 3.107541183851545, 3.2662218008130983, 3.4430345692107465, 3.5629181988261363, 3.6734168998746197, 3.8713114383043195, 4.139560640618143, 4.293923927390612, 4.34802546533812, 4.358395228928563, 4.4804127871622486, 4.547205172736641, 4.6056103949020235, 4.628209662758064, 4.679761768224213, 4.750632208379046, 4.773448765421035, 4.798339513923808, 4.867186448283216, 4.894692366748014, 4.905661945790925, 4.937263222093209, 4.973888423410221, 5.006245250260533, 5.026259131577459, 5.085616070580007, 5.106119907575874, 5.1169255554941575, 5.165911239574636, 5.248657170062128, 5.281416141196404, 5.29166844152704, 5.314415556287359, 5.331382350744625, 5.334475540792705, 5.366253898439353, 5.37872254696897, 5.391259233951205, 5.393496719735273, 5.433151658010803, 5.447320912745435, 5.456723991303572, 5.480742071107042, 5.50665672903259, 5.517085858962464, 5.524719624943387, 5.531985647564259, 5.538908824727558, 5.554158410832729, 5.562107666093561, 5.570497849096834, 5.575029556232859, 5.600574486793793, 5.603227538100601, 5.610989865408641, 5.6180313292824025, 5.620559480839666, 5.628241307815943, 5.632133562115741, 5.649901976853113, 5.653364623739017, 5.658581481856357, 5.664296143772379, 5.67532857602525, 5.6802204511383145, 5.680230877732234, 5.685576098511079, 5.689147697133236, 5.692681503769465, 5.699109998245674, 5.699473703217425, 5.700820904361918, 5.704592286809273, 5.708815557202043, 5.711545909513258, 5.712656409589247, 5.715196874860525, 5.717624699000568, 5.719706847931699, 5.720487831648361, 5.72178315219858, 5.723861370097385, 5.726063006315635, 5.72769327442973, 5.730369467301262, 5.732109525353424, 5.7325484302244085, 5.733246223270421, 5.733275022787661, 5.733652048646774, 5.735365823826613, 5.736937190495321, 5.737731585601777, 5.739674970142855, 5.740858157596227, 5.742024896207669, 5.742650285862323, 5.743290908610054, 5.743882582112553, 5.7444738243558975, 5.744474269312255, 5.745236708647609, 5.7461681780833, 5.74632302697828, 5.746957703006085, 5.747710117144851, 5.747838741420926, 5.747980784876907, 5.748173062583333, 5.748428151232669, 5.748764808479464, 5.749006815235786, 5.74967616221559, 5.74988127000064, 5.750123755170306, 5.750165527058942, 5.750360814554527, 5.750838795659876, 5.751199871660819, 5.751387941954035, 5.752062339666364, 5.752062346712817, 5.752273911302475, 5.7525216109903425, 5.752764509111995]",8.05,2.491906089642216,8.0,12.95,13.0,1.0,0.0,0.0005027470099230413,24000,0.15,0.99,epsilon_greedy,exp,0.6,0.9995,none,1800,True
e1a,q_learning__9262edec__s51,q_learning,9262edec,51,15000,21.341569689999233,completed,9,2.7511997382960036,331670,"[-1.0043618383049497, -1.9675898101398386, -3.1348870167865, -4.228433095015374, -4.888101908940947, -5.26364975093085, -5.148920513117011, -4.338301648047325, -3.8144970602574184, -3.118371253814659, -2.593184544267276, -2.0998546442441373, -1.6610900164583704, -1.1122295746057302, -0.8040898779238691, -0.15857694386373786, 0.3093085929313352, 0.7110461604722375, 1.1085681136936525, 1.5207523471839364, 1.7316254090324432, 2.0500137666300153, 2.235338413163548, 2.652855114500136, 2.900669448770133, 2.998191912205558, 3.14405799352423, 3.444192715560349, 3.6041685597233863, 3.7101855736657194, 3.7832161719639554, 3.9733381178480713, 4.140929361641765, 4.2688341929949205, 4.334660726199945, 4.3507246956065675, 4.430774739138814, 4.475532265553763, 4.520139702456019, 4.537007936710779, 4.574699818135298, 4.631201439886525, 4.657182639244521, 4.692400868206579, 4.740537455335326, 4.807776312412224, 4.894141431682458, 4.92930344842395, 4.960054933652978, 4.960168556259335, 5.001473093028479, 5.071355903380624, 5.1166644695917665, 5.148054981077673, 5.160780736543609, 5.186265011522975, 5.1965207665067314, 5.2211440352164, 5.240741989315355, 5.25714441293349, 5.273049563578401, 5.293720804618271, 5.334377462641963, 5.363588222708284, 5.377733116738793, 5.387300790171017, 5.402875543264717, 5.415680170849424, 5.426071751006318, 5.426445180090107, 5.453466566583258, 5.470647643992065, 5.478760495890151, 5.4851300152987585, 5.486380214795212, 5.492626184445597, 5.497177284815334, 5.509768804797929, 5.5225770346435645, 5.524948086149165, 5.528473164515211, 5.546408510966587, 5.56494403277097, 5.567426439496232, 5.56943206349573, 5.573501364051467, 5.583559881063184, 5.588312016954846, 5.598241554096568, 5.602050007597012, 5.610413054374621, 5.621772091315891, 5.628302509983217, 5.629863336399888, 5.634800723353845, 5.637385441725275, 5.640536232542578, 5.640662487394234, 5.64226506381029, 5.642407409645288, 5.644613796547242, 5.648357562229418, 5.656312002538892, 5.660646652727076, 5.662113874770669, 5.664210021018809, 5.66441014394327, 5.665005094275837, 5.665836860559545, 5.6671678860899135, 5.671912234879913, 5.6740206264195026, 5.67842247055739, 5.678830890223157, 5.680176855240002, 5.687803949490357, 5.689181590584352, 5.6899996840559055, 5.690812358718015, 5.690914025131377, 5.692083767678588, 5.6933856462806665, 5.694076326095219, 5.694682945708374, 5.694902011359889, 5.695782765877218, 5.698953128973672, 5.699144661518022, 5.699250986243407, 5.703819427659569, 5.70454268296447, 5.70479781544956, 5.705047930328169, 5.70560509944374, 5.705605099677855, 5.705699761167524, 5.705841707620755, 5.706000491925597, 5.706001102837664, 5.706033692342744, 5.706372002283987, 5.70654732219138, 5.706672912020967, 5.706733388404247, 5.706733450703843, 5.707187245834317, 5.7072087394787205, 5.70728138836854, 5.70774151422678, 5.709499511539914]",8.05,2.491906089642216,8.0,12.95,13.0,1.0,0.0,0.0005234100098095951,24000,0.15,0.99,epsilon_greedy,exp,0.6,0.9995,none,1700,True
e1a,q_learning__9ad7b0f5__s42,q_learning,9ad7b0f5,42,15000,19.75723024999934,completed,50,3.744382459097895,321077,"[-1.8409849437415668, -3.3296191715090133, -4.82729633686594, -4.424574908741721, -2.9771926241564324, -1.7296988940939273, 0.5705242091940458, 1.7314385442167852, 3.109295822695415, 4.238348900150398, 5.363079197109678, 5.762933967158377, 6.100650605986161, 6.487957540002943, 6.6805251967565855, 6.853130949309086, 6.940196087845863, 7.02446017058291, 7.098258959548814, 7.161305288574758, 7.259716500012108, 7.316899074644001, 7.343826503496795, 7.398561010937792, 7.425728676612718, 7.432081261790171, 7.440076594144645, 7.467040871615319, 7.4974758056990565, 7.523110475136396, 7.5284164281943555, 7.536181122211347, 7.553136146394771, 7.558580433821624, 7.563642041121269, 7.56507188524014, 7.565509537517684, 7.566905989741358, 7.569875814371406, 7.571239778075897, 7.575718924876379, 7.5766062513309205, 7.576824226644399, 7.580234027999927, 7.581254935676867, 7.583659642003893, 7.584793804045037, 7.584833301223517, 7.585282026821033, 7.585282029353408, 7.585455102819112, 7.586093335651628, 7.5863998027501065, 7.586714819588752, 7.5868160814994345, 7.588179833667439, 7.588736847681954, 7.5891143157590895, 7.589740442396022, 7.589803650627216, 7.589928901048426, 7.590158397631299, 7.590289401035225, 7.590619333076516, 7.590894409006007, 7.592469095000313, 7.592649249630628, 7.593090795420078, 7.5930950071156245, 7.59309763541536, 7.593760732857258, 7.593947385460903, 7.5939473870080825, 7.594156885904387, 7.594259021657096, 7.59430745305344, 7.594391870416628, 7.594473329904586, 7.594482593059005, 7.594524427539968, 7.594541389566972, 7.5945607153156365, 7.594614989946819, 7.594638923624152, 7.5946463750549436, 7.5946516679350164, 7.594659191009624, 7.594671114385429, 7.594671803673646, 7.594679310593571, 7.594684190527414, 7.59468429800242, 7.59468764218244, 7.594689000700789, 7.594689923657565, 7.594690342194922, 7.594695974255057, 7.594697530769614, 7.594697744771117, 7.5946984199961465, 7.594699212495129, 7.594726069071716, 7.594726425774303, 7.594744827302438, 7.594767528873451, 7.594767938903832, 7.5947680819072945, 7.594768257049551, 7.594769053040748, 7.594770158596912, 7.594770260125912, 7.594771170030694, 7.59477221400719, 7.594772223598164, 7.594772223612683, 7.594772603600612, 7.5947735291203005, 7.594774022192827, 7.594774044488347, 7.5947741849796495, 7.594774271679435, 7.5947846423958145, 7.594787786797508, 7.594787811607944, 7.594789993744756, 7.594790076086913, 7.594790147678011, 7.594791625915671, 7.594792658878573, 7.594792668306757, 7.594792672449253, 7.59479274385406, 7.594794052350187, 7.594794072367919, 7.594794109637151, 7.594794465120859, 7.594794465138184, 7.594794495346624, 7.594794504950534, 7.594794507981886, 7.594794754837527, 7.594794758380032, 7.594794758384188, 7.59479475838419, 7.594794767499205, 7.594794768178101, 7.594795064360545, 7.594795065212585, 7.594795220214047, 7.594795220876605]",8.05,2.491906089642216,8.0,12.95,13.0,1.0,0.0,0.0005322140199314163,24000,0.3,0.999,epsilon_greedy,exp,0.6,0.9995,none,700,True
e1a,q_learning__9ad7b0f5__s43,q_learning,9ad7b0f5,43,15000,20.100860395999916,completed,17,3.0531786714832134,317581,"[-1.699001778804146, -3.5907667600100552, -5.193517981872632, -4.584666636988404, -1.9729763333934616, -0.29882263509114726, 1.4681045235246692, 2.5007055401392675, 3.6470382905492786, 4.499764939520666, 5.139826445481828, 5.55099367682624, 6.130823533102373, 6.405406902329319, 6.534265590532731, 6.569869588172396, 6.814468095832137, 6.85590241193895, 6.971236616218293, 7.0196258433540155, 7.109828888856564, 7.1821797906016, 7.324679038612682, 7.443738208559906, 7.45074675573837, 7.506167469915898, 7.512069625984627, 7.530234491157172, 7.552893627263104, 7.553002088187389, 7.568423865644806, 7.613935297036279, 7.616739199836689, 7.648888867438203, 7.6547299776455455, 7.654741153709571, 7.659819416058544, 7.668367611084795, 7.672403243079093, 7.68545474723718, 7.686817462366753, 7.688392145672013, 7.692412771978708, 7.699096669128242, 7.705357644769567, 7.706798631464973, 7.71143939702261, 7.71362392872355, 7.713937457336629, 7.71450734153912, 7.716536042772523, 7.717547085363656, 7.719619000822961, 7.721580022304044, 7.723311014881788, 7.72495125493427, 7.72519971045473, 7.7251998762557665, 7.725872481945286, 7.726075809932814, 7.726446848328312, 7.7269067485523335, 7.726928987678665, 7.727071273556111, 7.72760814040956, 7.727881378323727, 7.727926032515976, 7.727940922125486, 7.72825654593233, 7.728326865654615, 7.728526621497833, 7.728618396025662, 7.728750627175189, 7.728840112864942, 7.728840112871393, 7.728875788008186, 7.728929631762253, 7.728943128079575, 7.728974900263258, 7.729067141922835, 7.729126221935041, 7.7291482959538165, 7.729148315692493, 7.729224831078921, 7.729253795123498, 7.729295148505172, 7.729302936716812, 7.729342619973945, 7.729365852664609, 7.729398122804551, 7.729398132476131, 7.729416464342716, 7.729432760279148, 7.7294362394086304, 7.729449043580967, 7.729461410268186, 7.729463361641168, 7.729467855546035, 7.729467856683923, 7.7294742384364765, 7.729474820264371, 7.7294787849935425, 7.729479205262903, 7.729481241616202, 7.729483050281691, 7.729484797819299, 7.729484800526451, 7.7294856133378405, 7.729486304245045, 7.729490286433636, 7.729490286440908, 7.729491293425847, 7.729491422836257, 7.72949442104805, 7.729495865641926, 7.72949938268332, 7.729500894601143, 7.729503148844568, 7.729503187622299, 7.72950366423377, 7.7295054676296555, 7.729505575873291, 7.729505887510097, 7.729506006546937, 7.729506436750027, 7.729506540503718, 7.729507264393572, 7.729507276265141, 7.729507357789682, 7.72950782346291, 7.729507842452125, 7.729507986716527, 7.729508061819392, 7.7295082463147375, 7.72950843604091, 7.72950848090821, 7.729508578980327, 7.729508589243028, 7.729508627104172, 7.729508629633097, 7.729508635545822, 7.729508635545822, 7.729508642364637, 7.729508645768406, 7.729508653844439, 7.7295087341928035, 7.729508735570489, 7.729508735649849, 7.72950874184684, 7.72950874184684]",8.05,2.491906089642216,8.0,12.95,13.0,1.0,0.0,0.000344777009831887,24000,0.3,0.999,epsilon_greedy,exp,0.6,0.9995,none,800,True
e1a,q_learning__9ad7b0f5__s44,q_learning,9ad7b0f5,44,15000,19.908383649000825,completed,45,3.329504467634786,315777,"[-1.5325021465961493, -3.4416028293692076, -4.854222717501496, -5.086912896281305, -3.3304808401929633, -1.7791716969002096, -0.40803180944205536, 1.8159682226887797, 3.3861736164910865, 4.0912142718341595, 4.880893158109015, 5.508771926126412, 5.954063526275468, 6.16257249660465, 6.363243641684788, 6.478616714251797, 6.593139793214145, 6.6241135136102525, 6.639473768536829, 6.698686565707532, 6.834275351752443, 6.848249515485818, 6.85290773951499, 6.854227848270792, 7.006353093661957, 7.046940528087466, 7.058221726117837, 7.061425586792582, 7.161538382948892, 7.199292020244584, 7.290029068616936, 7.336204684561809, 7.337459449022469, 7.340641608380482, 7.343562821118221, 7.355099473863207, 7.357284791407458, 7.369485465902055, 7.369486729485907, 7.380267155316779, 7.390371511193329, 7.400556244019516, 7.400558968485382, 7.406320583010392, 7.415592998715479, 7.422465910088039, 7.466533645712272, 7.470370912367553, 7.504020248659353, 7.505137227364694, 7.528706743520503, 7.529943844555373, 7.532885780898939, 7.5503201755455205, 7.552840213015937, 7.555070445582469, 7.565586403697384, 7.566074122578732, 7.573332249931699, 7.578414649058092, 7.583434026898851, 7.586044860675039, 7.5863823688488194, 7.5865290984515354, 7.588625341701654, 7.588953392864667, 7.591101323764556, 7.591430012725504, 7.5914886062204525, 7.591488630053059, 7.59208684602389, 7.592582515626097, 7.59269486983184, 7.593316414422783, 7.593319775847454, 7.593373679875534, 7.593517077668503, 7.593701933480806, 7.593721688974287, 7.5939270118130775, 7.594031584812966, 7.594111668813356, 7.594202706062043, 7.5942035127332, 7.594208576089855, 7.5942278529499, 7.594268868262694, 7.594288653341943, 7.594317860863666, 7.594344562858308, 7.594378904437048, 7.594396486649687, 7.594415031418479, 7.59441859300163, 7.59442107421528, 7.594464113461126, 7.594474952717869, 7.594489949756467, 7.594605290204753, 7.59461066753718, 7.594610955197906, 7.594614524390765, 7.59466745937148, 7.594672207418854, 7.594698380558614, 7.594698383429244, 7.594712106983967, 7.594729705073593, 7.594734433924324, 7.594745066786149, 7.594748527330372, 7.594749626763187, 7.594750387886205, 7.594750776227892, 7.594752574380702, 7.594760634664133, 7.594762932980467, 7.594763100533865, 7.594763102207771, 7.594763104888103, 7.594763120650979, 7.594765511458152, 7.594766034915858, 7.5947682417610896, 7.59476835183021, 7.594776220323733, 7.594777095585161, 7.59478196390384, 7.594782329083894, 7.594782337973288, 7.59478233859653, 7.594785746569641, 7.594785746794968, 7.5947857525677875, 7.5947879744054, 7.5947881732500955, 7.594788437740192, 7.594788601533824, 7.594788601533824, 7.594788738044324, 7.594788966476618, 7.5947891297264, 7.594789276526943, 7.594789323298404, 7.59478935670452, 7.59478935670452, 7.594789396866494, 7.594789522440403, 7.594789621561278, 7.594789638704137]",8.05,2.491906089642216,8.0,12.95,13.0,1.0,0.0,0.0005374660200322978,24000,0.3,0.999,epsilon_greedy,exp,0.6,0.9995,none,800,True
e1a,q_learning__9ad7b0f5__s45,q_learning,9ad7b0f5,45,15000,18.65259724600037,completed,30,3.521363372331802,317268,"[-1.6970211771189794, -3.4636719492304517, -4.59562665772228, -4.6874955087091275, -3.0527276781509385, -1.205129542309753, 0.5961908955877537, 1.5080198457795442, 2.4821251471979213, 3.450894045605709, 4.409226249298873, 4.764628226503517, 5.503492985751649, 5.647351844045176, 5.849412054070758, 5.999826202320401, 6.099068738090286, 6.412487660585325, 6.441503482898082, 6.580765495283864, 6.759768461281599, 6.868268015459902, 7.036188337414438, 7.158199364937648, 7.219630671121428, 7.259740258116643, 7.270922563185803, 7.289593065134455, 7.308958026086232, 7.32476070836808, 7.340339525118006, 7.348727326272131, 7.362938388399139, 7.363188294881803, 7.3750266459133, 7.408878359258119, 7.410030871738996, 7.413797021464163, 7.4148983369188395, 7.41494232290671, 7.418209998664923, 7.420866159728781, 7.422114100571317, 7.424325657175729, 7.425174931387731, 7.432567483786343, 7.433684706288732, 7.44057562384962, 7.44064931761416, 7.441071302133421, 7.442977919959495, 7.446777536337063, 7.449981039225065, 7.450136909365154, 7.454065517655384, 7.455512226199841, 7.45568808355967, 7.4566609941945705, 7.457321375985931, 7.457438696279725, 7.458236367053056, 7.45834795618309, 7.458390308468685, 7.458541292748245, 7.458574751527985, 7.458788767985078, 7.4591457339517495, 7.459220011022193, 7.459221295273917, 7.459291381014327, 7.459298448606289, 7.459538341308345, 7.4596995169405655, 7.459707865369734, 7.459769738182867, 7.459796361532324, 7.459926784166449, 7.45992700216238, 7.459927154827128, 7.46004074329941, 7.460062670780577, 7.460069002910372, 7.460111642773443, 7.460200025988484, 7.46030501339318, 7.460312682611063, 7.460347152283183, 7.460360386259238, 7.460376125167613, 7.46037612610211, 7.4603892942936145, 7.460401610302073, 7.460412991838877, 7.4604165798673305, 7.460427385341415, 7.460434608040089, 7.460442486682685, 7.460449684189559, 7.460455854142, 7.460459648900029, 7.460463133704849, 7.460463459855996, 7.4604634598560695, 7.460466742049957, 7.460468509757986, 7.46047102068945, 7.460473236738949, 7.460473245128028, 7.460474369084494, 7.460475077542256, 7.460475899200578, 7.460477896937151, 7.4604793219585215, 7.460479796920215, 7.460479813362511, 7.460479813364576, 7.460479845731987, 7.460480822581574, 7.460481569775237, 7.460482870987746, 7.460483043394546, 7.460483104343378, 7.460483492414488, 7.460483538032946, 7.460483568031555, 7.460483641547473, 7.4604837178851, 7.4604837178851, 7.46048394945694, 7.460484450614862, 7.460484481484148, 7.460484729993302, 7.4604848572050475, 7.460484885432887, 7.460484885432888, 7.460485038456948, 7.460485038848815, 7.460485160003773, 7.460485193785898, 7.460485236797108, 7.460485299339371, 7.460485334449808, 7.460485355958601, 7.460485389404961, 7.460485402680331, 7.460485404328413, 7.460485406540653, 7.460485411203625, 7.460485413305087, 7.460485418191507]",8.03,2.5164308538929183,8.0,12.97,13.0,1.0,0.0,0.0003931989999546204,24000,0.3,0.999,epsilon_greedy,exp,0.6,0.9995,none,1000,True
e1a,q_learning__9ad7b0f5__s46,q_learning,9ad7b0f5,46,15000,18.58819012100139,completed,12,3.3712163976819998,316536,"[-1.5955544756465536, -3.1149425568060067, -4.622182114566258, -4.735674296650605, -3.6299170386850195, -1.615566904546233, 0.057635626875833255, 1.085645283776483, 3.0133366484113298, 4.02224525252738, 4.791075027824298, 5.447881468175225, 5.951712768407028, 6.198691484254863, 6.350404857352078, 6.5032795149214495, 6.647542512198121, 6.834600874549663, 6.8690454166536385, 6.9412787776971125, 6.992535150584055, 7.020281038915668, 7.034293687265224, 7.100679809151059, 7.165581103136902, 7.173694136038828, 7.200917692721191, 7.260673224306841, 7.281133176842171, 7.281435185438293, 7.319118955424214, 7.349682223124203, 7.3601011096859335, 7.36571849750221, 7.385679205814301, 7.398154687421285, 7.402021805362058, 7.410886253648281, 7.412258095811254, 7.41949318228848, 7.419631305279969, 7.436957186297614, 7.4452494219211705, 7.447468808970233, 7.459646824618232, 7.462784957074684, 7.4643765800593815, 7.4702515938098735, 7.470333480430195, 7.474276272104566, 7.481345120902939, 7.484494473736118, 7.4844958368139025, 7.485148750943419, 7.486139030804855, 7.486536760017006, 7.486597425980448, 7.486876390238808, 7.488288041635742, 7.488319609922942, 7.48831979986401, 7.4893755745758, 7.4896774898646905, 7.48981391337649, 7.490876884248738, 7.49113681186297, 7.49132566012431, 7.491452909264513, 7.491491226609613, 7.492307226951356, 7.492678604475427, 7.492858734585864, 7.492886380269755, 7.492893852672949, 7.4932889362691215, 7.493288936330268, 7.493327952742222, 7.4933738018913925, 7.493386178521975, 7.4935795916146315, 7.493595193695904, 7.493611731739309, 7.493613393228379, 7.49361595204335, 7.493615952049413, 7.493620794478549, 7.493687107563165, 7.493743283227403, 7.493744439156708, 7.493745934265767, 7.49376649452926, 7.49378227744026, 7.49379181454125, 7.49387628354216, 7.493877828676424, 7.493878725587936, 7.493882635722183, 7.49393810298648, 7.493941136788428, 7.49394229799718, 7.493942356993502, 7.4939428127963055, 7.493942856829885, 7.493942857946199, 7.493945008457344, 7.4939452396468935, 7.4939468115863574, 7.4939478509230435, 7.493948192262962, 7.493986976028268, 7.493987522219715, 7.494014921380811, 7.494033861032606, 7.494033893705537, 7.494047049625044, 7.494047320401617, 7.494047320474357, 7.494047730242787, 7.494048092942646, 7.494048159035614, 7.494048160744052, 7.49405732754494, 7.494057474087911, 7.494057474901506, 7.494063925990443, 7.494063939366399, 7.494063989093875, 7.4940640246961845, 7.4940640353640395, 7.494064354730704, 7.49406440542649, 7.49406441326633, 7.49406449452248, 7.494064537096073, 7.494064545658788, 7.494069049505305, 7.49406916143394, 7.494069182535216, 7.494069184328145, 7.494072352935508, 7.4940723535240386, 7.494072358284636, 7.494072375873592, 7.494076117851405, 7.494076134373306, 7.494077233356976, 7.494077234674608, 7.49407852800412, 7.494079339048284, 7.494079475069899]",8.05,2.491906089642216,8.0,12.95,13.0,1.0,0.0,0.0002970190099586034,24000,0.3,0.999,epsilon_greedy,exp,0.6,0.9995,none,1200,True
e1a,q_learning__9ad7b0f5__s47,q_learning,9ad7b0f5,47,15000,18.729994257000726,completed,13,2.936256119618996,316481,"[-1.6926185229612392, -3.412341187223538, -5.009645701438937, -5.759400098345068, -4.407458991825046, -1.9332376194406167, 0.8897350950297394, 2.466595288529966, 3.9545677767604457, 4.483577907855904, 4.990843897814467, 5.304003834774294, 5.480318399557506, 6.133500608150836, 6.359553799743212, 6.547521388186804, 6.660644490779019, 6.688681330926888, 6.820266626950722, 6.830358401624063, 6.936440513940351, 6.992984166278363, 7.031464280696628, 7.097773758795341, 7.118218308210854, 7.141766658384338, 7.18303603905736, 7.192912721059728, 7.203357051613923, 7.229820859588984, 7.231513284317518, 7.2335555011660935, 7.233671431577393, 7.2365885380257575, 7.238798947165404, 7.245146951730662, 7.259093753160886, 7.267533813466324, 7.267549656697801, 7.267573253155321, 7.271689704726855, 7.279858028595796, 7.284389427103923, 7.285086830362465, 7.288381043341747, 7.288487303266692, 7.291718919238637, 7.29484219753885, 7.295305267458141, 7.3013111497362635, 7.302434350867589, 7.30647353526582, 7.306476498184115, 7.309253662730546, 7.314741282547218, 7.316271842996151, 7.317377823359778, 7.319189910883101, 7.319191765436536, 7.3192164603023935, 7.3192167692971815, 7.319738184951401, 7.320717548097992, 7.321564954106858, 7.321801553359309, 7.321801608867267, 7.321967660337265, 7.322044246746979, 7.322604789982403, 7.322630118142901, 7.323495885178243, 7.323517433871181, 7.323853064095529, 7.323865625090521, 7.323865700856069, 7.323921945888999, 7.323921968219983, 7.3239823136204985, 7.324250589551647, 7.324562348500276, 7.324794585577066, 7.324889806889963, 7.324897011168207, 7.324965988485512, 7.324995615296951, 7.325017843814272, 7.325031589152195, 7.3250316470336125, 7.325037684272527, 7.325204356709449, 7.325210374958668, 7.325253547866902, 7.325286699300299, 7.32540826966252, 7.325408383888216, 7.325430569540493, 7.325432364868522, 7.32543236712994, 7.325511344241974, 7.325513283303626, 7.325535204678459, 7.32560090940692, 7.325613244738926, 7.325613590851289, 7.325622102401696, 7.325622760153255, 7.325688277718148, 7.325709409141887, 7.325709706596906, 7.325709882579263, 7.325724811086976, 7.325728366567648, 7.3257284522600985, 7.325728456870071, 7.325733003599757, 7.325736568705239, 7.3257366284958465, 7.32573705086933, 7.3257463247243715, 7.325746353229604, 7.325746373183234, 7.325746640365943, 7.325747508188927, 7.325754627328062, 7.325759151379907, 7.325762508286514, 7.325762508286541, 7.32576265328971, 7.325762754412211, 7.325762848690348, 7.325762962609889, 7.325762972759961, 7.325763033107185, 7.325765300585876, 7.325767590013144, 7.325767590013151, 7.325767594804094, 7.325767612170208, 7.325767614143112, 7.325768700937258, 7.325769479029732, 7.325769505462007, 7.325769509178202, 7.32576950957096, 7.325770041830436, 7.325770045243659, 7.325770420559027, 7.325770893596265, 7.325771045051147, 7.32577114577514]",8.05,2.491906089642216,8.0,12.95,13.0,1.0,0.0,0.00029215000993644937,24000,0.3,0.999,epsilon_greedy,exp,0.6,0.9995,none,700,True
e1a,q_learning__9ad7b0f5__s48,q_learning,9ad7b0f5,48,15000,17.886264830000073,completed,1,2.9308701779505686,317559,"[-1.6640004995229183, -3.545406559318776, -5.166180918894974, -5.67764437172061, -4.029045517554842, -1.7335448956541337, 0.0365892956981759, 2.416145808316909, 3.7229442360926575, 4.61899421630085, 5.3037664080888955, 5.615826082279775, 5.993869549659126, 6.090159541675779, 6.228341148157393, 6.296874551769863, 6.325593995941552, 6.536051329505665, 6.604189019098019, 6.728680665915536, 6.793295094024867, 6.845398880175426, 6.903065074031643, 6.919191893104483, 6.942422966659302, 6.951959834332836, 7.012841291522805, 7.0334063901941875, 7.0343310769078045, 7.046948150831271, 7.05277030306577, 7.056851436362037, 7.079398478444779, 7.089515607319781, 7.093378533561173, 7.095406210030628, 7.100228631407395, 7.105489549085286, 7.118923617396076, 7.122651207094571, 7.127023463277, 7.131396756887562, 7.1340676466357245, 7.135135670459941, 7.135820709301663, 7.136318430899147, 7.140623614114562, 7.141843603538772, 7.142592540253514, 7.144371234579153, 7.144374445985504, 7.145011949651855, 7.145207243680275, 7.145207297695591, 7.1458509970922135, 7.146141547982613, 7.146679521896823, 7.147012593065595, 7.149662588461183, 7.149790929333795, 7.149791511276629, 7.149997384220879, 7.151724862411274, 7.151787716808879, 7.15188078710646, 7.151970328429815, 7.15212992733689, 7.152207197252021, 7.152253037948151, 7.152485154741685, 7.152706880705816, 7.152753276567923, 7.152798525246668, 7.152811755504867, 7.154018383161753, 7.154059875933302, 7.154116559126889, 7.155013078492152, 7.155602321724091, 7.156053959170518, 7.156075480973505, 7.156574098043772, 7.156722366533938, 7.156760185383079, 7.156887691485811, 7.15690988234577, 7.156951844896923, 7.156953865383111, 7.156959306377163, 7.156982645891734, 7.156986126621717, 7.15699435489641, 7.156994432835051, 7.1570711291241205, 7.1570830852668745, 7.157087564466662, 7.157091481246989, 7.157093317882265, 7.157096081216277, 7.157096464826685, 7.1571023086414, 7.157102503355359, 7.157104214776671, 7.157104249317322, 7.15710426846087, 7.157114933562462, 7.157115372561248, 7.157115372565264, 7.157116670888938, 7.15716778987628, 7.1571677966828515, 7.157170188664405, 7.157204159286702, 7.157204733669643, 7.157207670030757, 7.157208748083887, 7.157208755815957, 7.157210348885414, 7.157210647208311, 7.157210647208839, 7.15725175525794, 7.157252846904374, 7.157264708849429, 7.157273454978127, 7.157274012802506, 7.157279743626882, 7.157280001224914, 7.157284011739254, 7.15728450060644, 7.157284959582733, 7.1572853595263375, 7.157285533385389, 7.157285689213276, 7.157285746122789, 7.157285751477442, 7.15728585167307, 7.157288649310549, 7.157288649316814, 7.15728864970877, 7.157288696959243, 7.157288768713946, 7.157290728198648, 7.157290729020551, 7.157290777931278, 7.157292182657249, 7.157293193077938, 7.157293205106823, 7.157293214008945, 7.157293253656979, 7.157293283926438]",8.05,2.491906089642216,8.0,12.95,13.0,1.0,0.0,0.0002809830200021679,24000,0.3,0.999,epsilon_greedy,exp,0.6,0.9995,none,700,True
e1a,q_learning__9ad7b0f5__s49,q_learning,9ad7b0f5,49,15000,17.969409937999444,completed,52,4.087346327386511,318715,"[-1.8747834583615577, -3.588841015323514, -5.359257978703095, -6.263567502058877, -5.59539260881859, -3.3847455641107955, -1.16834129118939, 0.8014144677673597, 2.063196155325062, 2.817351993443524, 3.6802065100982, 4.246226961639003, 4.715950574311561, 5.275449428400418, 5.74173966719449, 6.068206958846293, 6.1477402628929925, 6.296318373557827, 6.382728705803054, 6.472480980650986, 6.519296301096277, 6.567443550112928, 6.579099651716352, 6.608606146108545, 6.610074973478073, 6.647129325895662, 6.705917376218243, 6.71681515065496, 6.759269218318328, 6.7938403788056645, 6.831905612765539, 6.839523839321701, 6.871645760748364, 6.890453313633283, 6.898522069253336, 6.898586079481154, 6.910113125170033, 6.9173905658740376, 6.929284915042848, 6.93200753236095, 6.935060197593277, 6.949755337214305, 6.95367306138308, 6.953895663821993, 6.95539871103025, 6.956973690510702, 6.956995593953129, 6.966229900729204, 6.966463733616066, 6.969053960716111, 6.969524349999451, 6.969836044476943, 6.970296407199687, 6.9747116569345255, 6.977397004245758, 6.977746258061203, 6.979715160959189, 6.982401219400339, 6.983601948724305, 6.9844380067818435, 6.985110934544642, 6.986057498202831, 6.986319090318654, 6.987166888095158, 6.987342857515086, 6.987363371003535, 6.987517268983277, 6.987575733573774, 6.988071327509339, 6.988123552804459, 6.988124546692188, 6.9884527182156075, 6.988515653403521, 6.9885374735538015, 6.988549501026165, 6.988651093632607, 6.988671331384356, 6.988706418380885, 6.988977596493732, 6.9890203943393825, 6.989188288843475, 6.9891893859249015, 6.989199858964372, 6.989200005474808, 6.989200123608752, 6.989227847174622, 6.989344595509542, 6.9894376955815085, 6.989492120037138, 6.989537137851448, 6.989560018345064, 6.989587072958019, 6.989587464875877, 6.989618000251346, 6.989636509015016, 6.989637285551454, 6.989639749536449, 6.989641648216934, 6.989641650523724, 6.989641684635369, 6.9896418136837095, 6.989642767560438, 6.989643217772771, 6.98964370309378, 6.989643966734166, 6.9896491126580065, 6.989650337078455, 6.9896503376310894, 6.989650751159299, 6.989650982469381, 6.9896547477324535, 6.989654864951758, 6.989657230105297, 6.989657230121692, 6.989657274426135, 6.989666414058943, 6.989672805964231, 6.9896728065202804, 6.9896774009989375, 6.989677456161386, 6.989677472981106, 6.989677483766554, 6.989677491205927, 6.989677504276405, 6.989677620133507, 6.989677701110064, 6.9896824432317715, 6.989684668804291, 6.9896858216637545, 6.9896858918583575, 6.989687407685485, 6.989688216757446, 6.989688801210359, 6.989689210327639, 6.989689721492832, 6.989689736511606, 6.989689907040918, 6.989689909367625, 6.989689910846499, 6.9896899234078225, 6.989690021863191, 6.989690022565935, 6.989690098095068, 6.989691903189271, 6.989691955270973, 6.989691955379297, 6.989692478742317, 6.989692479793406, 6.9896924830085965, 6.989692486509654]",8.03,2.5164308538929183,8.0,12.97,13.0,1.0,0.0,0.00027121900991915025,24000,0.3,0.999,epsilon_greedy,exp,0.6,0.9995,none,1100,True
e1a,q_learning__9ad7b0f5__s50,q_learning,9ad7b0f5,50,15000,17.375494516998515,completed,17,2.686466080187874,318195,"[-1.5845225998826682, -3.559860380467755, -4.969834385056075, -4.973210760475707, -3.337029067038894, -1.2536425336785288, 0.38750914707400574, 1.69550010767333, 2.9822494713003973, 3.4253090273245395, 4.243141444130015, 4.968822674528769, 5.2702812515645014, 5.506105148932007, 5.754220667827093, 6.083848084879561, 6.164894204650079, 6.299290973426023, 6.38406554186214, 6.470546297178653, 6.620160441917581, 6.633717173704358, 6.643877074803864, 6.734362783681374, 6.849897095588337, 6.859870359001797, 6.963320721003575, 6.974014668567744, 7.057446402226819, 7.078053556383716, 7.103865822497221, 7.1114612623502245, 7.1159383246289085, 7.119720485239909, 7.121492798542463, 7.145639139715822, 7.158310559555152, 7.158422256416931, 7.173556581956679, 7.18346169519563, 7.1869982428238615, 7.1879261680702085, 7.188566444860139, 7.189524272782697, 7.196407645361932, 7.196930513336962, 7.202998430142611, 7.2034414961341655, 7.203802350984765, 7.205703781250537, 7.206912905930165, 7.2071966085993795, 7.211385628202013, 7.211598943118835, 7.21450725877206, 7.2153858201144345, 7.215444506041283, 7.217441571466307, 7.2181424230793, 7.218145443351291, 7.218145484638148, 7.21966016902977, 7.2211187559389325, 7.221787155318022, 7.221902799229954, 7.222388304808971, 7.2223979428119325, 7.2226324615234745, 7.223103992542635, 7.223103992550529, 7.223256340186422, 7.223259603617526, 7.223399745496054, 7.223467777941026, 7.223498661817578, 7.223930198813429, 7.224244922185351, 7.2242453610714055, 7.22442549177114, 7.224446202758492, 7.224484452888219, 7.224496578475942, 7.224507004955791, 7.2246498275421605, 7.2246511200816315, 7.2246711970448425, 7.224672843417211, 7.224694448247146, 7.224774765676076, 7.224830206324496, 7.224896442345003, 7.224915878064736, 7.224915878255378, 7.224922748777099, 7.224931277140414, 7.224950433658663, 7.224952731042332, 7.224966624603297, 7.224977254844355, 7.224982400107295, 7.2249847421989655, 7.224990959020626, 7.224991428276716, 7.224991664710348, 7.224995661640869, 7.224997877929534, 7.225003217991618, 7.225003348363989, 7.225003819286212, 7.225006610025683, 7.22500753324669, 7.225010841143804, 7.225010911456533, 7.225012138145876, 7.22501236628612, 7.225012501493159, 7.2250125772403155, 7.2250127350545945, 7.2250151690108115, 7.225015292912355, 7.2250153641671675, 7.2250157539016975, 7.225015776895138, 7.2250157768951615, 7.2250157820380325, 7.225015964558111, 7.225018848194868, 7.225018897585867, 7.225019093244979, 7.2250191142994185, 7.225020542774371, 7.225020588560976, 7.2250206096988885, 7.225020611019976, 7.225020617924474, 7.2250206743738214, 7.2250206779031405, 7.225021075747873, 7.225021348741615, 7.225021359563178, 7.225021403386246, 7.225021403386247, 7.225021598319922, 7.225021762951343, 7.2250217895208655, 7.225021812731787, 7.225021847789024, 7.225021869505458, 7.225021871340617, 7.225021871563118]",8.03,2.500323211430106,8.0,12.97,13.0,1.0,0.0,0.00027026901007047853,24000,0.3,0.999,epsilon_greedy,exp,0.6,0.9995,none,800,True
e1a,q_learning__9ad7b0f5__s51,q_learning,9ad7b0f5,51,15000,15.227937889001623,completed,9,3.3319513801974963,317661,"[-1.6136083138443553, -3.6263383077953866, -5.287486148163145, -6.039004991144351, -3.7217678190144357, -1.981550242920644, -0.18225309984001187, 1.7764662006378404, 3.121045646276419, 3.471292954833443, 4.016014103399934, 4.48809470804, 4.830161615756527, 5.071535182281051, 5.392800912643564, 5.685115976938925, 5.929363046735195, 6.158069829875452, 6.290796593969211, 6.483149519616139, 6.501588028082884, 6.635196401749733, 6.774497340819817, 6.838438025286893, 6.908628138804238, 6.934898409316672, 6.966532291471483, 6.984216299928287, 6.99509885501828, 7.014506457552281, 7.049843045151762, 7.054432001262444, 7.065199729587353, 7.0825308842752746, 7.083925773880667, 7.093169664551243, 7.097226341599874, 7.099369311718073, 7.114601989254182, 7.118937606952528, 7.127751130542184, 7.140922580070541, 7.1454453996788185, 7.154939905993142, 7.1549413717154415, 7.156851380414172, 7.159848152103974, 7.166436375546538, 7.171161546392712, 7.172570285221085, 7.173578562382657, 7.175388072757647, 7.175390082443158, 7.176730030142682, 7.176896140942556, 7.177202164665589, 7.178219690850542, 7.178588269476668, 7.17858836897816, 7.178799552155123, 7.179376394012753, 7.179686411697476, 7.180051337550548, 7.180151491295105, 7.1849168671102435, 7.1865706896733625, 7.186736757524969, 7.187026628465132, 7.188001070042444, 7.188234019318222, 7.18843167676946, 7.188465290740156, 7.189178965963094, 7.189282654273558, 7.1892957441727345, 7.189438934131931, 7.189459441531443, 7.189474503878157, 7.189475296447011, 7.189537866381297, 7.189993183343717, 7.1900355844890935, 7.190069747247112, 7.1903845226648855, 7.190696134426513, 7.190913454825192, 7.190920693837492, 7.190927854040634, 7.19093267626725, 7.191042844295918, 7.191046835319569, 7.191052118017544, 7.191071708829358, 7.191118503472651, 7.191119750900361, 7.191120705211875, 7.191151931439195, 7.191174703559259, 7.191205154678036, 7.1912052198908025, 7.191206255492052, 7.1912254512491085, 7.191302511695192, 7.191308718505933, 7.191309182770993, 7.191309626866923, 7.191317233331413, 7.191322283709744, 7.19137593612208, 7.191379946596798, 7.191380215522708, 7.19144335410065, 7.191446569014469, 7.191477546973769, 7.1914776373111176, 7.1914865997323325, 7.191486599733792, 7.191486606324935, 7.191486610938869, 7.191486869448559, 7.191497610781555, 7.191501991942427, 7.191502106041196, 7.191506888103674, 7.191510337395555, 7.191511270236607, 7.191511307300866, 7.191511376246319, 7.1915114198804035, 7.191511419880408, 7.191513552551615, 7.191513563625069, 7.191516567902511, 7.191517622492385, 7.191517647627688, 7.191519751759362, 7.191519781045495, 7.191521985394652, 7.191521986150669, 7.191522904253417, 7.191523935063614, 7.191524186913617, 7.1915241988555625, 7.191524501955822, 7.19152492113348, 7.191525008514905, 7.191525821215398, 7.191525822049126, 7.191526328466082, 7.19152666197302]",8.03,2.500323211430106,8.0,12.97,13.0,1.0,0.0,0.00025749900994924245,24000,0.3,0.999,epsilon_greedy,exp,0.6,0.9995,none,1100,True
e1a,q_learning__9e23549c__s42,q_learning,9e23549c,42,15000,23.38884317100019,completed,68,3.5413415537053186,355077,"[-0.7319414758838432, -1.6029455929383958, -2.396887462989208, -3.143052123672484, -3.8891219358527427, -4.397640245287541, -4.774294696128089, -4.905237137210921, -4.787392081505441, -4.545361442884759, -4.3415214550344645, -4.0981082877320345, -3.9614415279056825, -3.55023665041023, -3.1638348850620273, -2.731218662313425, -2.348038538146917, -2.041531708966571, -1.6574596566288204, -1.1289333939575552, -0.7541396544364668, -0.38714640752320467, 0.02195705238234081, 0.41989456316171914, 0.6406757375200507, 0.8926435278535355, 1.2469086418641595, 1.5312019761610038, 1.7381147285242156, 2.010510218560469, 2.212244438669048, 2.419269962285678, 2.6851490593032343, 3.0376014091175145, 3.204265997819574, 3.310009767765148, 3.4387842764966208, 3.6276684652733278, 3.7333032443024243, 3.8270996651761284, 3.8927074731605145, 4.000906914168675, 4.098064763616095, 4.258407143325434, 4.377751030410652, 4.45022864728723, 4.497807956852525, 4.68780178558635, 4.870745057166498, 4.926820945125608, 5.108665597666757, 5.212538821708919, 5.28176490736448, 5.365871910959194, 5.457294024751186, 5.501042622287105, 5.562639094611004, 5.623495599334185, 5.76340284602141, 5.818023548802713, 5.870889432920125, 5.905783851271536, 5.9696322834474875, 5.992003864369322, 6.0515154365965875, 6.154750610498422, 6.1926065144985625, 6.221400836382234, 6.291677370615411, 6.353937488817748, 6.3895278730351945, 6.397063018430083, 6.4151926358440985, 6.430521811283942, 6.484264075003547, 6.542993826635521, 6.569078790347157, 6.591767244078071, 6.613470417264682, 6.622790015348385, 6.661283693863444, 6.668734260163635, 6.693496382902077, 6.723596623330918, 6.735335488045849, 6.763912532560705, 6.782861069573394, 6.814134115879827, 6.838682537143055, 6.857934485272987, 6.8895419680834795, 6.914902922838731, 6.944762692698257, 6.968306094792713, 6.998416565141998, 7.007605256969365, 7.024779888721398, 7.0476235051072, 7.050261137856114, 7.068228001158669, 7.088387054460742, 7.096362423542727, 7.1047002181835275, 7.140007868110339, 7.160859971271727, 7.180388497647261, 7.199492233398412, 7.203774411595148, 7.216159971909862, 7.244987826656307, 7.250673417768476, 7.262041706665104, 7.274961044848803, 7.299100833806851, 7.309325503955143, 7.3158450783687945, 7.318365523608322, 7.3305828406281135, 7.353534999263824, 7.358069380614787, 7.362924375914129, 7.364950261025154, 7.368935431675746, 7.375067235565208, 7.380494211049568, 7.3875194618179485, 7.392773306726317, 7.401740090947134, 7.406374985385986, 7.4077065924071945, 7.424350960855478, 7.434776523712997, 7.442208548548928, 7.446562283055255, 7.453270457129064, 7.457058041839231, 7.457509273859312, 7.459285132309877, 7.4661978618959335, 7.4727931090832875, 7.473495192486465, 7.474781959918109, 7.4759672612790755, 7.485499105899676, 7.488820005122063, 7.49210485489593, 7.496706970901853, 7.4968720420518515, 7.503481853070851, 7.504034476094052]",8.05,2.491906089642216,8.0,12.95,13.0,1.0,0.0,0.00036668100001406855,24000,0.1,0.999,epsilon_greedy,exp,0.6,0.9995,none,2400,True
e1a,q_learning__9e23549c__s43,q_learning,9e23549c,43,15000,23.434987192000335,completed,17,2.734154348240055,353603,"[-0.5729273103361737, -1.3555056965545256, -2.330471256542011, -3.02337575137959, -3.787628623650051, -4.35280852497126, -4.809000024885936, -5.007038467096445, -4.880384052401899, -4.535975513470997, -3.966367569288463, -3.5196272033133216, -3.0604440315990717, -2.658527357356958, -2.376423030186611, -1.9347713623429181, -1.5073715479670093, -1.1028640643083676, -0.7700986638737279, -0.38610007270491126, -0.06466367219528829, 0.24693858568783336, 0.6612750175999269, 0.9232053788181385, 1.2548767235587452, 1.5666425924532228, 1.8428629045769696, 2.0309467529517184, 2.2855237519271463, 2.5219955664065505, 2.8657339714014425, 3.0569953944619397, 3.225784230054263, 3.3997828255433435, 3.6361520880523197, 3.8585717682990928, 4.065976564390129, 4.204161925712054, 4.359913033646552, 4.400318233836237, 4.552518535662956, 4.633786218228898, 4.742830770916966, 4.830066180218022, 4.923595879184855, 4.976583737842968, 5.085114363802449, 5.2334979051468, 5.311595095563731, 5.397314910535257, 5.487697849378313, 5.513334268815606, 5.591328144232397, 5.659527253571741, 5.710908116855676, 5.749098891064622, 5.786129519613738, 5.828195475565083, 5.8581905101230465, 5.935290335729017, 5.9917977171828145, 6.027920889089264, 6.097629641125544, 6.1431839995359585, 6.149056996020913, 6.210542402656869, 6.279878545554392, 6.40153603153448, 6.461392163956683, 6.531941041247381, 6.590427498123718, 6.592668782521511, 6.640901663594876, 6.668375355549467, 6.735708294192836, 6.78674389599384, 6.830986201726949, 6.842699529199007, 6.899019521606423, 6.9307478443316874, 6.94206171485593, 6.979001168873178, 6.990920744607375, 6.992552655375633, 7.041779852937068, 7.043490275470225, 7.048219022817964, 7.060836468067168, 7.084261743441251, 7.099794184498669, 7.108459655771962, 7.126244896770621, 7.159082041863347, 7.193339547053762, 7.199847818398367, 7.231789915649001, 7.26560554470496, 7.271026423994121, 7.276163742011429, 7.291852774028116, 7.317105513465308, 7.337142833445048, 7.364401692842969, 7.379548745561004, 7.399036904001012, 7.411429640251197, 7.42669942026309, 7.437575959259486, 7.445845305693655, 7.461926779611736, 7.473533754551547, 7.4786168511491775, 7.486324646070344, 7.502493370536984, 7.50448924662598, 7.509731754577241, 7.515645826748864, 7.5157115395934095, 7.5158113656355665, 7.520601976384428, 7.523044322389534, 7.536553217069523, 7.538305592791023, 7.543487842744643, 7.5496370765141245, 7.551923710918306, 7.5577600506340055, 7.557811176216846, 7.559250818204218, 7.5646610997670685, 7.5688710544920665, 7.569602194724285, 7.580388855569859, 7.586948364232944, 7.589830786490235, 7.590475595597837, 7.5938644887524855, 7.599327111775657, 7.606752400148802, 7.60771564815779, 7.6089044091074856, 7.616084689047212, 7.6194096849640545, 7.620868607312723, 7.623960365068212, 7.629622236258582, 7.639848396666496, 7.640099851702981, 7.640929758642513, 7.643919498423254]",8.05,2.491906089642216,8.0,12.95,13.0,1.0,0.0,0.00041894999996657136,24000,0.1,0.999,epsilon_greedy,exp,0.6,0.9995,none,2900,True
e1a,q_learning__9e23549c__s44,q_learning,9e23549c,44,15000,23.410945044000982,completed,45,2.927302512553153,354955,"[-0.5781395525927011, -1.3849345027821482, -2.063560704497677, -2.948060180211792, -3.635736326121339, -4.167501653326487, -4.685167376548077, -4.850026055524271, -4.839130696971674, -4.624849833479888, -4.35161785212485, -3.9902928322939726, -3.824252068567455, -3.568985405543714, -3.274924841670727, -2.8981535875041, -2.4621301817576553, -2.0971962395358243, -1.7008730163905779, -1.316259041105753, -0.9328612074217748, -0.6290685158748501, -0.27866174761106777, 0.15596185866130866, 0.5929485545162844, 0.7633956529616277, 1.0944945748183201, 1.5222698890640392, 1.740569667778254, 2.1584130038324476, 2.5152375780087834, 2.758324019464953, 2.9625099234051806, 3.2372980686351602, 3.34493202142267, 3.549571989689233, 3.6824873087148244, 3.8374715038225835, 3.9520499482910747, 4.008109015902802, 4.100445370637701, 4.22138451434458, 4.329033047130604, 4.416540202430022, 4.502091852685326, 4.669686080755126, 4.7494994612793615, 4.806960663539928, 4.927687310335632, 4.9906489492397395, 5.031269035809869, 5.146487396946138, 5.184289972096335, 5.230563406297999, 5.3568051078949575, 5.490874395725617, 5.5739971035029425, 5.615717478477183, 5.63523538625283, 5.739454469912061, 5.844284356378338, 5.904434606437354, 5.968025793382689, 6.039355265882293, 6.097551161434345, 6.153351959109668, 6.200555553666323, 6.272101143908966, 6.35057693461213, 6.3681861025509185, 6.417617136928422, 6.449910380825699, 6.46429221792755, 6.4950851231882725, 6.549950058668708, 6.578824224461997, 6.620688077631859, 6.6332917637907265, 6.71299435647859, 6.745366256153616, 6.759144281982875, 6.783607786550848, 6.804029998825651, 6.82238565453974, 6.828955895178556, 6.8359682372719055, 6.865757700227717, 6.873388051559835, 6.905753896954915, 6.953878836271211, 6.980980781174105, 6.992192082227887, 7.004333399742744, 7.032648786359628, 7.054606269370214, 7.059230040170737, 7.080081636459423, 7.094960631412153, 7.100184607517722, 7.112679571221012, 7.138325994294871, 7.158645800333023, 7.19936116686201, 7.1996146840015625, 7.21453079508166, 7.226330408581633, 7.232960892233622, 7.241050440375537, 7.256770634401414, 7.2607024034415195, 7.26675187461526, 7.27613323535463, 7.298943274997616, 7.306126457358606, 7.3179182798118925, 7.321530371147955, 7.33225897663235, 7.33920951135241, 7.351988674143047, 7.359824532610822, 7.366419101100458, 7.3788234618703505, 7.382053416447931, 7.38736109706861, 7.390274276202176, 7.394902279110598, 7.396248710638686, 7.401342279220186, 7.417110791512722, 7.422265628683935, 7.423778371757437, 7.427874168205045, 7.435309524991251, 7.443692212264456, 7.447133873691093, 7.461002983085114, 7.462949745348604, 7.469232556054057, 7.473932967643514, 7.4816712012467566, 7.4844365033099, 7.492321377311379, 7.494802984017613, 7.499718605663627, 7.5012041652999875, 7.503549938867538, 7.510805165607701, 7.512936070888973, 7.513275969237477, 7.514433596908799]",8.05,2.491906089642216,8.0,12.95,13.0,1.0,0.0,0.00033904400015671854,24000,0.1,0.999,epsilon_greedy,exp,0.6,0.9995,none,2200,True
e1a,q_learning__9e23549c__s45,q_learning,9e23549c,45,15000,23.56420094600071,completed,30,3.0974021372756875,353092,"[-0.6593019475841209, -1.5179458861578228, -2.290172676080321, -3.026948170699978, -3.804179505290086, -4.333002214921544, -4.746247230588073, -4.931507058953187, -4.83627879963403, -4.600987296094375, -4.0963724042433585, -3.9273543469455547, -3.5188709280786097, -2.9894522765122455, -2.5532112394410915, -2.2761495799212437, -2.0212439352454075, -1.4551360786273884, -1.1200172537224624, -0.6923969641780059, -0.38767884895568966, -0.07962260055936828, 0.24762172952962402, 0.5523380165360159, 0.8018561057315826, 1.0863577868684253, 1.4389176929156844, 1.5826047078518675, 1.7551516576042339, 2.01489433110275, 2.2533005855360417, 2.5981577104160967, 2.8224506903974973, 2.9997179148645197, 3.193583961061347, 3.37602339929002, 3.5415035923073552, 3.7489929768269565, 3.887752788938484, 4.015733291758243, 4.218137290663333, 4.3186279012205215, 4.430094794276501, 4.5596345512528, 4.602632493782893, 4.652493320817351, 4.734469974767721, 4.875972834120102, 4.915430490023553, 4.998700379615119, 5.111671814896593, 5.206740381659844, 5.298452521032695, 5.384281813367105, 5.416698744377635, 5.54953859312133, 5.569000490949913, 5.649411179931068, 5.711580494475557, 5.785563388625676, 5.870040451505436, 5.94218517779633, 6.0137387296709885, 6.060138398551376, 6.077866380317658, 6.135759208522785, 6.199627728096158, 6.237835804170571, 6.254816937555375, 6.302985337402908, 6.325887921388084, 6.3905608716662785, 6.422686149515032, 6.444365722429731, 6.479364803933529, 6.531353241841734, 6.5753384216622015, 6.632698196214475, 6.6896707398773385, 6.726328696929418, 6.779674798965461, 6.804221833016158, 6.815590176658462, 6.8391578036684315, 6.879323838950581, 6.891843338425381, 6.9198294554330655, 6.942661937329422, 6.959678585924505, 6.970938258834342, 6.999150355197744, 7.0252975565976445, 7.031996609105333, 7.0390875060006355, 7.048609219576856, 7.074596542924084, 7.080339164748115, 7.0867149118269595, 7.1043977977589, 7.106229434037284, 7.124938638222799, 7.141537668899606, 7.151966201676227, 7.162445666216889, 7.168290418892136, 7.172781676088172, 7.189241355841391, 7.191945114242274, 7.2005284018106, 7.205043132137976, 7.206249222976274, 7.217260016298962, 7.227403484308709, 7.235254119050458, 7.246411061283592, 7.248743288311304, 7.252419547420885, 7.259807404712984, 7.26751850337644, 7.2677394965736255, 7.274325117465701, 7.276611916434283, 7.276973629269716, 7.285885069732856, 7.296374525804319, 7.298793909625149, 7.30497740410496, 7.312291906873479, 7.317148617213138, 7.324495907213566, 7.333406959403023, 7.337080427919994, 7.338039544085607, 7.346449512354471, 7.35123981173022, 7.357333689182855, 7.3635795036293805, 7.365671328236018, 7.371596819862204, 7.376195624972075, 7.379839087090769, 7.382336103490457, 7.385786819719367, 7.390359004040365, 7.392915250700531, 7.3961235541029415, 7.398084512443761, 7.398792496857676, 7.399588402229138, 7.403138138255324]",8.05,2.491906089642216,8.0,12.95,13.0,1.0,0.0,0.000593062989973987,24000,0.1,0.999,epsilon_greedy,exp,0.6,0.9995,none,2500,True
e1a,q_learning__9e23549c__s46,q_learning,9e23549c,46,15000,23.62637916499989,completed,12,3.4847668501637235,351228,"[-0.6175507567112568, -1.4188268734989034, -2.2700619106553694, -3.0297227166915675, -3.7039909476430686, -4.319580406888748, -4.662793258153074, -4.75779411443, -4.661725358620013, -4.371779905925435, -3.98784895080077, -3.6264943095850213, -3.302508780644672, -2.900261096711579, -2.481123280297422, -2.0992412929270086, -1.6933658612526863, -1.3980119705814258, -1.0194320973567685, -0.7922068907669355, -0.376877392910048, 0.06755147402365234, 0.40465743117613434, 0.7557423037168708, 1.1067143023591892, 1.4051817268530422, 1.735281923883059, 1.9258723667893647, 2.1462148130643652, 2.4184066084514537, 2.6933375155156516, 2.9228230001977513, 3.1488978621911428, 3.317480655796821, 3.4515715023058937, 3.6122712387411084, 3.813740118543153, 3.9512579151254505, 4.073717904368488, 4.245311199146758, 4.358808998671413, 4.4772319903491455, 4.559734724638078, 4.623961927548775, 4.717588438955772, 4.794802733751141, 4.866336948137151, 4.980291847019871, 5.08724377556579, 5.156738372902966, 5.265876019588038, 5.320678399906092, 5.364670262217236, 5.414485938845673, 5.533893959666178, 5.604367624268969, 5.635983681544631, 5.719889638197137, 5.754196423503161, 5.8519364799069535, 5.895786362707346, 5.990742973206998, 6.02487545950215, 6.043245472316793, 6.06092440887377, 6.094775743893445, 6.1730237661572716, 6.232975420596056, 6.331156572000354, 6.374803097957841, 6.400799443515273, 6.43063166480976, 6.48130556441167, 6.518906694141538, 6.566330616729041, 6.5767865354916255, 6.61690975207964, 6.661317372479388, 6.703185892888487, 6.730301601441222, 6.743529601864395, 6.779507594075771, 6.8131554614711956, 6.856532256199872, 6.86398592506065, 6.892559824081461, 6.914026119853955, 6.930898385666059, 6.958747773167162, 6.979974758632713, 6.993527929270353, 7.017773174894319, 7.027313855914262, 7.044881401496256, 7.06235753527164, 7.080613054103251, 7.104140634558106, 7.104905118602271, 7.110537544855171, 7.110871065140501, 7.116538177322703, 7.142927469989389, 7.158350824723288, 7.163887230954284, 7.175786472950444, 7.1875029868419436, 7.201663641728001, 7.209642204932962, 7.219106872982734, 7.226367121900407, 7.245870471270712, 7.268775647094166, 7.276801428810155, 7.283684387449822, 7.292309702721722, 7.3079283344508825, 7.312993233604827, 7.322048986953444, 7.3248022237328, 7.329275278932883, 7.340226653358796, 7.348799616389567, 7.35245733026344, 7.354158202286176, 7.36239030782511, 7.366727209444123, 7.376997079791696, 7.380312368987723, 7.3875301423591475, 7.39285838450613, 7.395576900959231, 7.400818237316676, 7.4035797850356575, 7.406161563912005, 7.411472532917444, 7.411954936290334, 7.412352502316199, 7.413481955386705, 7.418992829912505, 7.420349946124328, 7.421187548388105, 7.423496562968688, 7.426062397027125, 7.427017044638709, 7.427027807560384, 7.429889340009436, 7.4321065967191355, 7.434035338979066, 7.435197816227449, 7.436419064308519]",8.05,2.491906089642216,8.0,12.95,13.0,1.0,0.0,0.0004593000200839015,24000,0.1,0.999,epsilon_greedy,exp,0.6,0.9995,none,2400,True
e1a,q_learning__9e23549c__s47,q_learning,9e23549c,47,15000,24.632069401999615,completed,13,3.146092814905498,353266,"[-0.6955687107718297, -1.5978086484966763, -2.3885600719846267, -3.162093270591889, -3.795806328720771, -4.442893257688476, -4.866324975304163, -4.95692985212256, -4.9864654579191745, -4.839478369440908, -4.462617672183963, -4.061223784426467, -3.775053788987579, -3.5109921363442806, -3.1998163491555602, -2.98225974681654, -2.7237389188063332, -2.4153287339312866, -1.9346910895038507, -1.4944549722830045, -1.0287403598000329, -0.6954135833633593, -0.34836829581562545, 0.15021170084595223, 0.38753130348129455, 0.7261908912419449, 1.062963190092107, 1.3168640782288084, 1.566543065154957, 1.8074891316949946, 2.1008640942247796, 2.2956607128164688, 2.4533841094016124, 2.7537269721905138, 2.963520946055738, 3.113019595367334, 3.3460994906475805, 3.507028150275485, 3.618275905220358, 3.7739315751206175, 3.90848372514902, 4.004645307915541, 4.055026400244445, 4.186383487516619, 4.328833305900336, 4.528709018278287, 4.734894289677677, 4.841181951342855, 4.938547190353195, 4.9905073551295756, 5.057837789621845, 5.1417188183150575, 5.2346785933232765, 5.277907988077847, 5.344806026781643, 5.42727594097767, 5.508804094240918, 5.58335981467719, 5.636468256996758, 5.67313142288717, 5.682248889630132, 5.73517097163033, 5.834699765564201, 5.894620089532254, 5.9392291563133846, 5.986473110272338, 6.037801861644997, 6.123393976187971, 6.148367023366742, 6.18907617070874, 6.2114704627909125, 6.239248448689796, 6.260513495657636, 6.31837230369222, 6.337112510017677, 6.360257836576237, 6.379704230578076, 6.390446475499037, 6.414445255312284, 6.446571287867566, 6.463697341879826, 6.487835768202339, 6.52483359031329, 6.527848731972924, 6.577728619371609, 6.595096095163254, 6.599824063295333, 6.629701867852897, 6.652228853503008, 6.67898747494165, 6.699120909516493, 6.72978887087984, 6.735291300509644, 6.740704065087596, 6.753606701367096, 6.766169929770275, 6.787953254029042, 6.792278585845076, 6.80019857521692, 6.812869018386968, 6.82235444469339, 6.838271542456112, 6.847976231593277, 6.865006159540118, 6.887313587542719, 6.8929055245803275, 6.904412371241833, 6.916457551171631, 6.927054505402894, 6.9489965615051945, 6.9561437949347855, 6.962238843399084, 6.973329134020422, 6.992479627479527, 7.001016500250697, 7.018788364855082, 7.025398678695229, 7.045742848365417, 7.050866931594834, 7.0572699538060375, 7.071381332430288, 7.079480270959844, 7.0894550891030255, 7.100674365549164, 7.110577625478739, 7.120410851161509, 7.128788105726525, 7.134389040644058, 7.139942551912327, 7.142709940716193, 7.148979752630781, 7.1580315655385425, 7.165023441207562, 7.173502806655034, 7.177887367494375, 7.181781472365149, 7.186424618854643, 7.1915619218835, 7.1954274365934685, 7.199371404407684, 7.2063298455004485, 7.213636508232239, 7.21568925885875, 7.21577103411573, 7.2186526012058945, 7.220755135639853, 7.222896462500835, 7.226619249222969, 7.232007446520592, 7.233984421995526]",8.05,2.491906089642216,8.0,12.95,13.0,1.0,0.0,0.0006584080300126516,24000,0.1,0.999,epsilon_greedy,exp,0.6,0.9995,none,2600,True
e1a,q_learning__9e23549c__s48,q_learning,9e23549c,48,15000,23.97770262300037,completed,1,3.854594660920912,351703,"[-0.6386371879289946, -1.4307852792582716, -2.144814434658818, -2.8853764313488655, -3.615572587276356, -4.282651068817582, -4.6844278356534055, -4.85528184661448, -4.83180448054647, -4.717878107407305, -4.510728429380398, -4.31344174204464, -3.988719241866198, -3.5358688120121102, -3.0763436039362295, -2.566074639065256, -2.1516593991484525, -1.711026338919393, -1.455713371534712, -1.1589368911768618, -0.7729117152770544, -0.40155924223926337, -0.1009115139239236, 0.17353417094695708, 0.430130961113455, 0.6556496564767814, 0.9933578222009639, 1.2146653069498825, 1.528098848038921, 1.852200259593569, 2.0306278179119706, 2.329407907807504, 2.5323247619950076, 2.758424118641764, 3.063939073348713, 3.258152075343153, 3.343432680317115, 3.470117159763773, 3.703495823295425, 3.787629474073093, 3.880068621041436, 4.005636759819694, 4.177050348198536, 4.263672083329266, 4.333883133841225, 4.419175879053965, 4.55236682022109, 4.668558599195988, 4.752331487209161, 4.800791688763273, 4.927041420093413, 5.003055798436888, 5.019267070494505, 5.174032866394232, 5.241720373714716, 5.329165386942448, 5.3533629739704915, 5.393814580722942, 5.4323188955571915, 5.586018943919584, 5.663584762385488, 5.715481520002803, 5.764385369622205, 5.814334751864375, 5.841256731328795, 5.943294074349473, 5.975760565325927, 6.01646136788015, 6.024731395864033, 6.038869721334019, 6.0450218168712375, 6.099790802078082, 6.140824324326777, 6.18056677531622, 6.2155863258104445, 6.2616232045068765, 6.278422351725743, 6.303158238137867, 6.332605047123228, 6.357646392264958, 6.388516299223626, 6.417564577117896, 6.4440806829563115, 6.461197076994886, 6.471242332885682, 6.487358763056117, 6.513496743836794, 6.540989597368429, 6.564251668668315, 6.606766726565614, 6.621059607011346, 6.647033293867108, 6.670573089530074, 6.673258765600386, 6.686468170712507, 6.710127614321637, 6.720658446197853, 6.72111008119273, 6.725639877387108, 6.7418612756912255, 6.747673311697411, 6.766653908824369, 6.782480403800142, 6.78748903048242, 6.792553995798732, 6.797231672469379, 6.79949620971681, 6.811442276447093, 6.816220781878718, 6.824222229232419, 6.851024533113525, 6.863783566546933, 6.8742368882440665, 6.876313709255566, 6.878185492249437, 6.879251092588114, 6.889825181265246, 6.8951386642532855, 6.911489857828731, 6.923862326342919, 6.924713146970293, 6.929148005357936, 6.9375513012935475, 6.945525186467663, 6.9535673087156225, 6.957990615781577, 6.960801656427873, 6.9753964231580134, 6.982765263802762, 6.984261342036874, 6.984873770437181, 6.990593344333117, 6.994898788382998, 6.997609966141328, 7.010235780617765, 7.014218942865373, 7.023185131439505, 7.025066484306277, 7.028444122809657, 7.028463976899004, 7.030541909449992, 7.032476018834461, 7.039970083610368, 7.046928527105722, 7.048964996360996, 7.050557015039611, 7.054699740440065, 7.0569514464368375, 7.059509133233735, 7.060799703466458]",8.05,2.491906089642216,8.0,12.95,13.0,1.0,0.0,0.00040674002000741895,24000,0.1,0.999,epsilon_greedy,exp,0.6,0.9995,none,2600,True
e1a,q_learning__9e23549c__s49,q_learning,9e23549c,49,15000,24.188954916999137,completed,52,2.9795301643044327,352066,"[-0.7546597545230905, -1.5471182448547682, -2.2685504361431703, -3.0780715950518296, -3.805597868680384, -4.347769208217085, -4.684293822641718, -5.033125723792754, -5.178590424262193, -5.2341264163009615, -5.109461021568757, -5.031452376937011, -4.6574902750092715, -4.21772070670944, -3.811171680104379, -3.23118744119313, -2.855140280459673, -2.5250850927681014, -2.225254246242659, -1.8642292538869092, -1.5922517370868552, -1.2241604300777729, -1.0957202581303571, -0.7124300155777007, -0.44870878174251183, -0.18768672030628453, 0.06741346870037125, 0.5207845281222812, 0.7365951585719931, 0.972428878036546, 1.2204308510950446, 1.4130419884308068, 1.6265179877969147, 1.8663432363419699, 2.045350019018239, 2.217050173716245, 2.45047314765561, 2.592810254306777, 2.786034564136398, 2.953221775130839, 3.0478109510853666, 3.1958896113136666, 3.3237950057088086, 3.4700651905615083, 3.5436259683417815, 3.644901361470219, 3.7743956579557847, 3.8087129022317368, 3.9531583719182724, 4.030811930841557, 4.2066525788914815, 4.267190965445894, 4.367439998579298, 4.4669835992699, 4.618889746237565, 4.654687205959491, 4.715382479888669, 4.825561959296004, 4.937391924903858, 4.991345170601712, 5.0979905918249235, 5.225277743535581, 5.252702796022203, 5.344568660949937, 5.370014013508375, 5.417624982222114, 5.468711792016409, 5.501631161182849, 5.553526181824233, 5.629037289893094, 5.674963552449595, 5.696448872854367, 5.7598138747476915, 5.839646611047039, 5.905153261347997, 5.944423821320186, 5.963612592860304, 6.0856953508611245, 6.113019688132269, 6.130103378777835, 6.144459265467463, 6.147953096713403, 6.173364591623995, 6.183004047549219, 6.192706334083677, 6.215991277754624, 6.262195486563637, 6.274798186178786, 6.278344880616178, 6.3301109495139505, 6.351711445750479, 6.389362043228271, 6.390210849545444, 6.409086085432718, 6.412610930282483, 6.442645122589825, 6.474494036128496, 6.475931700297753, 6.477228736997839, 6.489304792924472, 6.4910133291799275, 6.512381062653336, 6.535594700809175, 6.584989878768971, 6.600556391573809, 6.619209353065586, 6.61952115189894, 6.63398194462033, 6.662798152883125, 6.678326354781679, 6.700053969667147, 6.710547352894172, 6.732485868227963, 6.746726011053659, 6.761745385351779, 6.769830294785657, 6.773269796840752, 6.784623113707516, 6.794756435938742, 6.799348241755021, 6.8177154482200555, 6.8200690539089095, 6.830114698357923, 6.837288948173683, 6.8414234760441435, 6.857286219854661, 6.86416076137141, 6.871028499132516, 6.872846013485961, 6.875077796478877, 6.877152874524389, 6.88326240725242, 6.883975812017307, 6.890794201238642, 6.892814391790603, 6.893005747135558, 6.90681833676868, 6.917805207342583, 6.924176770169421, 6.926112092858807, 6.928090362747552, 6.929976192601706, 6.935635503773027, 6.937682298392364, 6.942616318295453, 6.943845075223299, 6.948814126947864, 6.949896064221984, 6.954893473560971, 6.96460260633819]",8.05,2.491906089642216,8.0,12.95,13.0,1.0,0.0,0.0003896520198577491,24000,0.1,0.999,epsilon_greedy,exp,0.6,0.9995,none,3000,True
e1a,q_learning__9e23549c__s50,q_learning,9e23549c,50,15000,22.511220393000258,completed,17,2.9042038495945843,352584,"[-0.7265648494901747, -1.6117412585225461, -2.4092971636638163, -3.2118871340671564, -3.8525898628731086, -4.5013399620257655, -4.872568374086512, -5.12769435798449, -5.217822050520708, -5.000194117689231, -4.623337162384077, -4.242294135039365, -3.9361656652194927, -3.5702585904221693, -3.2316592899040755, -2.8982765999126547, -2.52483660633502, -2.1852974799050484, -1.8316758651395744, -1.3511992078151567, -1.069939184961468, -0.7078821559142218, -0.34951763554453075, 0.16257922198606375, 0.4072782533294543, 0.6410355629858712, 0.963321100501929, 1.2103112848926394, 1.524774227519176, 1.701615490232722, 1.8282092942378683, 2.106075521474422, 2.400998032013276, 2.5823449859061234, 2.9405248927169985, 3.073290750168324, 3.300376854960858, 3.3817157350383167, 3.4568912455263945, 3.573898905598246, 3.6699312005398714, 3.7521515983929428, 3.9155285658179455, 4.033952197496757, 4.239324311368507, 4.275770149179176, 4.338875719222105, 4.49460189114688, 4.595748539308743, 4.786127283628888, 4.79860372454528, 4.855313997975676, 5.02690890538608, 5.109478252712757, 5.2120017474495635, 5.270391165104115, 5.346553041541483, 5.421986858594827, 5.481607841872849, 5.5179852618096605, 5.567257130943602, 5.626656572735259, 5.649320815209611, 5.686428584553952, 5.734428682995873, 5.759061976606978, 5.804413366900385, 5.901067464591827, 5.944653606367714, 5.979018876600487, 6.017409210837809, 6.0631627484367225, 6.120089088764885, 6.149372253901039, 6.179701107376361, 6.221802436948539, 6.247505103203114, 6.276324645239972, 6.294864735555349, 6.310039690215649, 6.311293214895353, 6.331875659569706, 6.377560115155544, 6.433060744657027, 6.448604469890957, 6.470551774013497, 6.478191201859928, 6.520776385127266, 6.546183278195415, 6.553349563776198, 6.55891030084955, 6.570152039831163, 6.619958090958377, 6.645551374456899, 6.655950224423276, 6.658813562729148, 6.672645637480743, 6.69368100519543, 6.721987895044934, 6.7320572224793125, 6.735978518171328, 6.7652040957821225, 6.772870077728489, 6.789686819611865, 6.804494820504089, 6.820991674371533, 6.832919580400382, 6.850602482716011, 6.858019179347183, 6.889280167607586, 6.901670353174776, 6.912399346281516, 6.915549973391655, 6.920723737657616, 6.934422327191524, 6.942410598870386, 6.949071246782956, 6.9535735426263505, 6.967250506210727, 6.97746288686435, 6.980739171201747, 6.9946321370188125, 6.99994077382718, 7.0094684952912925, 7.014861682958525, 7.0174661845722035, 7.024669354437683, 7.03382728017491, 7.038379499101205, 7.042408444522397, 7.046251670066754, 7.051334129476127, 7.0568237995546195, 7.064285149964255, 7.0683110764205095, 7.0729624316512485, 7.082941285837498, 7.086333900862769, 7.098945679208629, 7.099489552336958, 7.104191028645927, 7.106517338635248, 7.108703390328242, 7.113569732106774, 7.11448643820876, 7.115766054897808, 7.11728555835528, 7.11858165238978, 7.119054128004881, 7.12758490085472]",8.05,2.491906089642216,8.0,12.95,13.0,1.0,0.0,0.0004450760100007756,24000,0.1,0.999,epsilon_greedy,exp,0.6,0.9995,none,2400,True
e1a,q_learning__9e23549c__s51,q_learning,9e23549c,51,15000,23.190688857999703,completed,9,2.95057621491125,351566,"[-0.6898266893147216, -1.4309190220216996, -2.1312449387942105, -3.0946566762429186, -3.686040866477757, -4.403418490562623, -4.79019480454942, -4.858420550955204, -4.997093752916596, -4.829765346430191, -4.488495137277001, -4.1226884668033295, -3.8991474612533534, -3.5375994405261446, -3.0967688031935507, -2.7374809759594285, -2.063719284252523, -1.6768363447693282, -1.3864693728700626, -1.0107829032178732, -0.6277080130259218, -0.4113812706461407, -0.17552859070988225, 0.09390849194045521, 0.30751712400629916, 0.47399434461668016, 0.6449016510494506, 0.9568475340629743, 1.2199090863651512, 1.3999712782534104, 1.61919205949974, 1.805076663166747, 1.9826492208755533, 2.184044747007465, 2.5338918860250232, 2.7249985600357283, 2.9268947276039277, 3.0348310325002004, 3.1866320688314316, 3.327350112368778, 3.415987567810549, 3.5350315405376, 3.607068579013245, 3.6874333138185227, 3.817660410002186, 4.075561900179992, 4.200813657612708, 4.281607044915709, 4.386653318268171, 4.496292576121655, 4.567614365052938, 4.643208607458555, 4.815493480843774, 4.8815421559542465, 4.947821628253759, 5.041772472095679, 5.0880995163427825, 5.181581165851862, 5.2449198534767785, 5.255516088024289, 5.271190904204875, 5.3209046362145935, 5.339251085850648, 5.376485151469482, 5.440057956632761, 5.517346188860471, 5.598852022576603, 5.656752332359121, 5.681081016171832, 5.808943962187197, 5.839399540836424, 5.870327637625325, 5.915551197384019, 5.9980240036809285, 6.052764564381684, 6.070739161717705, 6.089011033651739, 6.134218183112157, 6.170262470118078, 6.203944301409532, 6.254079833261441, 6.297775141120041, 6.323638815070791, 6.355285534087895, 6.374060109748167, 6.407001389343938, 6.437820281280738, 6.444902151792558, 6.4970726495581745, 6.515044685765398, 6.536341979498511, 6.568471847213903, 6.5749843663453165, 6.591734702804156, 6.607639845565788, 6.6236520953173255, 6.667831818633203, 6.689321005731132, 6.69253282196703, 6.707862182473911, 6.720690156671707, 6.748069070297186, 6.754487905942875, 6.775935270158953, 6.784978921889195, 6.7879184759280715, 6.799404162398465, 6.829321472938141, 6.839031226158984, 6.847878764297706, 6.860464653104518, 6.8752272679074595, 6.8956766576220705, 6.906926905738251, 6.922128477775426, 6.932653967903649, 6.9364635839822375, 6.944195753734514, 6.94852205628246, 6.965647860958886, 6.977257614063229, 6.991001696599028, 6.998356899507527, 7.005446617705038, 7.007193748611153, 7.008713853467504, 7.010531994370668, 7.014386810605822, 7.0220086991982615, 7.024258483728323, 7.027427788144677, 7.028543450967543, 7.032157080625248, 7.0352300667777845, 7.042108164598765, 7.043116103099086, 7.050145693353105, 7.052237678563191, 7.057448966258804, 7.062841738863688, 7.063921313734823, 7.067251882312252, 7.074446735962737, 7.077226392669876, 7.079956514865865, 7.083667095083142, 7.0881486932251185, 7.09129295646103, 7.0981210366693945, 7.099609197894652]",8.05,2.491906089642216,8.0,12.95,13.0,1.0,0.0,0.0003103450000526209,24000,0.1,0.999,epsilon_greedy,exp,0.6,0.9995,none,3000,True
e1a,q_learning__aca0554c__s42,q_learning,aca0554c,42,15000,24.381341057998725,completed,71,2.8209218351453837,327182,"[-1.2900608798170161, -2.6127826687470304, -4.1082074366702175, -5.091927984212495, -5.495732423750656, -5.0245797894438535, -4.418983482286147, -3.6127571841574917, -2.7890648938286313, -1.9538484671474976, -1.0307717723085508, -0.15428101775892566, 0.7535225348550931, 1.41359998806349, 2.1808563693977825, 2.7586658246282187, 3.191910981719196, 3.6736246061352036, 3.988231265463736, 4.388103072951705, 4.637671420021108, 4.881415432632863, 5.052800413064727, 5.227130579915159, 5.471501049238524, 5.779847960476172, 5.870671967622392, 6.066924113434922, 6.124744729666597, 6.222250444694213, 6.300587372706046, 6.5052051729628655, 6.514503251336645, 6.604273048209583, 6.6694084912590315, 6.787036233106287, 6.893776327589248, 6.940592343364554, 7.072544541632438, 7.1137759217580765, 7.15076538532185, 7.183599100079624, 7.200099849837072, 7.205407914553695, 7.2224661476154735, 7.2272737127060385, 7.231612731450224, 7.2399921369891524, 7.259474704333271, 7.2709125953384985, 7.271298893305588, 7.339298800593591, 7.350416215473822, 7.382289551545729, 7.41046533676791, 7.410914118746233, 7.42952964440043, 7.441161995322182, 7.455276275733747, 7.455539135703376, 7.470182492078097, 7.472432779299027, 7.4799617628414, 7.4809454573611, 7.486368791344854, 7.503437696209251, 7.516064994809204, 7.525951414585612, 7.526545784172194, 7.530542285594167, 7.536936036585124, 7.540246070630789, 7.546008255054916, 7.5548107347883295, 7.55923567998536, 7.56214445785577, 7.565223062520243, 7.572322245503873, 7.5736597791176825, 7.576792731083224, 7.577534336643855, 7.578057244780782, 7.578537965691094, 7.579349426292888, 7.581113710465358, 7.581755498300344, 7.582748328370974, 7.583458604388246, 7.583839215118233, 7.58474397786969, 7.586019994228096, 7.586612883389221, 7.587633909685945, 7.5880770304341505, 7.588131517201, 7.588132810673298, 7.588596005399821, 7.58934396902681, 7.589930919074741, 7.590142680201615, 7.590710314485414, 7.590966813398499, 7.590973253618933, 7.590973515034373, 7.591034149723259, 7.59128458714164, 7.591601486792188, 7.592241346739436, 7.592262686545128, 7.592262870923649, 7.592444111487032, 7.592585403489353, 7.592737326916951, 7.592907233554339, 7.5931111121050785, 7.593542966123848, 7.59360840139094, 7.593744646635195, 7.593883850857127, 7.593958719508631, 7.593959391724891, 7.593964521472568, 7.593980968329777, 7.594040206050133, 7.594115493094402, 7.594115493094476, 7.594208726991406, 7.594275144095739, 7.594385440321287, 7.59442800870231, 7.59446638753751, 7.59449320213256, 7.594498285376662, 7.594499432446427, 7.594500015678357, 7.594502635470646, 7.594510053347458, 7.5945160930713795, 7.594518979636965, 7.594520656832208, 7.594532978885669, 7.594558133506997, 7.594560740781184, 7.594584043982793, 7.594601504507779, 7.594601550275775, 7.594620622152648, 7.5946497440785725, 7.594662925183923, 7.594663138515648]",8.05,2.491906089642216,8.0,12.95,13.0,1.0,0.0,0.0006872639999528473,24000,0.2,0.999,epsilon_greedy,exp,0.6,0.9995,none,1400,True
e1a,q_learning__aca0554c__s43,q_learning,aca0554c,43,15000,24.689742542001113,completed,17,3.8390623855311334,324360,"[-1.19585923402313, -2.610355516876629, -4.01159059210205, -4.7316704373252465, -4.236752686955271, -3.4403115090884824, -2.545456970288079, -1.4086807122293192, -0.7279300475779446, -0.07401453026513417, 0.5592357684010724, 1.3150136075278491, 2.0346645386268722, 2.560621929352704, 3.173820238149159, 3.8582386263784705, 4.3443949956733645, 4.623011626548192, 4.938384497662726, 5.07640305247453, 5.289634719617595, 5.524555993858138, 5.635624935925425, 5.88701773064166, 6.056523110255127, 6.218937435393564, 6.351434679197579, 6.429689929675095, 6.505333639768528, 6.638751186541615, 6.711508736277802, 6.789622387308081, 6.8218691795083375, 6.9830327363264075, 6.990074458216173, 7.052298011260387, 7.092933468432463, 7.18372714092102, 7.258352856366536, 7.270908399504972, 7.32429027611806, 7.349662752477011, 7.37979618396314, 7.410021467982741, 7.429779009654479, 7.451422300092839, 7.463336188521311, 7.468018760238012, 7.4743663151361375, 7.475292132317572, 7.502440412317287, 7.524363776082955, 7.533705812113344, 7.556966354858202, 7.572737572124799, 7.588019297575283, 7.588298926842685, 7.591224306271647, 7.610498081888398, 7.615548452539031, 7.6250348249997595, 7.629172871710346, 7.6439638350786785, 7.64921681458487, 7.653216998237789, 7.653222612158699, 7.663541670474074, 7.6665301680763305, 7.66925186293932, 7.6701462385888215, 7.679480106002349, 7.684437002579972, 7.688696761078956, 7.689474136888629, 7.6951744424653805, 7.6964659403775935, 7.697996168805122, 7.699742501615167, 7.700101549622213, 7.701858088003954, 7.703585107540224, 7.708469042277213, 7.711418128140181, 7.714463774816108, 7.714895834779394, 7.715282661324826, 7.7161028413267205, 7.718119072914292, 7.719356296880785, 7.719521753961873, 7.720766166785314, 7.721214612834986, 7.722052729769091, 7.7222012982904005, 7.722403205497067, 7.7225428538769885, 7.723151245777955, 7.723360009673455, 7.724064891014136, 7.724440976889759, 7.724899046727288, 7.725382537233039, 7.725469429827427, 7.726019282753012, 7.72628070162361, 7.72663716595018, 7.726998318493704, 7.727180324922637, 7.727456033378189, 7.7275800490262245, 7.727674591606072, 7.7278760256970696, 7.727964294142067, 7.728080628612078, 7.728183798711013, 7.728269348642798, 7.728351000665197, 7.7283797454885725, 7.728483808052861, 7.7285181941025805, 7.728615082644262, 7.728659095575273, 7.728743686864498, 7.728776685071604, 7.728796410947537, 7.7287964113994905, 7.728844351975922, 7.728908006410966, 7.728931806020126, 7.728970315876103, 7.728995827096375, 7.729017290171869, 7.729038249624338, 7.72907397414697, 7.729141294844006, 7.729141359659983, 7.729156032527304, 7.729166777112559, 7.729174983898556, 7.729229787005497, 7.72925957985886, 7.729274590564727, 7.729292102527544, 7.729298320672902, 7.729304888931684, 7.729319247650518, 7.729330678536772, 7.729333429536243, 7.729342243670076, 7.729353993442726]",8.05,2.491906089642216,8.0,12.95,13.0,1.0,0.0,0.0005215500000667816,24000,0.2,0.999,epsilon_greedy,exp,0.6,0.9995,none,1600,True
e1a,q_learning__aca0554c__s44,q_learning,aca0554c,44,15000,24.367711238999618,completed,45,3.4420197558991434,325936,"[-1.0438326769021673, -2.360927877740098, -3.676290200276022, -4.732787729339747, -4.288409158665241, -3.553527322257508, -2.7325030847029965, -1.7517647458396275, -0.8960743591338566, -0.3080627756433011, 0.38100667389204923, 1.3250052498782658, 1.6993401257460894, 2.3578020328691447, 2.9937305976506767, 3.2646315315490515, 3.57989846172551, 3.743490714687106, 4.163226524776466, 4.805906063079432, 5.198758625522768, 5.476717551951484, 5.704660334911815, 5.893834854714451, 6.0241630904727135, 6.138777302439754, 6.200660490264952, 6.211331080329599, 6.312785974136416, 6.377142408015475, 6.458115342691469, 6.5398076786458486, 6.612180299514798, 6.628414484027777, 6.75821659539265, 6.812475761955619, 6.838961343244458, 6.844472328008069, 6.86837445861704, 6.907231795418877, 6.924622617626571, 6.987722132288431, 7.034780270611843, 7.046238056038561, 7.097128401092765, 7.157923508543235, 7.162882466706479, 7.1845592859405025, 7.205781515488409, 7.225814601564948, 7.2333313509221755, 7.237417210195075, 7.242784509967509, 7.255417674435674, 7.293440818285873, 7.335220976238559, 7.344282697326142, 7.363045314340092, 7.401552199352354, 7.415307835900458, 7.4365945022477336, 7.440058556097175, 7.4516498280988435, 7.458286760258576, 7.461632254775197, 7.46815192219328, 7.472972183816893, 7.4880964981021, 7.496505753475559, 7.499419453216035, 7.499571188447133, 7.5087683456449, 7.526457678705766, 7.527088177496553, 7.531664877989912, 7.539937891929685, 7.5422380794520825, 7.542698693764715, 7.547278379983331, 7.547840512908172, 7.5526709717288485, 7.558347642295965, 7.561413179354802, 7.563414717738757, 7.563686125284786, 7.565710742356197, 7.5669592603862545, 7.569472442885198, 7.5699204089998435, 7.571130172172505, 7.572587702111553, 7.575773543360015, 7.576438770056787, 7.576553462695557, 7.577502653246944, 7.5804808604697085, 7.58180433151523, 7.582889316146388, 7.583143181381436, 7.58425634570359, 7.58456810244096, 7.584617836862438, 7.585858391028171, 7.585907811231511, 7.585978684117145, 7.586876881961961, 7.587747618805633, 7.58808219246906, 7.588514073629779, 7.588837124355555, 7.588876978476537, 7.588985833233498, 7.588986237815389, 7.589006484324126, 7.589437953491339, 7.589503371538393, 7.589503690149949, 7.589514065038127, 7.5895230114042445, 7.589523011409328, 7.589968772388113, 7.5901811088991264, 7.590765954136361, 7.591035540553218, 7.591777672791396, 7.591954014625389, 7.592315338598209, 7.592884997728519, 7.592932762232769, 7.593065455974708, 7.593069119791639, 7.593149265319143, 7.593163343756612, 7.593182311929783, 7.59325938942549, 7.593331693121466, 7.5933424372373315, 7.593350396823477, 7.593391754329368, 7.593505742100445, 7.593510505702003, 7.59357020768248, 7.593741807855162, 7.593757396507575, 7.593906291143364, 7.593945682382634, 7.59414439197217, 7.594150119746467, 7.594194739275581, 7.594211339562232]",8.05,2.491906089642216,8.0,12.95,13.0,1.0,0.0,0.0006146290000106091,24000,0.2,0.999,epsilon_greedy,exp,0.6,0.9995,none,1400,True
e1a,q_learning__aca0554c__s45,q_learning,aca0554c,45,15000,24.174118238999654,completed,30,2.8226937488859822,323475,"[-1.1733309247605699, -2.509924212414299, -3.758045752189344, -4.669819718183157, -4.236955664447324, -3.8455973504910066, -2.790081829142361, -1.930414873397664, -1.1112333397556664, -0.08920633282703783, 0.6093815021068587, 1.3995441601525251, 2.078013565156502, 2.9709830683952876, 3.5135016666469765, 3.9961834979377917, 4.267100876238467, 4.648446403321489, 5.091844422968608, 5.310815761880012, 5.484433059623571, 5.757369722943218, 5.892348622629692, 6.0714161493369545, 6.149157058383855, 6.212547930613139, 6.363137018658514, 6.491177513252728, 6.558222413996276, 6.579337686484739, 6.599573480552564, 6.709770954426026, 6.766749580294929, 6.8081603370491965, 6.842225957236468, 6.893644070478269, 6.897003095951391, 6.905219525885809, 6.95483768946131, 7.006357353944895, 7.06432325030323, 7.104231085979154, 7.115323073237111, 7.121091757752198, 7.123374669032046, 7.187505365335473, 7.190799293310881, 7.21718956267415, 7.237093518259586, 7.265695671797988, 7.269756912891125, 7.301358168437129, 7.336140706430758, 7.337799474974759, 7.338734653690717, 7.346668692802825, 7.3561132936512745, 7.365972730592337, 7.373882240388483, 7.374459874029971, 7.379427860164218, 7.384221372333983, 7.390911366746287, 7.395298132501207, 7.395316940338434, 7.403801299283427, 7.404296270665636, 7.408398720071657, 7.409036525215801, 7.417546605676971, 7.420571666730947, 7.425320849648021, 7.427234791876748, 7.42786083072706, 7.433806578660745, 7.435321053063077, 7.4364764031794985, 7.436922651953776, 7.439199713498527, 7.440660035958724, 7.441841050163481, 7.442452786918655, 7.443603591872233, 7.4469135974168434, 7.44762171162343, 7.449617953384414, 7.4510368742657755, 7.451798098047946, 7.452541431885749, 7.452542229500756, 7.453386601407786, 7.453791750077359, 7.455171329063221, 7.455431053906965, 7.456324458051441, 7.456451322804386, 7.456599489203041, 7.456734745287127, 7.456749835091076, 7.457524217598658, 7.457632491354114, 7.458001087129077, 7.458414669400899, 7.45849526525514, 7.458633763711126, 7.458758692506679, 7.45879804898665, 7.458826663666339, 7.459190732876849, 7.459283629274832, 7.459317105068904, 7.459457542135928, 7.459509426771859, 7.459549943368299, 7.45955674725083, 7.459590470028939, 7.459612478621825, 7.459703506242663, 7.459720662633428, 7.459720821794174, 7.45974567823271, 7.459806619944075, 7.45982507045862, 7.459825124402224, 7.459930441013747, 7.4599529537019755, 7.4599778041233575, 7.459990669438815, 7.459990697431275, 7.460020709881556, 7.460091881716689, 7.4600939889540125, 7.460159960097031, 7.460159960097177, 7.460198814454977, 7.460228609872852, 7.4602541280678825, 7.460256268728191, 7.460273581833854, 7.4602940510904805, 7.46032323243517, 7.460324311302608, 7.460335177762105, 7.460336890532996, 7.460339789252582, 7.460349022789509, 7.460353491468122, 7.460369931560623, 7.460371730665154, 7.460372682486667]",8.05,2.491906089642216,8.0,12.95,13.0,1.0,0.0,0.0005715399999826332,24000,0.2,0.999,epsilon_greedy,exp,0.6,0.9995,none,1700,True
e1a,q_learning__aca0554c__s46,q_learning,aca0554c,46,15000,24.746907918999568,completed,12,4.216633728461603,324205,"[-1.0838701874582308, -2.353411744535399, -3.8185865510638672, -4.865653051833586, -5.158812784597118, -4.406435651296556, -3.6349405724720283, -2.6526445095058904, -1.1111783469843806, -0.20769486706911172, 0.6689998387032288, 1.5965558174369678, 2.2903284215513064, 3.082958633095737, 4.098425472402783, 4.41694397305354, 4.673437999553976, 4.940796787144119, 5.168623032826058, 5.3489050350907394, 5.503254402624821, 5.636042208140455, 5.774344974850281, 5.9208219616464435, 5.992742923429595, 6.040655503677573, 6.103066097500251, 6.233577330165027, 6.259920339916993, 6.284137778500375, 6.328085141983451, 6.384517470022932, 6.468795275517437, 6.523733944032989, 6.5633162067775, 6.646506375616274, 6.747703947736769, 6.779467898809033, 6.809015468839965, 6.827206805761778, 6.886870123852065, 6.91035865297748, 6.95090144023194, 7.016290790951183, 7.037492601204798, 7.097777079294537, 7.0993252080021, 7.166216169346038, 7.175958308756535, 7.184238516840377, 7.209500325673033, 7.249994651092043, 7.26565012027098, 7.295835964363848, 7.2980504344703245, 7.304137270268035, 7.313319554673298, 7.322523940365129, 7.328432302758551, 7.353728402844905, 7.359864120272309, 7.36407928996877, 7.3681360343553, 7.376910630498232, 7.378888368267706, 7.381674891240783, 7.38383464558227, 7.385016210331823, 7.388182298065311, 7.388690340684289, 7.389556300487625, 7.389556319794569, 7.391519655369754, 7.392280122124579, 7.393245073650805, 7.395390018212177, 7.395830348303891, 7.398669550571295, 7.400457855014632, 7.400876599314582, 7.40389312194528, 7.404986726664303, 7.405628438985671, 7.40674965663022, 7.4083907231293065, 7.411289689098191, 7.414026460572383, 7.414675048998747, 7.4159955107046835, 7.417521432739906, 7.418042539115633, 7.418468550197759, 7.418610738264634, 7.418788283490541, 7.419329295470186, 7.41953299427014, 7.4195546926211255, 7.420281442232375, 7.421051728445211, 7.42196237519806, 7.422456395009458, 7.422571532289274, 7.423242436548297, 7.423251193446472, 7.423336036358174, 7.423365622374407, 7.423422425689766, 7.423480481661837, 7.42355058458678, 7.424042935982337, 7.4241741016830565, 7.424189243167039, 7.42430198692479, 7.424584168647666, 7.424657033027641, 7.4246716806828505, 7.424692748309675, 7.424973178870134, 7.424977318246447, 7.424990460562873, 7.425212743602556, 7.425290339703597, 7.425528507073059, 7.425608237924935, 7.425685323232423, 7.425812372838599, 7.425896741694744, 7.425896754482765, 7.426033493255692, 7.426077434416525, 7.426137491053901, 7.426251852740077, 7.426343246064194, 7.426401949198563, 7.426402655266459, 7.4264415053537425, 7.426476282348484, 7.426503437678458, 7.426522299513514, 7.426561394751081, 7.426577725381194, 7.4265846107057705, 7.426592173224822, 7.426630111133293, 7.426632788130039, 7.426633798327816, 7.426641456875362, 7.426647377268277, 7.426651746091067, 7.426653787688464]",8.05,2.491906089642216,8.0,12.95,13.0,1.0,0.0,0.0006405180199544702,24000,0.2,0.999,epsilon_greedy,exp,0.6,0.9995,none,1300,True
e1a,q_learning__aca0554c__s47,q_learning,aca0554c,47,15000,24.813640023001426,completed,13,3.4335258845682235,325422,"[-1.2741524760933676, -2.902363405179518, -4.092180441069831, -4.997832980893481, -5.298632452384496, -5.151337793390301, -4.338647720767, -2.8088394244934394, -1.6993127856470387, -0.5112434384065592, 0.5544327476953106, 1.68564005371499, 2.3846712728869814, 2.924888651203108, 3.329396516856596, 3.7641892371596537, 4.130669706388692, 4.256699083630763, 4.5754410463395185, 4.7040932447493295, 4.893826986157843, 4.995478938973024, 5.269886120821635, 5.448566222331093, 5.695522350467555, 5.750703834909446, 5.850891543142028, 6.034344001809313, 6.160237353710227, 6.264128844662224, 6.283152453672485, 6.333762219051514, 6.348570487302138, 6.413064393777172, 6.505277288590339, 6.617658103250522, 6.657556523264944, 6.730736871184064, 6.781784614356195, 6.837844199039989, 6.872568963991216, 6.883098719584749, 6.900413629780392, 6.9077482496188605, 6.924080610741473, 6.9633108218560436, 6.986475436627598, 7.037259018830472, 7.059906911886359, 7.0719337423332, 7.106753575286612, 7.122233563312878, 7.122319045748026, 7.133197086406043, 7.138061133417362, 7.146354410319444, 7.148448739293227, 7.155252235119054, 7.164896552254431, 7.17013548504113, 7.176282868263592, 7.17707825945501, 7.189048533675187, 7.202429166941314, 7.210395996108264, 7.213179222313357, 7.229250662558527, 7.2311724258183565, 7.23253413972802, 7.235760778760945, 7.242545894336891, 7.252234691116814, 7.252710754263487, 7.257887454167092, 7.267339166756367, 7.277818721689057, 7.281666213944537, 7.282221791607553, 7.285621831143765, 7.288396449003749, 7.2901135315082355, 7.295934933933429, 7.298605138872049, 7.298605197357827, 7.299661012110595, 7.300757443197626, 7.301491831916176, 7.303364486649614, 7.3065724634598705, 7.307742027418782, 7.30846391412589, 7.309842758060451, 7.3115205803043555, 7.311719670466448, 7.3126439325411665, 7.313894440203223, 7.315112419609693, 7.315725706774143, 7.316334323401644, 7.317465688688391, 7.31813726254852, 7.318314844186375, 7.318675796538542, 7.319814855057961, 7.320198946668808, 7.32100255017931, 7.321392131171213, 7.3220060430903136, 7.322424988138123, 7.322572652628319, 7.322783020698787, 7.322823103757953, 7.3228231039242075, 7.323078763027228, 7.323078806773345, 7.323317123843354, 7.323383987391802, 7.323594248002147, 7.323736048032133, 7.3238471641521725, 7.323928128198064, 7.323977265688569, 7.324054394837531, 7.324291916816945, 7.32435895140945, 7.32435895146315, 7.3243647770068305, 7.32451797110734, 7.324517971130636, 7.324580794433862, 7.324701201296887, 7.324705884216987, 7.324732293502469, 7.324742932121283, 7.324913669040806, 7.3249888479581, 7.32501505644244, 7.325019478935954, 7.325042393049978, 7.3250794553753, 7.3251735698626, 7.325238386052255, 7.325240605715588, 7.325270344236769, 7.325313273638147, 7.325331718783614, 7.325351665728759, 7.325397055515526, 7.325418377171731, 7.325456343787789]",8.05,2.491906089642216,8.0,12.95,13.0,1.0,0.0,0.0006188240100345866,24000,0.2,0.999,epsilon_greedy,exp,0.6,0.9995,none,1300,True
e1a,q_learning__aca0554c__s48,q_learning,aca0554c,48,15000,23.8788799440008,completed,1,3.5638602666210137,323671,"[-1.1324056823098894, -2.576491854581124, -3.8415040407764702, -4.917399705614386, -5.426991295908207, -4.838971574364314, -4.164019782648928, -3.1031026655650273, -2.2695205585375495, -1.232707135797099, 0.10494320337503141, 0.9745180648045683, 1.8076545704133173, 2.329632935274939, 2.927898467658979, 3.2783784392509685, 3.7963159897430154, 4.211830498587024, 4.515086788621567, 4.908709792082299, 5.172952956810773, 5.39840647725671, 5.525241095638913, 5.679984664793077, 5.735761269184607, 5.871887332984656, 5.936374388317781, 5.964263362466379, 6.0220817846504, 6.113403878644845, 6.188588055509326, 6.207052808359378, 6.373184976623423, 6.45286033066677, 6.467666849187695, 6.530817174015332, 6.600985158557505, 6.6539985106824036, 6.669182898033725, 6.727198382218721, 6.768413406825739, 6.779098203318674, 6.810384840084948, 6.8205393330538575, 6.8502574932316564, 6.856876890567358, 6.892434892562021, 6.936460550473318, 6.9398985304387, 6.943961099844415, 6.976262579177275, 6.983228917883255, 6.987041522994373, 6.994290892262346, 7.001600093965081, 7.011769434231224, 7.020146416767494, 7.022194090554208, 7.028805029606323, 7.0474365967991615, 7.050385737370913, 7.0700475986425415, 7.084728300953073, 7.095040845435905, 7.095044490217733, 7.095180882488967, 7.104056360127261, 7.104540814316883, 7.106973140159749, 7.108004034360162, 7.108066229367924, 7.113594795031195, 7.119994166411555, 7.120611403992533, 7.125359370105303, 7.129416117383939, 7.131543373249235, 7.13428112828892, 7.1354936741268356, 7.136279662575287, 7.136441342641261, 7.137125596319674, 7.13757624901881, 7.137915094667507, 7.138108463964496, 7.139982652702627, 7.139983608110916, 7.140052650799479, 7.141830655009709, 7.143749468283739, 7.1445064947068095, 7.14466345415998, 7.144686640455713, 7.145088933645843, 7.145456603592636, 7.146976418792886, 7.147942370340734, 7.148188223368906, 7.149371217047039, 7.149393779448706, 7.1499558742169045, 7.150458850588243, 7.152239483099894, 7.152251981884181, 7.152887911414256, 7.153080321327816, 7.153198237692709, 7.153377281751697, 7.15402378475026, 7.154080981452678, 7.154212979785412, 7.154598345629817, 7.1546070658528285, 7.15472920336011, 7.154864629179135, 7.155186447991322, 7.155449836333668, 7.1556009635621205, 7.155955686642483, 7.156097711830342, 7.156160242425252, 7.156172553771729, 7.156189005062056, 7.156243284458201, 7.156353801311495, 7.156526772826887, 7.156572451688033, 7.156723916116806, 7.156725211794503, 7.156726300017627, 7.156751505917563, 7.156810633597003, 7.15681761781048, 7.156823732365193, 7.15692326032375, 7.156925316961885, 7.1569467645142115, 7.156947462309185, 7.156974355861687, 7.156978999074386, 7.15698169655382, 7.156985618018569, 7.156998610516974, 7.157040006055549, 7.157066272713093, 7.157066303798217, 7.1570669022624696, 7.157068116524554, 7.157095627044914, 7.157097404147278]",8.05,2.491906089642216,8.0,12.95,13.0,1.0,0.0,0.0005086600100003125,24000,0.2,0.999,epsilon_greedy,exp,0.6,0.9995,none,1400,True
e1a,q_learning__aca0554c__s49,q_learning,aca0554c,49,15000,24.791255998999986,completed,52,3.0616825439617346,324509,"[-1.3833597472946186, -2.6394379175264433, -4.034476824852686, -5.134802396576195, -5.068005686549365, -4.964995991958969, -4.312419337683611, -3.229761227558856, -2.2034938711783605, -0.890226422710682, -0.028989220774346604, 0.7481297313807365, 2.071324043587561, 2.524687444554495, 3.310935037411768, 3.7732136858410237, 4.047467874140105, 4.231023958639106, 4.325441238290564, 4.657041577075249, 4.829043307088382, 5.107699673032096, 5.295014713754252, 5.421960193699891, 5.645234049383467, 5.727009231737915, 5.853617484033512, 5.947659006887083, 6.034221197014342, 6.1438159701909285, 6.205183503500669, 6.258489860108083, 6.323212572852346, 6.472723396362405, 6.478404813783316, 6.4952070132835145, 6.559394018107686, 6.5758204885395815, 6.638269226301134, 6.658987438056799, 6.659758352484767, 6.672301893344788, 6.706733143435116, 6.730371516370153, 6.758608809370832, 6.777945778833298, 6.780882551125712, 6.787648153191737, 6.792884542368791, 6.820434117482915, 6.825451867815644, 6.846968315750899, 6.853498746573938, 6.861362897387979, 6.887308161165777, 6.900225440933956, 6.915577804446124, 6.929098716718719, 6.929125555810783, 6.936444748014616, 6.942685228360821, 6.949491596915054, 6.9511117685316846, 6.952464837102384, 6.969610208446649, 6.970879791518085, 6.9734736457430735, 6.973742568789594, 6.982076426153909, 6.987535529865928, 6.988702630616178, 6.992623751877165, 7.003468634796176, 7.006428705412568, 7.009359199491556, 7.016409989836903, 7.016982781641478, 7.018252882097435, 7.022486953861564, 7.023168098917254, 7.023478213178027, 7.023479731974007, 7.024766522866369, 7.02786424206912, 7.030054808240381, 7.030055748544714, 7.0336113148996455, 7.0336117895064065, 7.034746559985169, 7.035857575413081, 7.037802587370271, 7.038597447280524, 7.039756745927021, 7.040352832469058, 7.043395445753901, 7.043465699664372, 7.0439622838184865, 7.044167954159174, 7.045178696825763, 7.045178824185216, 7.045394578149114, 7.046983959461425, 7.047697321212871, 7.04769737790844, 7.048000974748009, 7.0482845883641945, 7.048415044322111, 7.049569279951217, 7.050485259819224, 7.052022554615545, 7.052491599311554, 7.052762424906809, 7.0528728236609535, 7.052956028701721, 7.0533750987308155, 7.053400430478384, 7.053428916903566, 7.053486986124333, 7.053537315690802, 7.053559751160476, 7.05394507504786, 7.054354834587499, 7.054375076592351, 7.054400167546192, 7.054706573396746, 7.054866638893523, 7.0548834893993675, 7.055020400130681, 7.055132983421288, 7.055462052642243, 7.055618809858861, 7.0556653399127764, 7.055786487129096, 7.055790009154084, 7.055907513481277, 7.05604165896133, 7.05613215473449, 7.056177765720763, 7.056257071138207, 7.056288126911306, 7.056302981119024, 7.05630844983709, 7.056383913539226, 7.056401682660111, 7.056475658473915, 7.056518296362763, 7.056522491204214, 7.056532674713803, 7.056540893508096, 7.0565501306836484]",8.05,2.491906089642216,8.0,12.95,13.0,1.0,0.0,0.0006844000000637607,24000,0.2,0.999,epsilon_greedy,exp,0.6,0.9995,none,2000,True
e1a,q_learning__aca0554c__s50,q_learning,aca0554c,50,15000,24.850952364999102,completed,17,2.9274562336608896,325902,"[-1.128211205035618, -2.621588943852451, -3.953651670779195, -5.186857322083071, -5.736159301661996, -5.617740882478165, -4.051459091758309, -2.8998093124379363, -1.7898628739024085, -0.6967889705186289, 0.27013464918753083, 0.951618991990024, 1.6165702520359495, 2.271668785066242, 2.9397459920510998, 3.3051804492872785, 3.6662288620142385, 4.168457623397099, 4.557333384133008, 4.823627339914419, 5.058172357274339, 5.426823595597591, 5.6764016618009645, 5.927949251526429, 6.027013845042436, 6.129904259264112, 6.209471893356229, 6.286663368023261, 6.3304926538462825, 6.42214339075564, 6.467178485516514, 6.529552329094119, 6.61130073315774, 6.633064057026789, 6.666537849704486, 6.676115137423747, 6.730203377970468, 6.787842791181357, 6.806636002670881, 6.844543492258556, 6.86763613144176, 6.91317658859687, 6.943589419117798, 6.946195885627529, 6.949941783029838, 6.96814129502271, 6.987646011898824, 6.989633038193024, 6.9947555649627216, 7.021122700936307, 7.022367139142461, 7.054033723564229, 7.085683936942883, 7.088536479215999, 7.089159165208824, 7.09767463455567, 7.108795211469205, 7.112035566207687, 7.117090696242891, 7.132721431632433, 7.143588335934011, 7.146729250098682, 7.147858726465078, 7.153855463560489, 7.1538583532116915, 7.154876247215996, 7.155075411039798, 7.163032460962224, 7.165783681966107, 7.165865990497824, 7.175936539572608, 7.177794848639811, 7.177804383379141, 7.178422973905286, 7.180257216660715, 7.1827073549094, 7.1846829066015125, 7.1887602703810725, 7.192203115745965, 7.1926331525776, 7.195528567426417, 7.1994171960805176, 7.199754138610388, 7.200265190475059, 7.201048628975309, 7.201049224872851, 7.201972184492095, 7.20369037497801, 7.204076953147331, 7.2043860299873455, 7.205248177534478, 7.2055454807759105, 7.208494993776669, 7.209605990996043, 7.209712985405587, 7.212129296347333, 7.213752889008469, 7.214693312421121, 7.214766969765008, 7.214845693294481, 7.215062755109355, 7.215139513120411, 7.215450134646351, 7.215500090554786, 7.2159749299836164, 7.2182466168411015, 7.219182194081497, 7.219328031096391, 7.219537577172022, 7.219704003551554, 7.219808942141916, 7.22001074298949, 7.220094711538733, 7.220094739844362, 7.2201262418574474, 7.220394232799705, 7.220614695506502, 7.221249510179734, 7.221295261359782, 7.221408497804904, 7.221431910792359, 7.221469324559914, 7.221648662961405, 7.2216766562772445, 7.221749221483602, 7.222368471727937, 7.22283889665585, 7.222841758142593, 7.2229508759281025, 7.222958551284803, 7.2233265833448375, 7.2238361471286785, 7.223913697531146, 7.223915984744304, 7.2239242458213315, 7.224098863071548, 7.224121236193862, 7.2242839954717954, 7.224302447435776, 7.224310755520681, 7.22432156176545, 7.22432734125729, 7.224332246577922, 7.224335942246055, 7.224343552525497, 7.224456959866813, 7.224544871517513, 7.224562469490231, 7.224565614146779, 7.224565878758815]",8.05,2.491906089642216,8.0,12.95,13.0,1.0,0.0,0.0003562319599768671,24000,0.2,0.999,epsilon_greedy,exp,0.6,0.9995,none,1500,True
e1a,q_learning__aca0554c__s51,q_learning,aca0554c,51,15000,24.431287139999768,completed,9,3.22,325948,"[-1.24549451899233, -2.6015752203291034, -3.911870927160023, -5.052937728169738, -5.174173082563689, -4.574511906683388, -3.472151088656621, -2.566646216184546, -1.6219123482957238, -0.9337202008249449, 0.0770343966571085, 0.7255055946017888, 1.2274058632572062, 1.8836139705667445, 2.377378660627298, 3.175691375582167, 3.670180502564453, 4.002226572741159, 4.306732479805353, 4.547366319343335, 4.732539631995453, 4.830806644555911, 5.17090692749621, 5.3768556502820495, 5.58845087012084, 5.664868488698405, 5.812216295625169, 5.9113783064986025, 6.027197716033343, 6.037553148774899, 6.196347101336053, 6.208010473774485, 6.2653166213072575, 6.3369536481897395, 6.394457249860937, 6.478367184487199, 6.504952652477117, 6.545894808615183, 6.586198400183114, 6.587929368052323, 6.617698795939619, 6.645003721914347, 6.691010336935332, 6.748488343915025, 6.758399227768779, 6.759148466240513, 6.773729633519037, 6.832392362523112, 6.9034301984640765, 6.909956415873819, 6.916191915124508, 6.923691340311482, 6.94596930003161, 6.946408857019174, 6.948522300167028, 6.951582122075811, 6.96431868058168, 7.009258809431461, 7.009376465725611, 7.022803461466936, 7.022892933306579, 7.035573807933148, 7.045026715905838, 7.045081709680956, 7.048599238910786, 7.069678234364469, 7.076669964042058, 7.078693691197812, 7.084466583120163, 7.094871453473831, 7.094967092703993, 7.098919806156555, 7.110259557139892, 7.117545853667162, 7.1221729927414215, 7.128767422582442, 7.12972280781106, 7.129746211708394, 7.129752151647864, 7.136960885256653, 7.145335587926064, 7.146881129946286, 7.151940634877834, 7.154741290809825, 7.1587070178538115, 7.158899531624068, 7.158996588068695, 7.161361003691381, 7.1623968822595385, 7.162481035528026, 7.164321863167276, 7.165358316535696, 7.168235852398798, 7.168292352284869, 7.168478131241348, 7.169659230410475, 7.172681148451369, 7.173095818192263, 7.173120717345751, 7.175099322209462, 7.176006382514713, 7.176008191084831, 7.176027080479162, 7.1770345642559965, 7.177287173631923, 7.179630020511005, 7.179696266355523, 7.182482564633211, 7.1832902618928385, 7.183573998809395, 7.184193486356661, 7.185088249253308, 7.1852680522919465, 7.186148761730676, 7.1861570026968975, 7.186351409513811, 7.186500876309095, 7.187042506199459, 7.187068121884087, 7.187476379819008, 7.188091989425777, 7.18831167315844, 7.18848972094828, 7.188489815137848, 7.1888603456591875, 7.18914599122164, 7.189369243473712, 7.189635271742571, 7.1899270704132965, 7.189978171427443, 7.190458227822817, 7.190463032209847, 7.190526992944148, 7.190600914204443, 7.190619068775048, 7.190773402691993, 7.190773403671304, 7.190798842492804, 7.190801908136535, 7.190873467318064, 7.1909364044754485, 7.191037511946535, 7.191100354681017, 7.191102052397409, 7.191199753287345, 7.191214011469456, 7.191215786275305, 7.191243008807545, 7.19124571481772, 7.191287387995075]",8.05,2.491906089642216,8.0,12.95,13.0,1.0,0.0,0.00034363199998551866,24000,0.2,0.999,epsilon_greedy,exp,0.6,0.9995,none,1600,True
e1a,q_learning__b04452dd__s42,q_learning,b04452dd,42,15000,31.250109528000394,completed,68,2.818137682938859,429966,"[-0.39400757362720373, -0.8137198156033884, -1.2070302098566996, -1.600216503012652, -1.9953777436415439, -2.256283684376301, -2.588579465520501, -2.8748118719326157, -3.1029868490953647, -3.3298912046818123, -3.487384877616685, -3.682387694763578, -3.835726085006915, -3.9142168354051003, -3.995905823339181, -4.04619388063501, -4.084238599573163, -4.116301046710246, -4.151077438898409, -4.144201036828161, -4.115320289462214, -4.1002190626108765, -4.082937760881014, -4.0492382046770725, -4.022699424748086, -3.9712100970291764, -3.9444414116858115, -3.8911556470674418, -3.8493313318488367, -3.776908800551219, -3.72342363903071, -3.677724849847638, -3.6520600373774674, -3.6100969558114797, -3.5717381473453953, -3.516114756936219, -3.471975180714494, -3.426712755747865, -3.3830520843150924, -3.3428307943147915, -3.2989987635780023, -3.2591569716992748, -3.2225963889811635, -3.1673028818708597, -3.130386069128877, -3.10664303605891, -3.0736394713094852, -3.04018747265794, -3.0010617951882215, -2.962763417327287, -2.928787076721733, -2.8945612688785087, -2.8585209496019965, -2.8191339630398957, -2.7991081451831845, -2.768694461809582, -2.735456796758957, -2.69753161252185, -2.6584044421007946, -2.628642819678118, -2.60787782987493, -2.5839116925964944, -2.550605371038879, -2.533568912569173, -2.515413832525013, -2.4958472428611866, -2.4802821058679654, -2.4393270885639327, -2.411160194311324, -2.3885794327275094, -2.368356636808197, -2.3503531513738927, -2.3278013890809954, -2.3143152920024526, -2.2914358009161813, -2.270680815352918, -2.2572724234362727, -2.2442283023484384, -2.2273273136455973, -2.2082612054246153, -2.1839748831043004, -2.1687216406273486, -2.1474742940785956, -2.138404025678164, -2.122879378548718, -2.107522911684659, -2.0961649959505158, -2.0833619119781015, -2.068057305472741, -2.058441737930012, -2.0460117813440104, -2.0357451604426435, -2.0251802273811954, -2.01577340579362, -2.005837102514603, -1.9947278026890236, -1.9878274713864252, -1.9766741618268868, -1.9669765370804861, -1.9616170564578423, -1.9485548806190873, -1.935792591057138, -1.9255173660359783, -1.9175714592916877, -1.9083837496471838, -1.901029880874727, -1.8940644591232614, -1.889539244432076, -1.8865965625181542, -1.8803583524161176, -1.8722980802316955, -1.8663795063451272, -1.856480925352711, -1.8457126479036308, -1.8402820862827185, -1.8334424141611254, -1.8244706946608114, -1.8203541775508592, -1.818519443762551, -1.8076592461087135, -1.8017711413764261, -1.7937071025506486, -1.7902107013206694, -1.785676623703067, -1.782545380747247, -1.7732482539701802, -1.7693721147171422, -1.764178251279841, -1.7609613802441202, -1.7517582577857476, -1.7456274416972657, -1.7400467609491037, -1.733872250666136, -1.7315969490985557, -1.7264211296885195, -1.720236641389972, -1.7157727391319815, -1.7122214699307667, -1.7042783461173974, -1.6980596880459018, -1.6929377328831423, -1.6843062227157148, -1.6785517135276231, -1.6745772820862745, -1.6710286250158441, -1.6662893946022015, -1.6630359288629346, -1.6591481171702034, -1.6565439356032372, -1.6499243819740235]",8.05,2.491906089642216,8.0,12.95,13.0,1.0,0.0,0.0004076220099886996,24000,0.05,0.9,epsilon_greedy,exp,0.6,0.9995,none,5100,True
e1a,q_learning__b04452dd__s43,q_learning,b04452dd,43,15000,31.534986736000064,completed,17,3.9455671328720285,429386,"[-0.28824145056300526, -0.6640034828504985, -1.1055324363653594, -1.5414736000008873, -1.894310233400544, -2.2500024364431437, -2.5733974014448107, -2.816196958154332, -3.0669666436096517, -3.2549782214051723, -3.493625929310057, -3.6647451072779154, -3.7829973039593585, -3.870413162097436, -3.9270259747695646, -3.935870043607239, -3.9433039570228767, -3.952190609300586, -3.9523240732022704, -3.913208381489489, -3.9107819616610073, -3.854797490200972, -3.79565834463783, -3.7430463060861503, -3.7034171391162727, -3.64368785298408, -3.598773374869874, -3.555423408689719, -3.513076755746025, -3.4734584266831896, -3.4303361970522146, -3.4015514042234876, -3.3638259968769035, -3.300972865584744, -3.2559280570519764, -3.209835989044893, -3.15505778929887, -3.1096082081646856, -3.0712914953886807, -3.033867703731225, -2.9973433806508583, -2.972009151230768, -2.942774105465991, -2.9125669911313805, -2.8890992205427453, -2.8503199121799927, -2.8155668509844305, -2.7855226543398675, -2.7517066391347598, -2.7145433887714447, -2.68192720085833, -2.6582546106734792, -2.6309343700968526, -2.5837396134062485, -2.5593062525940358, -2.524553310589362, -2.4967000633313905, -2.473605474675365, -2.449485660777803, -2.42244598271457, -2.4020440054118795, -2.372253319477414, -2.35976197133773, -2.341145254894507, -2.3077540297836316, -2.295806552971343, -2.2823036750076944, -2.269371727338203, -2.258191511403689, -2.2378732734124447, -2.2162549203667785, -2.195915546961986, -2.1793295250071436, -2.154797140082072, -2.1487950944657777, -2.126448727575709, -2.107200368274735, -2.089565729062268, -2.073279896637819, -2.0485151786188567, -2.0298516361328693, -2.0135194692464475, -1.997874548684695, -1.984324028432394, -1.9721081360156285, -1.9583658914914017, -1.9516119798286578, -1.9449505145271373, -1.9314783135035332, -1.9207850681291772, -1.911497465348437, -1.9000259685162448, -1.8878179182056651, -1.8741840574643984, -1.8617831770291435, -1.8548276663820207, -1.8485905426240543, -1.8398071568031247, -1.8258322461805139, -1.8110840596271662, -1.8032425348557282, -1.7902769748211693, -1.7764544708219547, -1.7727055553094833, -1.7656294325765827, -1.7574307594564085, -1.7489992271902997, -1.7435009367046164, -1.731115288588428, -1.7278597384262973, -1.7206553738869275, -1.7124565405058754, -1.7093427577121927, -1.7017851122413616, -1.6985344504205306, -1.6909749011362327, -1.6852274438058383, -1.6770573260629382, -1.67581784472481, -1.6691706325935025, -1.6647622444773233, -1.6603229932718482, -1.654181385658703, -1.648404855398187, -1.6436834015155573, -1.6420655728929494, -1.6338584428846867, -1.6278239923767646, -1.625535829866431, -1.6155333159856486, -1.6099040736760903, -1.6045183614659744, -1.6009073146105777, -1.5950950617521116, -1.5897283236963546, -1.5856111879825856, -1.5814465024088393, -1.5780118749415872, -1.574020084478383, -1.5695187237728632, -1.5637287262636435, -1.5586417207211238, -1.5571720246056602, -1.5550121258488105, -1.5529195921491454, -1.548720216226351, -1.543023874820188, -1.5393451787680006, -1.537163511594682, -1.5369242016951385]",8.05,2.491906089642216,8.0,12.95,13.0,1.0,0.0,0.0003813890100173012,24000,0.05,0.9,epsilon_greedy,exp,0.6,0.9995,none,5600,True
e1a,q_learning__b04452dd__s44,q_learning,b04452dd,44,15000,30.89315472999988,completed,45,3.281386901905961,427629,"[-0.2995150885976407, -0.7188182138153859, -1.1782231556768594, -1.5042761866492247, -1.8564667322840762, -2.2295512037828518, -2.5424394868720768, -2.834516720895999, -3.085466001765732, -3.31492777573493, -3.5171884156619075, -3.676995801940597, -3.8124700156215967, -3.9260717502873894, -3.9586227783275882, -3.992513741065685, -4.0225742114006025, -3.9946755470434723, -3.9764948064272043, -3.9829574117837763, -3.941140377120679, -3.895840306031782, -3.867934114659613, -3.8504285185000366, -3.790519001496953, -3.743383936792965, -3.6971605909191747, -3.6569907475776326, -3.6142244354317077, -3.567219948010948, -3.5498428963950386, -3.519064844003837, -3.478039288545458, -3.4487453136712887, -3.4054683384862927, -3.3841934566975165, -3.352278780515619, -3.313764800170053, -3.2637854633248558, -3.206704201323011, -3.175580216525361, -3.135796146789417, -3.101896990064394, -3.0641495942548485, -3.020240705003112, -2.9890855044745956, -2.947923909111704, -2.9140866747081926, -2.8725450611190833, -2.850868837065811, -2.814878420832125, -2.7908911259258633, -2.7669416812780048, -2.7414596099215176, -2.721293136375547, -2.6948889179474946, -2.6752933345411294, -2.6505209577279976, -2.6219381729046645, -2.59525749307666, -2.5688493098201737, -2.542628911882806, -2.5139072057947525, -2.4916451257054137, -2.4674074936718067, -2.4448966326427928, -2.430269913008782, -2.4033434494091552, -2.375084220131413, -2.3541318810404674, -2.32829787498489, -2.3128873797981586, -2.3017876989294495, -2.2854677129867182, -2.2633373370323464, -2.2439195626230766, -2.2344501042114504, -2.215277945284462, -2.201997620683417, -2.1894007328039566, -2.17472131482373, -2.161009340704337, -2.148631454910014, -2.140194987383581, -2.123464481972598, -2.115883403474437, -2.100843661761921, -2.094576003653615, -2.0833819060980527, -2.0655425862857593, -2.0525645432546358, -2.045002030886088, -2.036742632890805, -2.0262722950301364, -2.014472433741557, -2.0052590848613363, -1.9981157980145956, -1.9910576937169904, -1.9858317858274472, -1.9803400566300422, -1.9723872204598274, -1.962168779754901, -1.9541957939254924, -1.9451564400797066, -1.940970053657672, -1.936153587344448, -1.9310413021153785, -1.9293837752349665, -1.9225428722131155, -1.905356474190654, -1.9036616034492428, -1.894956524479753, -1.8880772053000294, -1.878000064360997, -1.8726011729340395, -1.8696086836404517, -1.8640164584747156, -1.862099623610582, -1.8512637046636937, -1.8465429372508353, -1.8422044119435095, -1.8391829524124252, -1.8325720851779594, -1.8242512157069064, -1.816903894583446, -1.8150792780520955, -1.8048738384412302, -1.7974847567800223, -1.7930409243043377, -1.790487647179806, -1.7877005053033994, -1.78348098420316, -1.7714574120054472, -1.7665595806555026, -1.762730951052007, -1.7582979389315025, -1.7519940625142782, -1.7478125619471336, -1.745682507591432, -1.742876881309329, -1.7399650142030485, -1.7328072516413242, -1.7293003771841682, -1.726710706206184, -1.7227187634262149, -1.7165394588740464, -1.7121548128477366, -1.7105888358390975, -1.7081782326981563, -1.7000568324128318]",8.05,2.491906089642216,8.0,12.95,13.0,1.0,0.0,0.0004943220100904,24000,0.05,0.9,epsilon_greedy,exp,0.6,0.9995,none,5800,True
e1a,q_learning__b04452dd__s45,q_learning,b04452dd,45,15000,31.546418731999438,completed,30,3.4210524696356237,429282,"[-0.3619390000146593, -0.7952489076675465, -1.1392088299026333, -1.5489333338104052, -1.9374708516376633, -2.228292998277989, -2.5359753194833226, -2.7855461916376014, -3.039936518649787, -3.311257768234844, -3.4496811222137507, -3.6136179294689414, -3.7494605833763606, -3.864814974595295, -3.976677399010849, -3.9827747415260797, -4.04701320842217, -4.047755164391593, -4.08171948924595, -4.06427996029794, -4.02873983758505, -4.002653813117196, -3.955659143144324, -3.9206262787356096, -3.8811115688383633, -3.8417889998827577, -3.7870451581273046, -3.7429303696368215, -3.684603540222414, -3.6347888532731143, -3.590117461637474, -3.5480569041451844, -3.515219548326224, -3.479852819921293, -3.449451767793968, -3.4285266289928495, -3.402008448202855, -3.3893309283888646, -3.346661460506741, -3.316982210919293, -3.2842743804174286, -3.2508954645449974, -3.205071917283169, -3.168282014946909, -3.1278609722582003, -3.0967897858532276, -3.0695650398595524, -3.0414275668817803, -2.9967689351314837, -2.9660273172801386, -2.926978293719456, -2.8851755980899854, -2.8641143873061043, -2.8260171033949084, -2.792123483291396, -2.766722033534198, -2.7403405900801934, -2.7105461504049884, -2.6899373199189807, -2.6516183540293676, -2.6332012897474524, -2.605757247804858, -2.5885294392085387, -2.572292769315647, -2.549962581236634, -2.5281834762371234, -2.5036948877424714, -2.489123299105083, -2.4650488339249264, -2.4355801260704557, -2.4148213508293823, -2.400637194427132, -2.37933906797515, -2.3672539323369226, -2.353635941677993, -2.3362757795547426, -2.3148434073834685, -2.297314082267105, -2.2776022585249223, -2.264650885956778, -2.2554200829531204, -2.2443729588696852, -2.232994552253463, -2.2174262696426337, -2.2061462067661153, -2.1930960950503566, -2.1793117909962416, -2.1650723143840898, -2.1532075512531126, -2.1395050640163387, -2.1298825733827567, -2.1242836095409015, -2.1153557979200737, -2.1088361089692422, -2.096845788986695, -2.089025185120953, -2.0781367044308783, -2.067318867154767, -2.0533988796542295, -2.047949569819546, -2.0362617596028945, -2.0276104113727573, -2.022139089474982, -2.0138849098467797, -2.003083051226565, -1.9980295451671979, -1.986923251832434, -1.9801919116921105, -1.971852448522814, -1.960165230668794, -1.9476657578216445, -1.93667573133967, -1.9329015348085434, -1.9293029158943924, -1.9213793803998171, -1.9138201815993734, -1.909612108349806, -1.903305086180221, -1.8982577310330015, -1.8945841211188872, -1.8893181918891444, -1.8835608094550793, -1.8787040613278934, -1.8767359500410115, -1.8729541693533318, -1.869230603407666, -1.867074648543023, -1.8621073541638113, -1.8608971455055534, -1.8552823480901506, -1.8497192583955677, -1.8441592789440462, -1.8406968135304258, -1.8350955394618735, -1.8312549572633559, -1.8295590507228743, -1.8235799368752126, -1.8135440259030642, -1.8118780538411177, -1.80717804570157, -1.8043370439106654, -1.7972732622133814, -1.7868331696709354, -1.7809193861054513, -1.779616516612307, -1.7780333917931215, -1.774381854687046, -1.7729381574364949, -1.7698984776087872, -1.76711956086191]",8.05,2.491906089642216,8.0,12.95,13.0,1.0,0.0,0.0006234330101324303,24000,0.05,0.9,epsilon_greedy,exp,0.6,0.9995,none,4800,True
e1a,q_learning__b04452dd__s46,q_learning,b04452dd,46,15000,30.97228992700002,completed,12,3.207413287993925,431260,"[-0.40418844093932177, -0.8281452930170682, -1.1664672776002336, -1.57890771035922, -2.0027885106374073, -2.3283459057663634, -2.68361385168907, -2.957109903605806, -3.215518514697815, -3.4150666658318776, -3.628086110338765, -3.776635893434531, -3.9099933596193504, -3.9980756168286615, -4.068961315803404, -4.120915839565221, -4.103103679226186, -4.077787795500419, -4.067444564037772, -4.069761403539404, -4.052706458401287, -4.010130106639558, -3.966956111602789, -3.925596402362883, -3.866387877342711, -3.8105408105201093, -3.772824360214158, -3.7391886426349137, -3.6942883993697033, -3.6461023477761003, -3.620992615126382, -3.583191650913281, -3.556511178969595, -3.5099166544308287, -3.4800209408723077, -3.4143261908651175, -3.3742209748837815, -3.3527400123043747, -3.31507422540614, -3.27577312154267, -3.2397548752218768, -3.212304068285211, -3.1796989122348327, -3.1449628588352185, -3.113291443001444, -3.0719602886330173, -3.038005223452896, -3.0128253314037376, -2.981931392146726, -2.952165794102295, -2.92572503738566, -2.8917445852931736, -2.8551342582153323, -2.8134535253602118, -2.7923385265892553, -2.7644814523276127, -2.7351793837961695, -2.714126160969848, -2.673678598832141, -2.6486316458722974, -2.626121167311482, -2.615853576590604, -2.5931684742362235, -2.5762009679401316, -2.5518170149676616, -2.5263653401271116, -2.503093029405226, -2.466817028533336, -2.448941123303298, -2.4287125235604052, -2.407023786493109, -2.3957781122658317, -2.3822148687769777, -2.3625024587852743, -2.3342890026120995, -2.3181245185835886, -2.3084111282796473, -2.292721790532163, -2.276690206930186, -2.2663285695369444, -2.2489424115950123, -2.2367292641116086, -2.215960556253049, -2.205805284108218, -2.1932644012323816, -2.184094881366947, -2.1663276795961024, -2.156405121565164, -2.1445364441388555, -2.133114401803035, -2.115893515936774, -2.1025487905392253, -2.094245089701167, -2.086353146142795, -2.0782342574497124, -2.0682521166515087, -2.054350581686576, -2.046698367966656, -2.0394918300989975, -2.030365000133186, -2.023398401063239, -2.011237451551811, -1.9964854289688712, -1.9846659685052017, -1.980845613740938, -1.9747920403484793, -1.9648686824202637, -1.9629242230282682, -1.9562528187656265, -1.9493123896210292, -1.9446062194431788, -1.9408660516835778, -1.9331194199980097, -1.9270467111743406, -1.920610666493733, -1.9119731322364322, -1.9067687005877298, -1.897944501571115, -1.8952081506045635, -1.89253805952789, -1.884523865558763, -1.8776266513684547, -1.8753271301410286, -1.8681794706301693, -1.8593209948405778, -1.8589756055426185, -1.8545435299024489, -1.8506604727581881, -1.8475628111137203, -1.8443928324760925, -1.8379376434962365, -1.8371202314121464, -1.8307734432246328, -1.8242404945216792, -1.8181689044527876, -1.8156193436974692, -1.8104654528676902, -1.8058337098241235, -1.8038034056628613, -1.797590384284434, -1.7938260702113107, -1.792098116512956, -1.7868536962355486, -1.7824074798445257, -1.7759056444593142, -1.7723642858118436, -1.766834332525122, -1.7614335056212467, -1.758213291064222, -1.7542452927616041]",8.05,2.491906089642216,8.0,12.95,13.0,1.0,0.0,0.000471164999926259,24000,0.05,0.9,epsilon_greedy,exp,0.6,0.9995,none,5500,True
e1a,q_learning__b04452dd__s47,q_learning,b04452dd,47,15000,31.473579334999158,completed,13,3.7602659480414418,423086,"[-0.3508383382225115, -0.853039618325708, -1.2349291310716812, -1.5936302524515786, -1.989789464651107, -2.3309638110491324, -2.528345499337112, -2.8481708820730343, -3.0658665060694505, -3.316554053880716, -3.543939959417061, -3.7106339223328106, -3.832900194932272, -3.8968924956044417, -3.950323269843218, -3.9670626033279905, -3.9704418575012976, -3.958189158901833, -3.954355284705757, -3.9386621050818134, -3.918083031959502, -3.891612306752714, -3.8601850346370927, -3.8209587779130936, -3.8043580807199335, -3.7670176631708596, -3.737154736411814, -3.690920429323961, -3.6698937819747766, -3.63433201123009, -3.6019192941764833, -3.5698584602659706, -3.5292834284336063, -3.491098285072843, -3.449319682236777, -3.4276517924525676, -3.4068445735775685, -3.3751600890263314, -3.3387409624076025, -3.322416541372874, -3.3006172305329384, -3.27281145308462, -3.235381617358355, -3.2052597633122692, -3.188116952304631, -3.1751493757538127, -3.156921286355433, -3.122243986400792, -3.0931903834285435, -3.070553218183583, -3.048159233906079, -3.0096018857016893, -2.9862818012423675, -2.9679201330662277, -2.9512960062833002, -2.921318581137838, -2.88142929947154, -2.8491805299888435, -2.8272125549554334, -2.8092517427273536, -2.78368867355203, -2.767362696117472, -2.7438931257923596, -2.721918527440729, -2.7033741270264025, -2.6788879197021354, -2.654378567130638, -2.6389294490508246, -2.6179488695078157, -2.602708377906206, -2.5806775518837415, -2.561364920746389, -2.54779595660424, -2.5324670476542037, -2.5146738958360313, -2.493755245016527, -2.4817146050403, -2.4642341038831175, -2.4558728816025157, -2.4434130999679455, -2.429193628680136, -2.4119086071678497, -2.3958187577431684, -2.3789256526002798, -2.3622559188776306, -2.3535196391586783, -2.3439512967897227, -2.3339125375567833, -2.325147864165884, -2.3136023697947636, -2.3061865362164298, -2.2933322411464396, -2.278631081701057, -2.271434423416745, -2.263640281114135, -2.2571667302624063, -2.2464208461317963, -2.2364157444885953, -2.220729913617545, -2.2094267041368254, -2.20461770842153, -2.1969417999587653, -2.1858304412224028, -2.17585464019092, -2.1718148656136544, -2.1630054613997123, -2.156659737813982, -2.151753656929791, -2.146505978565922, -2.1417036991725977, -2.1361063569536487, -2.134137781662177, -2.122026978120284, -2.114794687485678, -2.101804520920643, -2.0907700614137146, -2.0817885381501795, -2.076045895889987, -2.0696454492844953, -2.064923492602162, -2.056540912256708, -2.0526066990665854, -2.048318792276328, -2.0459424321140074, -2.041951505431015, -2.0391768947427638, -2.034817580563518, -2.0319371070565007, -2.0274290526944023, -2.0239787873276947, -2.0195256775436317, -2.0075660515381837, -2.0003016486544207, -1.9934762239641468, -1.9857603056675037, -1.9808244431919322, -1.9767756159424736, -1.9722384879590085, -1.9687111854250854, -1.9639493389093245, -1.9607444074169798, -1.9546504145218415, -1.9465273916561021, -1.9432967215653785, -1.9337554029865418, -1.929739877592071, -1.9286933559534, -1.9232493784723563, -1.9203829685797813, -1.9171176412251072]",8.05,2.491906089642216,8.0,12.95,13.0,1.0,0.0,0.0004906999998456741,24000,0.05,0.9,epsilon_greedy,exp,0.6,0.9995,none,5100,True
e1a,q_learning__b04452dd__s48,q_learning,b04452dd,48,15000,27.22363881199999,completed,1,3.561614802305269,429336,"[-0.29021726053445535, -0.7561424120032598, -1.1690285257015274, -1.6177096645993752, -1.9560497438451685, -2.2452437353046215, -2.5767790341829073, -2.8479316858061505, -3.1204763254299346, -3.350426764353268, -3.57163710474926, -3.776770468883222, -3.922584065449371, -4.029546119822653, -4.131002657504985, -4.1671856838853545, -4.222179086244218, -4.252434056102677, -4.265535265663923, -4.273830248639146, -4.245168479104738, -4.238849409851871, -4.2300652565437025, -4.207812036311828, -4.177571343752116, -4.157904564272541, -4.122243800161425, -4.0955507048406625, -4.072307289315819, -4.024985185680027, -3.9857944142711856, -3.9443953587283898, -3.897579603177924, -3.8652820866405753, -3.8409195922531056, -3.8163982715335196, -3.780505312666518, -3.744377642928748, -3.702392952856893, -3.677542397645429, -3.6531161012384765, -3.614535741804605, -3.5796494208504366, -3.530071069556102, -3.4943338876393892, -3.4706633417551562, -3.4326053464476725, -3.3915046371555957, -3.365649731256406, -3.324125781245155, -3.2982452554860227, -3.2739988737512657, -3.247462652656117, -3.227094984282108, -3.1929621604677587, -3.168422465125628, -3.1421228867151303, -3.1250203444446254, -3.1057917248176654, -3.074548796774067, -3.0462295650493294, -3.018399379830471, -3.000099063652194, -2.976244664560833, -2.9486113056257306, -2.924968554911149, -2.901372965291779, -2.875932149925613, -2.849106255476331, -2.82852414988072, -2.805949853437251, -2.7890382234839755, -2.7667382472624524, -2.738814584067103, -2.721322085411172, -2.700246614773494, -2.6805453829259798, -2.666992122006017, -2.645306406877144, -2.631570100915773, -2.615886812403545, -2.6004234804391646, -2.58667832774845, -2.570291364874754, -2.558697914175515, -2.5437649228138364, -2.529889768072282, -2.5209218535603695, -2.5127466229425988, -2.504916814651459, -2.4910493696085094, -2.4800334812019305, -2.4703093117488586, -2.4583969456150467, -2.440520166833935, -2.435328180960524, -2.4289470010676264, -2.4214256824241196, -2.410014223545666, -2.401774417933249, -2.391282699324616, -2.38434953175566, -2.37758437841427, -2.3673151540491006, -2.3567442572701793, -2.3520051214211075, -2.3422603423851096, -2.3387918884100944, -2.3324828679746643, -2.32494174343923, -2.3192647411827676, -2.3126786403897115, -2.3086710255755327, -2.303083912679198, -2.2922133267399376, -2.28894479314685, -2.2830242989363483, -2.272879580774564, -2.2666812832434498, -2.2601354494565276, -2.2507879134471622, -2.2481191681326504, -2.240950549029331, -2.237696989374945, -2.2336940057457655, -2.2314817856139464, -2.2271309394758045, -2.223993659945541, -2.2195297993933263, -2.2160959164050453, -2.210950324159302, -2.2056115885729364, -2.1985168869989096, -2.1938451024566983, -2.188577099770873, -2.1851011383083256, -2.1795683970272255, -2.175712524051377, -2.16973687579626, -2.1672311307017464, -2.1577366700141045, -2.153620211337149, -2.143696260519163, -2.1376852473940264, -2.133422143584911, -2.12850734792493, -2.1232364959570202, -2.116406348884569, -2.1080521854170473, -2.1038201757037367]",8.05,2.491906089642216,8.0,12.95,13.0,1.0,0.0,0.0005386940100288485,24000,0.05,0.9,epsilon_greedy,exp,0.6,0.9995,none,5700,True
e1a,q_learning__b04452dd__s49,q_learning,b04452dd,49,15000,27.01865671000087,completed,52,3.3417809623013897,426941,"[-0.418674184192606, -0.7655072054590002, -1.1397837104690138, -1.620987336738767, -2.040569828835911, -2.368517215431621, -2.6397965521829465, -2.8980235335441753, -3.1532241677451815, -3.4137191597374024, -3.593922909780554, -3.763021267389971, -3.9281437669416595, -4.039814685683568, -4.108851948096729, -4.171292287953362, -4.210354959294446, -4.214472542169048, -4.198494107229506, -4.204560766250987, -4.184125423046464, -4.154096416856444, -4.1279592708816235, -4.112021610269646, -4.072227706338827, -4.040796702092965, -4.011808503640469, -3.981568560899008, -3.9645807707549636, -3.9452366804078944, -3.9104083019011733, -3.855164231048724, -3.815665012568972, -3.7674556587829477, -3.7344240783631553, -3.694995816451901, -3.6508901149737634, -3.6144830703830206, -3.5748905543463043, -3.5422690596279316, -3.5039701256142846, -3.473635932122615, -3.45669725243106, -3.4212471942969036, -3.4142512443529123, -3.377381391387983, -3.349742427828117, -3.3269681585164017, -3.3064644674490205, -3.287475713171366, -3.270414882645504, -3.252438188214022, -3.2190412515815017, -3.1981785361473865, -3.176383849859387, -3.1410787696147584, -3.103743808933812, -3.085708553915326, -3.062823553162228, -3.038091131319237, -3.0139184235862575, -2.9957380976219965, -2.964873687532886, -2.9517639765997306, -2.9308620604354165, -2.9159822029680718, -2.900743651556613, -2.8824423397088075, -2.86690268173699, -2.8488973542062976, -2.839101610558683, -2.8254637718409317, -2.7955762574432166, -2.7761068647333853, -2.76105687496032, -2.7499359543402138, -2.7323820886206565, -2.723828574532077, -2.7013680528800603, -2.6873715160406135, -2.677854394275704, -2.663927558112419, -2.657792611194055, -2.64790350389656, -2.6334510452091497, -2.619768312403835, -2.606005350738253, -2.5986782963105397, -2.585945495660143, -2.578941141174247, -2.565386986321754, -2.556716367592081, -2.549303443195303, -2.5375242905562705, -2.527978701383586, -2.5233086454096467, -2.514070763826517, -2.508913335311274, -2.5009379577350757, -2.4894995888668325, -2.4794370724916135, -2.4679185472460645, -2.459656336553777, -2.4562802784989346, -2.4481020116215313, -2.440089046690772, -2.4260071631811493, -2.4231703314621993, -2.410275455138294, -2.399072185529499, -2.3952951907914195, -2.388014317629906, -2.373297365610056, -2.3684467747617837, -2.361072297592779, -2.3547000154195716, -2.348087472298878, -2.339554444919852, -2.3306864297680505, -2.3236471216982166, -2.31871450961386, -2.312949495191806, -2.3053561858112017, -2.2999406175879664, -2.2955805195306263, -2.290785325120811, -2.284588022002177, -2.280827726978773, -2.2709769730161735, -2.2633216254278907, -2.2595079798588156, -2.2540127413480247, -2.2509800206058688, -2.2451538728387863, -2.2418355580920424, -2.237865411981422, -2.232057386244648, -2.229286109689579, -2.2264257661527926, -2.2196843949444114, -2.213060356093418, -2.208736948389718, -2.204585904494836, -2.2005748872429503, -2.195391360974937, -2.1926357966205314, -2.1886339734490288, -2.181524812944461, -2.178568170718766, -2.17539375742883]",8.05,2.491906089642216,8.0,12.95,13.0,1.0,0.0,0.0004975980099152366,24000,0.05,0.9,epsilon_greedy,exp,0.6,0.9995,none,4800,True
e1a,q_learning__b04452dd__s50,q_learning,b04452dd,50,15000,27.773096925000573,completed,17,3.1661332884134867,430833,"[-0.39306251443526713, -0.8258504547266934, -1.2195375327731541, -1.5978825441869746, -1.8741720621533349, -2.2281379757069346, -2.5344228169620147, -2.8641094324682626, -3.1488389787602182, -3.392879279681984, -3.5898415884801564, -3.7868364774644, -3.9288238573758667, -4.039590932587705, -4.119540574984847, -4.155390113543416, -4.1742297045268, -4.158179648837916, -4.142058779987269, -4.12145320859062, -4.101471080156616, -4.080632904794455, -4.047235979694022, -4.0149091243565325, -3.988207362396465, -3.972705019304606, -3.9323876921649683, -3.8998241196498684, -3.843063372928527, -3.7993033400822256, -3.7620218940403207, -3.719301918663755, -3.6778099455907753, -3.623344345326552, -3.5972147973941335, -3.569737743622042, -3.527867662696692, -3.503345732599374, -3.463680133438911, -3.434642228382982, -3.4030587019835883, -3.375118040600389, -3.3491514878894733, -3.3213588939834042, -3.286298160632055, -3.2476279152675835, -3.2328440872293225, -3.2099664603736633, -3.1910840857165796, -3.16338830692526, -3.130694533326712, -3.1048221685590103, -3.0851539063201465, -3.0656384051183627, -3.0439162814297096, -3.0246526854429243, -2.9989979978045245, -2.981455833024967, -2.953170147143424, -2.92262175560687, -2.902672648936769, -2.886080332370395, -2.8679692269349437, -2.8475150965409908, -2.822133211309101, -2.7959420526792065, -2.7818457851496916, -2.7552714994490177, -2.73393783317695, -2.7157680067700003, -2.7014576972396727, -2.6857569813979367, -2.66743705000218, -2.6524605249704676, -2.630402564119676, -2.6153068189276802, -2.5971862029360926, -2.5841606025124793, -2.5681963431566204, -2.5562696495180357, -2.5429967018362882, -2.5360604196342176, -2.5224283711649496, -2.502939374551313, -2.4854574507171336, -2.46827918949177, -2.4549272229714942, -2.443492840926624, -2.4238479985304227, -2.4111223516151106, -2.4026952417139813, -2.3955607012497975, -2.382071088814945, -2.3709626062384235, -2.3623081065172027, -2.3546932381919143, -2.342723375292212, -2.335170590978352, -2.3246670369779947, -2.314663040110801, -2.3049431358683155, -2.2902012883512395, -2.285361358669093, -2.27486666920177, -2.2678920271112615, -2.257013561683507, -2.24803072341663, -2.2393059080233724, -2.2284850109715166, -2.2200618102840908, -2.212427554092588, -2.202231782938971, -2.196915087591977, -2.1902773170877636, -2.1820660584522185, -2.173416963435292, -2.1682242148653064, -2.1628651291773697, -2.1553573742257695, -2.1523513876686056, -2.143122539359673, -2.1371808040503604, -2.125930476220522, -2.121125380478163, -2.1137448692561653, -2.106440534874913, -2.1023330909407387, -2.097669144302877, -2.088703703613908, -2.0862387532018123, -2.0775721327398435, -2.071787835773466, -2.068097680907733, -2.06608686282022, -2.0588638298098103, -2.056607432778924, -2.0520856102318703, -2.0505402638847836, -2.0476911978499115, -2.042560438005263, -2.040593046240451, -2.034369466354628, -2.030721095362326, -2.0296798637616154, -2.0251693163260938, -2.0211631926734146, -2.0149669312744836, -2.0120718934427666, -2.009298110411217, -2.0071980546507886]",8.05,2.491906089642216,8.0,12.95,13.0,1.0,0.0,0.00039991202002056527,24000,0.05,0.9,epsilon_greedy,exp,0.6,0.9995,none,6600,True
e1a,q_learning__b04452dd__s51,q_learning,b04452dd,51,15000,27.905140136999762,completed,9,3.225073642570042,430641,"[-0.3748384141363366, -0.8482637652559666, -1.2966842678848025, -1.6862746984215369, -1.9363706879182376, -2.262095037353577, -2.5520719942790744, -2.9134958349709086, -3.145617616590427, -3.3883710157982003, -3.579479674312613, -3.758286340968889, -3.9462434044850876, -4.081824208669015, -4.194691441408134, -4.224333871121713, -4.242369463906204, -4.228924856738414, -4.188384264360518, -4.171097512017039, -4.115397785196803, -4.070749797950075, -4.04186904182976, -4.0251167231122045, -3.9755665118111208, -3.9545444296508725, -3.9220625184686173, -3.892984073565493, -3.8738180311981436, -3.851087319576886, -3.83736152140722, -3.7977111692318517, -3.7585140994987176, -3.729480825794296, -3.6897368521558884, -3.6443795566644757, -3.6121571098608443, -3.561446594186228, -3.5181065912348646, -3.4518668494067146, -3.4228351458816393, -3.392994118667999, -3.37180670434539, -3.3423943479844804, -3.320199963584343, -3.29497839837906, -3.2684057844079817, -3.243126214204015, -3.2075263339219044, -3.1883530384246397, -3.1707652309288124, -3.165150262760273, -3.1461075580887856, -3.123288510847403, -3.0954652428511613, -3.058950262957474, -3.0241376366769925, -3.0043233911321474, -2.9823882918071916, -2.9584342615992565, -2.9322445483785855, -2.915939496171727, -2.890328408143024, -2.8797983174460344, -2.8526874555660027, -2.8308909853675472, -2.8013359253342625, -2.7852339622023417, -2.7681960668856176, -2.7552212958248146, -2.738219935866319, -2.7197867986898023, -2.711400872971537, -2.697363602534265, -2.678330729925466, -2.6645179298594863, -2.6443476815776625, -2.625522097614461, -2.610187412097827, -2.590922671880747, -2.5693913538663007, -2.555496343680141, -2.5478293486241492, -2.5367190278529557, -2.526913566106025, -2.5155429015963957, -2.498702272579695, -2.4850444518749684, -2.47032481213278, -2.4551740930662898, -2.442855083320963, -2.4373227321810336, -2.4229023952593782, -2.406773727364953, -2.3977756931426994, -2.3900758451338318, -2.3760166096617383, -2.373664473005723, -2.3591654433794456, -2.3543996447355116, -2.3396676759614286, -2.3267849197459842, -2.3203134614580714, -2.305812040848673, -2.3032960859350733, -2.294890241618323, -2.287864966894674, -2.280085211555951, -2.273648215713299, -2.2641238126319516, -2.257695010537852, -2.2507193321146497, -2.237585839976386, -2.228414829431532, -2.2200525948895424, -2.2182506812150193, -2.2105649730796615, -2.2078569428249106, -2.197586363175821, -2.192873914969864, -2.1920757839178955, -2.1865297866599827, -2.1820746070655437, -2.1783796077016597, -2.1707261099552815, -2.1623214736599934, -2.1607767587196034, -2.154209376283545, -2.1523871075470775, -2.1495130822093373, -2.145286615637496, -2.1428572159831045, -2.13963933399875, -2.1329714386985166, -2.127275415045905, -2.118663877473182, -2.1168952572824646, -2.108103554846222, -2.103733723560026, -2.0993273268458217, -2.096682017548515, -2.0915694670381937, -2.087355204112527, -2.085126406086732, -2.079791526606432, -2.0774320528019916, -2.073591308768994, -2.0727022080645545, -2.068352806049558, -2.0676884221279423]",8.05,2.491906089642216,8.0,12.95,13.0,1.0,0.0,0.00046869202005836994,24000,0.05,0.9,epsilon_greedy,exp,0.6,0.9995,none,5700,True
e1a,q_learning__c0df834a__s42,q_learning,c0df834a,42,15000,22.39414971699989,completed,68,3.2201863300125972,336310,"[-0.952357817922568, -1.9214638009008527, -2.796571314331759, -3.3770403599151817, -3.8988992728669682, -4.143461059877421, -4.0694758045711925, -4.040323539173796, -3.933433876366915, -3.740881520412936, -3.602846214153499, -3.5113601178048617, -3.3295174638365577, -3.196918271494677, -3.0421566184341553, -2.908002188219063, -2.798309734165113, -2.678804662458497, -2.5999534273736606, -2.4955728485862596, -2.441662781763376, -2.3809455135424864, -2.314263993953642, -2.25580232434229, -2.225831716422119, -2.1925634240104963, -2.1428876507905668, -2.0890848474225936, -2.04378599200343, -1.990316891670959, -1.9808364809416497, -1.9281289676087723, -1.8797795564790283, -1.8697000745234729, -1.8451396166071325, -1.8272106791468514, -1.7874220239524736, -1.7863072989606, -1.779596445285273, -1.7605046789715098, -1.7409977502280973, -1.716600794153091, -1.7025716223841616, -1.6887048709572772, -1.6704064354142598, -1.6534182616718716, -1.641815464842709, -1.6326478301356482, -1.6229165300654878, -1.6147279361277782, -1.6073813849661218, -1.5974909589977613, -1.592511042273477, -1.586542805794766, -1.5806924566022331, -1.571720450939289, -1.5701786507590685, -1.5651724251293673, -1.5649619875108416, -1.5586834867275383, -1.54502639201719, -1.5408011849311747, -1.5385960516807853, -1.5266132192035438, -1.5236046225371906, -1.5153837703859248, -1.5125037303306486, -1.5082674653722041, -1.5052881017586093, -1.5031988988911518, -1.503130104891303, -1.5013684852829259, -1.5002776608953947, -1.498527956433887, -1.4971810679485118, -1.4964850776148428, -1.4956816565105813, -1.4934775146058976, -1.492865260668163, -1.488862539685144, -1.4885180467763126, -1.4860606503387683, -1.4854325592158388, -1.4849327758748336, -1.4830575856749215, -1.4807145638000876, -1.4806329996047871, -1.477817146778116, -1.4761639256245342, -1.475406816598008, -1.4747408283885561, -1.4745567975312908, -1.4722153382956669, -1.4709609046370007, -1.4700943588529962, -1.4685720229187675, -1.468568657602338, -1.4674934244180935, -1.467105435493188, -1.4659041326764843, -1.4645769068652528, -1.4634069535510972, -1.4624702221358012, -1.4617035141812151, -1.4616256675088168, -1.4607069711072864, -1.4597544746573397, -1.4590090866385084, -1.4589960719452406, -1.4589932059806616, -1.458888109319377, -1.4573884750409882, -1.4570899609521417, -1.4570149343405063, -1.4568188527314285, -1.4566615868890092, -1.4565578185356811, -1.456172916483566, -1.4557794879914274, -1.4554697217246322, -1.455311720794005, -1.4548614738111112, -1.454217086551767, -1.4540208893013546, -1.4535897427106181, -1.4534236325162124, -1.4532039315166325, -1.4531385704411475, -1.4531383410003926, -1.4530781973006246, -1.4530781937689723, -1.4527847066393096, -1.452623880488644, -1.4524821360711018, -1.4522382692689526, -1.4521343693978221, -1.4520716554023165, -1.4518253003307093, -1.4517640844099156, -1.4516689707073602, -1.4515592064475649, -1.4515362655328397, -1.4513766501224956, -1.4511538698091189, -1.4510944273065511, -1.4510799571575776, -1.4508510294073902, -1.450837751393926, -1.4507614008730507, -1.450584074576213]",8.05,2.491906089642216,8.0,12.95,13.0,1.0,0.0,0.00039872603994808744,24000,0.15,0.9,epsilon_greedy,exp,0.6,0.9995,none,2000,True
e1a,q_learning__c0df834a__s43,q_learning,c0df834a,43,15000,22.664364446000036,completed,17,3.039342034059346,337995,"[-0.8682357866149621, -1.8516364860391954, -2.6692921335611173, -3.4826922871155137, -3.9661565710290594, -4.210707081268326, -4.155653764708415, -3.971606925904242, -3.6861378657831354, -3.5668565430179933, -3.411034622036541, -3.2174752079458737, -3.0952315776202775, -2.974960936625459, -2.843043268690957, -2.6455469499435242, -2.4870540779279375, -2.362441451879298, -2.26344244439044, -2.1942860070161867, -2.101380151103685, -2.0475451949922125, -2.005792887045693, -1.964625996776382, -1.9397594954888462, -1.8735509342123564, -1.8470795622347909, -1.7889608186845016, -1.749225531739014, -1.7228916099466685, -1.7055988685602472, -1.6751872831387045, -1.6703380929356006, -1.6460445935851062, -1.6199693680151186, -1.592810270301441, -1.5863831655647587, -1.570587794614015, -1.5582008493430783, -1.5431014421664269, -1.5325552576322783, -1.5287861908534888, -1.5036919903361985, -1.4907675816476933, -1.4757134662262699, -1.473601111947301, -1.4654511981678588, -1.4508465359504945, -1.4442946479010874, -1.4347120022251056, -1.4317942720499557, -1.4231598325543793, -1.4133830355197492, -1.4066842403975957, -1.4024096914411122, -1.39676895891924, -1.3943125887918968, -1.3906564529296486, -1.3866425033532084, -1.3794824402397394, -1.3757861415442265, -1.3698031358874503, -1.3650967112594912, -1.3601618073497517, -1.3586703222184766, -1.3540949880963289, -1.3538463233826608, -1.3519796542143603, -1.3489132503295356, -1.3459420258982069, -1.3417005565807634, -1.338756909499527, -1.3378300497446933, -1.3353866679169064, -1.3346213952236177, -1.334180845172093, -1.3333167622883233, -1.3319434040793006, -1.3309861860705265, -1.3273166111304222, -1.3270206183720816, -1.3263415233380267, -1.3256472469332883, -1.3248246775132941, -1.3233642491130788, -1.3201593392210151, -1.3198883957220464, -1.319153085270706, -1.3182405910805837, -1.3182400860447965, -1.3169012507598254, -1.3168996547181602, -1.316186797022988, -1.31528937466508, -1.3150176742910475, -1.3148877831210335, -1.3147601290596636, -1.3140217424815126, -1.3128181575843023, -1.3113691196319024, -1.3111340607160025, -1.3100317396116796, -1.3092258294821952, -1.308241932701947, -1.3079902928708453, -1.307497446979288, -1.3073158152364948, -1.3070202097583599, -1.30676891277688, -1.3066322709631146, -1.3062103799050904, -1.3060940601722162, -1.3057130450014591, -1.3053398880330322, -1.3050140510225563, -1.3047399238517252, -1.3047397205859932, -1.3043975459136106, -1.304169286456011, -1.3040279781694226, -1.3039805786735423, -1.3039452732479966, -1.3038211559737183, -1.3036482793699133, -1.303587237213457, -1.3031722753724169, -1.3031339303215754, -1.3030570822376646, -1.303045842619692, -1.3029943270006394, -1.3029320420920025, -1.3027230336483802, -1.3026670283347253, -1.3026057914471414, -1.3026057706327083, -1.3026057681691166, -1.302542083811595, -1.302478116505379, -1.302461584301092, -1.3023543783667444, -1.3022283753299597, -1.3021617842320061, -1.3021405849606467, -1.3020845851247753, -1.3020359760062372, -1.302006604548396, -1.3019914530567358, -1.3019467843940802, -1.3019298750247803, -1.301923017785312]",8.05,2.491906089642216,8.0,12.95,13.0,1.0,0.0,0.00046739605992115687,24000,0.15,0.9,epsilon_greedy,exp,0.6,0.9995,none,1400,True
e1a,q_learning__c0df834a__s44,q_learning,c0df834a,44,15000,22.93679259199962,completed,45,2.734958866235469,340097,"[-0.8076516358881805, -1.767915280926174, -2.610265909921853, -3.2668444750344023, -3.926085042488455, -4.068535284767732, -4.072771176505294, -3.894740477701091, -3.8817162530825846, -3.755942858514226, -3.508625379920917, -3.3925123390376934, -3.265307820226278, -3.149492334024771, -3.0126557392678084, -2.8983426548199214, -2.7894103409128337, -2.6378007649849757, -2.5210515510628584, -2.4322988556699263, -2.363336045396622, -2.291361620528619, -2.238130264429558, -2.202778789375676, -2.1462368590983973, -2.107196999365891, -2.0298711973782417, -2.0022712102705102, -1.9533492831482788, -1.9238038303577805, -1.8901666256081022, -1.8714034519881297, -1.8480490681228803, -1.8282109485127789, -1.8250284889659345, -1.793284665470476, -1.7736380411718453, -1.7549307089588106, -1.7353689263379204, -1.72674299020742, -1.7128390845319248, -1.7064082949818145, -1.6867915305697756, -1.674250699357479, -1.6388819163657664, -1.6168895661153924, -1.6130132473736196, -1.6057359084021101, -1.5990662300695182, -1.5954336229864046, -1.5950523876668872, -1.5868905478288677, -1.5847243070994101, -1.5811269676955733, -1.5740201740204185, -1.5642027042035305, -1.56273686940494, -1.559621804053503, -1.5478527103026984, -1.5418698734101943, -1.5376991574873276, -1.5314549926041605, -1.5242940402782679, -1.515991794392869, -1.5091241026677618, -1.5041912934412471, -1.50160139451094, -1.5004857599242605, -1.497875413751325, -1.4958961324876852, -1.490041935258386, -1.4876726537411817, -1.4876557410556055, -1.4850429834140457, -1.4802135691420066, -1.4779269549251226, -1.4767760298533337, -1.4762044796771319, -1.4744108323187781, -1.4739553480079648, -1.4732761993793975, -1.4716264546497513, -1.4704301198787884, -1.4700933640600558, -1.4689802842597528, -1.467257864264624, -1.4666804828978484, -1.4653746258062046, -1.464183440786223, -1.463709485021442, -1.4622610407745233, -1.461801680596414, -1.4608609373806332, -1.4603975692872302, -1.4602822455028022, -1.4601860665642339, -1.460153661743209, -1.4600622559577578, -1.4595670677195105, -1.4593427383080662, -1.4593411212598955, -1.4586133695100563, -1.4583717052969025, -1.4574799619832246, -1.4573787623854288, -1.4564283278333157, -1.456253361123156, -1.4557194775344382, -1.4553398824611299, -1.4549855097340252, -1.4548393227724326, -1.454741514094358, -1.454559165632253, -1.45424210972478, -1.4540734941319087, -1.4539526021577118, -1.453931692569877, -1.4537407898917534, -1.4536872756592278, -1.4536503221633448, -1.4536503120782693, -1.4534408767399356, -1.4532082039160175, -1.4529706458300462, -1.4527666645719584, -1.4523162137893024, -1.4523135838159387, -1.4522937622234982, -1.4522557106009473, -1.4522048681215851, -1.451907584934641, -1.451800668909644, -1.4516086155459087, -1.4513788211716203, -1.4512801926921075, -1.451269878542692, -1.4512139289384003, -1.451123657326272, -1.450826422264928, -1.4508254259360913, -1.4507293719136745, -1.4506932538701744, -1.450602186178583, -1.4505316222403357, -1.4505188496352972, -1.4504080995936286, -1.4502142654304382, -1.4501295429642445, -1.4500952356087553, -1.4500702339069445]",8.05,2.491906089642216,8.0,12.95,13.0,1.0,0.0,0.00041209205000996006,24000,0.15,0.9,epsilon_greedy,exp,0.6,0.9995,none,1900,True
e1a,q_learning__c0df834a__s45,q_learning,c0df834a,45,15000,22.783406001999538,completed,30,3.2167530212933664,336195,"[-0.8634383575236826, -1.9950495110948803, -2.897503117002037, -3.4355440780643764, -4.078797010026796, -4.357620082194699, -4.295588266016963, -4.110712400249696, -3.8597400425939816, -3.611576021164303, -3.433094268181559, -3.2438532902459554, -3.1593550548286413, -3.0337695648315757, -2.928364765320226, -2.8458320945710933, -2.7210296061262778, -2.650680666588961, -2.507981447463853, -2.389237064800483, -2.317877423975069, -2.283221655511894, -2.213378175722425, -2.18548985240273, -2.130620490818579, -2.0944257697399635, -2.0547344733685695, -2.0082159318108386, -1.985034008807165, -1.9594330159245787, -1.9280034638098504, -1.9092126652671504, -1.8807929843461475, -1.8596291419998563, -1.8470999362051743, -1.828063095700531, -1.8084221551352655, -1.8005485554747749, -1.7915792258484917, -1.7900802568373697, -1.7588336706080254, -1.7538749150050807, -1.7265182420921839, -1.7193125454462825, -1.7086862126844524, -1.6929896623952665, -1.6907716187276465, -1.6889511738671563, -1.6822519343405955, -1.6754438546621384, -1.6632348511147805, -1.653189243303015, -1.6485180657150944, -1.6434935666315316, -1.6338018306517512, -1.6325789333371359, -1.631998524516213, -1.6307680925244177, -1.6280949325098413, -1.6206612994605096, -1.6143880287486163, -1.6129545002772265, -1.6120875843844482, -1.6081170162275846, -1.6058387115803534, -1.6034321124756967, -1.5996743794545796, -1.5972670988152682, -1.59639428268758, -1.5946889823741814, -1.5942313635133913, -1.5934545917248333, -1.589428468691832, -1.5885520209012163, -1.587212548483032, -1.5849064026312862, -1.5833512718131242, -1.582449737771718, -1.5808135722675727, -1.5771493154266623, -1.5765159377379219, -1.576496111170345, -1.5763371919376241, -1.5752770092933426, -1.574927798812394, -1.574266247980813, -1.573762110297232, -1.5727246192610052, -1.572208009892869, -1.5721314153443509, -1.5700646173104418, -1.5692483520599734, -1.5666225100270093, -1.5660138590349375, -1.565174091809716, -1.564836558443208, -1.5646675870700537, -1.5643033145895118, -1.5638600755774756, -1.5634843307939366, -1.5632444071812086, -1.5630663343887972, -1.5629391200470593, -1.5627535094227223, -1.5624946168064617, -1.562454925124996, -1.5624524278937097, -1.5623193561685973, -1.5622768768973487, -1.5622768295415355, -1.562158602083654, -1.5621409463387828, -1.5618614384176488, -1.5614193680016022, -1.5613249562508045, -1.5613245003360974, -1.5611074818217543, -1.561052202737476, -1.5608171501172878, -1.5608001159115032, -1.5608000028168754, -1.5606213152567336, -1.560346833633576, -1.56034663742744, -1.5603325226585867, -1.5599903642456632, -1.559791758049924, -1.5597221540029307, -1.5595053350961514, -1.5593139814146082, -1.5590944764925703, -1.5590693725331317, -1.559004739712454, -1.5589453874947343, -1.5589453607025723, -1.5588951131893864, -1.558830413686214, -1.5588164383338412, -1.5588125491056304, -1.5587600026175532, -1.558705956828156, -1.5586375613860206, -1.5586100881512424, -1.5585616550460402, -1.5585460781187215, -1.5584186810019474, -1.5584020778761059, -1.5583373352579593, -1.5583338572927, -1.5582278763066748]",8.05,2.491906089642216,8.0,12.95,13.0,1.0,0.0,0.00035777604009126665,24000,0.15,0.9,epsilon_greedy,exp,0.6,0.9995,none,1500,True
e1a,q_learning__c0df834a__s46,q_learning,c0df834a,46,15000,22.59669844900054,completed,12,2.9335302964176115,337252,"[-0.8378357835881778, -1.9263744008912778, -2.8012650878768266, -3.5081622384733753, -4.004009908742245, -4.230218566693073, -4.2274340998212345, -4.059177628925541, -3.961521396662376, -3.830405715706283, -3.6986588539266427, -3.561662852098738, -3.4293542946842646, -3.245934047589375, -3.0882453337903133, -2.9612130351284742, -2.8120010472570427, -2.723317120239581, -2.618156035438085, -2.476347926535046, -2.3987632791917464, -2.334197530174696, -2.3044029706545905, -2.249034051237826, -2.198448973909543, -2.157723239557392, -2.110684682121219, -2.069404965757679, -2.0305548132080378, -2.0018748289730675, -1.9573575389432134, -1.9427980722720177, -1.9321057120924343, -1.9066118799352718, -1.8995318597501174, -1.8813547602076002, -1.8559491792613743, -1.8404386845555656, -1.7901912859410445, -1.784862499082519, -1.7801683342436936, -1.7637892062521667, -1.74799815655013, -1.7334692170678863, -1.7326564992571607, -1.718287159046897, -1.714636883219876, -1.7015212271551599, -1.688582398148868, -1.6786346146887954, -1.6642234638176467, -1.6583392816781055, -1.6533559240473577, -1.6529741800163618, -1.643721727153917, -1.6368423058512152, -1.631578806229731, -1.6261123631641563, -1.6254634195900748, -1.6189668841887657, -1.6155664852227334, -1.614154505971675, -1.6095881205908347, -1.6079968201504349, -1.6048665175208618, -1.5991950928508012, -1.5958051606424222, -1.5892877827792595, -1.5869454313860687, -1.5855487200882785, -1.5824693062120556, -1.579500439916625, -1.578370524498332, -1.5764539621134754, -1.5728321620153174, -1.5701757367739781, -1.567167924227205, -1.5637730710797237, -1.5608906837938028, -1.5592151653489144, -1.5582331551103688, -1.557985328146749, -1.5536221279515046, -1.5523954526276202, -1.5523766849091762, -1.552134766052368, -1.5515945311298442, -1.5497446862537836, -1.5491849663750694, -1.5472706910919731, -1.5462488545695166, -1.5456909936689873, -1.5455883814416602, -1.544784313279757, -1.544605086414592, -1.5435690351890055, -1.5430789415744985, -1.542648128850756, -1.5417043764756764, -1.5412604224524553, -1.541259366213624, -1.5410166047185454, -1.5408200881657295, -1.5397884512669164, -1.5396223088402765, -1.538042017571322, -1.5378811198096094, -1.5377193425939737, -1.5374876418901924, -1.5373737831140837, -1.5368130500839436, -1.5367791253852017, -1.536669899299309, -1.5366691396403818, -1.5362531307487195, -1.535854376632802, -1.5357346094590083, -1.5350523146659183, -1.5349096884339406, -1.5344773985059226, -1.534396933230835, -1.5338135272666789, -1.5335434726455044, -1.5332765148476484, -1.5329377016729828, -1.5325710358493574, -1.5324589116326053, -1.5320683538343198, -1.5318314435680935, -1.531751630073411, -1.531705615673211, -1.5316786271570317, -1.5316508773076147, -1.5314493317015234, -1.5313286759002256, -1.5313002288229844, -1.5312896150993092, -1.5312654968466888, -1.531238072824491, -1.5310432938055871, -1.5310023992998534, -1.5308282421035364, -1.530814582511464, -1.5307960636499227, -1.530698823765834, -1.5305747077405356, -1.5305656140204733, -1.5303828240035853, -1.5303289177667234, -1.5301669187392999]",8.05,2.491906089642216,8.0,12.95,13.0,1.0,0.0,0.00040645601022333723,24000,0.15,0.9,epsilon_greedy,exp,0.6,0.9995,none,2300,True
e1a,q_learning__c0df834a__s47,q_learning,c0df834a,47,15000,23.481593435999457,completed,13,3.4977707186149294,339045,"[-0.9636151439854781, -1.9369253392741936, -2.778986551034669, -3.4501645960896363, -4.027347933288428, -4.29388064434068, -4.459887513644523, -4.281521842159935, -4.175052477062101, -4.047110911610011, -3.8604195619252666, -3.6493855364052092, -3.4888132631411275, -3.3838816616890623, -3.228815369177023, -3.1339543460881236, -3.0677610066957866, -2.979783164857904, -2.86601920292872, -2.7999822152369833, -2.7320333492312634, -2.6325728089637987, -2.5354996061789086, -2.4502730516825073, -2.4107540293462293, -2.377921219782525, -2.3494798586328582, -2.306210348101175, -2.234979751324888, -2.1906064658330706, -2.167943159841697, -2.139996658725637, -2.1232153735152064, -2.0880414934092455, -2.0783017509873347, -2.0570837004348896, -2.041876057192582, -2.01088147805411, -1.98684319413802, -1.9745397091783206, -1.9675336502677128, -1.9507376117992683, -1.9397884894561044, -1.9316160526043762, -1.9165288350303935, -1.9128252056625725, -1.9076870607037129, -1.9055330971794406, -1.8931859061254082, -1.892323487767321, -1.8913368462006834, -1.8782572251312806, -1.8644073320824426, -1.852274343348794, -1.849560859720946, -1.8363522060028508, -1.8288806152059245, -1.8251672466748532, -1.820870216239478, -1.8091212251328272, -1.8038200821404737, -1.7957481259667536, -1.7891197643888428, -1.7809083046050092, -1.7774253905521566, -1.772142577310631, -1.7650194043586385, -1.763689177486789, -1.760751993613218, -1.7564166300251165, -1.7545519641344085, -1.7525080695431734, -1.7513677433334975, -1.7508207806725344, -1.7487736064151336, -1.747845201765096, -1.747777545947084, -1.7460076871175763, -1.7434143706214928, -1.7424280595026391, -1.7386902959929604, -1.7377564482726624, -1.7363538224132324, -1.735784573837036, -1.735722309703598, -1.7339845804987424, -1.7327633890347802, -1.728278833382215, -1.7266322658494317, -1.725498539722597, -1.72500781167843, -1.7242119158904687, -1.7239178234358155, -1.723218113564758, -1.723081531776523, -1.7224831334811284, -1.7215565838687727, -1.7200242870813782, -1.718624281384943, -1.7177240567231244, -1.7169613798413488, -1.7164484195238054, -1.7160803664872981, -1.7152376863571583, -1.714661802794709, -1.7138514570163659, -1.7129964877948394, -1.7128326785338692, -1.7125457923624008, -1.7121130347696358, -1.7117208728969564, -1.711445414677821, -1.7112693179355363, -1.7108065892731217, -1.7105945218181084, -1.7099176610260447, -1.7093066106405046, -1.709127159443014, -1.7089667885786504, -1.7088188807561846, -1.7087160156081207, -1.7084371958365547, -1.7082848912067943, -1.7080677668305169, -1.7080084147469836, -1.707814127532235, -1.7076583654417563, -1.7074272342132315, -1.7073519598553886, -1.7072309716966374, -1.7070645988212017, -1.706982817240117, -1.706853543174753, -1.7067060770376874, -1.7065917100165664, -1.7065306576947614, -1.706422369299101, -1.7063732684776836, -1.7062992383772753, -1.7062460652260891, -1.7062459913649637, -1.7062119721961146, -1.7061840358533784, -1.7061580007516308, -1.7061578101842352, -1.7060960006741803, -1.7060926750464787, -1.70605771966774, -1.7060211721869516, -1.7059278881987068]",8.05,2.491906089642216,8.0,12.95,13.0,1.0,0.0,0.00048083000008773523,24000,0.15,0.9,epsilon_greedy,exp,0.6,0.9995,none,2100,True
e1a,q_learning__c0df834a__s48,q_learning,c0df834a,48,15000,24.919790289999582,completed,1,3.1613130183517097,335455,"[-0.8544103092902319, -1.8726828317744781, -2.7154771935307753, -3.4729036577029087, -4.030557991140262, -4.345720865252388, -4.4110815015750084, -4.433746675733876, -4.341746738772801, -4.194842450892326, -4.053495930858682, -3.911058237330189, -3.76308229734845, -3.592754851097425, -3.4820362044523807, -3.3619586325478084, -3.246934484195009, -3.1365595879621098, -3.0066109168889676, -2.9084843339940023, -2.833702308744481, -2.757481523781757, -2.7070092871688227, -2.645510099723552, -2.6069253664646803, -2.5768562921472182, -2.523819571272289, -2.461662051423202, -2.4242009919430103, -2.3953286743661324, -2.365083618525032, -2.341107779077611, -2.3054479540075277, -2.2632298735418646, -2.2436904590262214, -2.2213760048908027, -2.200578805194096, -2.1904259518391593, -2.1748563404445087, -2.164813681031392, -2.160370462583222, -2.1536061318109767, -2.1458517874821594, -2.1309439456101478, -2.1188507551885682, -2.1007239452832778, -2.0962661981624846, -2.0945404315328062, -2.0920609573615874, -2.0764669996397562, -2.075828255215544, -2.062573713331019, -2.0516290378895103, -2.0508003005812143, -2.0461392459867014, -2.045608816727532, -2.040964819349352, -2.0331060383971966, -2.026853283447003, -2.0207054508211515, -2.0096698562789075, -2.006247221350645, -2.0021675459689994, -1.9904716448403532, -1.9841850823069354, -1.9769856989973882, -1.9740458534807481, -1.9705260676436949, -1.9685417999114598, -1.9652277102589115, -1.9630748689469721, -1.9592870831125302, -1.9582128344233083, -1.955667529261999, -1.9522318417213644, -1.9486450615842867, -1.946760811221606, -1.945647162620535, -1.9435364185848905, -1.940539189951449, -1.9401260305012211, -1.9377602005806527, -1.9351136602725174, -1.9343812550275554, -1.9320016740797052, -1.9315992893779004, -1.930257899861675, -1.9298026016789793, -1.9289675874808967, -1.9286819677393667, -1.9276881074006504, -1.9271064634280697, -1.9231905585545703, -1.922944640998564, -1.9220413461906651, -1.9216474793399128, -1.9200164661453383, -1.9191658967389387, -1.9191471412618908, -1.9183884984140103, -1.9178473443123996, -1.9173479782145404, -1.9162762519121312, -1.915921335688726, -1.9148799159330776, -1.914759966673791, -1.9141178383726012, -1.9133784618281497, -1.912452958766928, -1.9120218596579213, -1.9119501539339179, -1.910692476741128, -1.9102804642378595, -1.909951009089933, -1.9097365352762388, -1.9091073540284882, -1.9090912770644552, -1.9087421291934075, -1.9087280081930622, -1.9081341558447862, -1.908134031110497, -1.9080811893805933, -1.9074079757350255, -1.9072952802166687, -1.9068275963947323, -1.9067703983897095, -1.906108411406976, -1.906073121121172, -1.9058397269282912, -1.9056616309566605, -1.905519435116725, -1.9050034308381847, -1.9048567665660807, -1.9047806494927506, -1.904478475249875, -1.904411362731459, -1.9044106593734562, -1.9042343262039916, -1.9041365965450479, -1.9041311847941729, -1.9039816016151387, -1.9039104708532448, -1.9038201082652588, -1.9035600653434848, -1.9035305067190522, -1.9034780990384996, -1.9034381649116434, -1.903259730528205, -1.9030921909924856, -1.9029532110171627]",8.05,2.491906089642216,8.0,12.95,13.0,1.0,0.0,0.0011721908999788866,24000,0.15,0.9,epsilon_greedy,exp,0.6,0.9995,none,2200,True
e1a,q_learning__c0df834a__s49,q_learning,c0df834a,49,15000,25.84545018499921,completed,52,3.3367049614852067,338418,"[-0.9805081387445228, -1.8447337097897383, -2.842220930638486, -3.555861853775498, -4.149515222562565, -4.551631712681151, -4.627686144361254, -4.5230005331606025, -4.497805573088183, -4.346192704156425, -4.229690157687225, -4.163955968744564, -4.0141583654945485, -3.8671315232957046, -3.7410098713395548, -3.565130495745324, -3.445486066831562, -3.3526775750901496, -3.2608584606205255, -3.145326215187596, -3.0692286867444167, -2.9738103703655843, -2.8746513060333303, -2.831774666156641, -2.7756022531547724, -2.7193959818335744, -2.681777491104012, -2.647633431726304, -2.6279449609976315, -2.58418358772519, -2.564689158953682, -2.539976902549432, -2.5160258019128956, -2.4932658098361102, -2.451163324575117, -2.426354117978763, -2.4035156388776198, -2.383517683561338, -2.37303656856948, -2.345015058310922, -2.326943030241303, -2.303394708697892, -2.2902887413167776, -2.2774538402848257, -2.2418876320009065, -2.2234575649165538, -2.21144059364673, -2.2063275470907806, -2.1958154387595297, -2.1858660338568408, -2.168214984787295, -2.1609642610750033, -2.149169096502213, -2.137113144245107, -2.1342340166872016, -2.1245133738184316, -2.1237979249775227, -2.1186101762719556, -2.115960548727718, -2.1129886125228796, -2.106004162317059, -2.105165365070002, -2.0993478303741044, -2.0979332498241807, -2.0867144477681987, -2.0725708059103143, -2.068688265685363, -2.0672786370856553, -2.0645398869539613, -2.057621570092713, -2.053720455800946, -2.050004079762745, -2.0415502182679193, -2.03620454331425, -2.0335390147732713, -2.0317803400876158, -2.02583817837741, -2.0254463233121123, -2.0235953136438742, -2.016386109304599, -2.0139227481677997, -2.01256820664066, -2.00918612350643, -2.006765334779487, -2.00560521178192, -2.0050611224203516, -2.004652275731863, -2.0036867064224326, -2.000809925157023, -1.9998981696048308, -1.997632743817594, -1.996883363085123, -1.9962011498837302, -1.9959990187065983, -1.9947747282918997, -1.9947181858312437, -1.9944475036762936, -1.9938506495627337, -1.9935490851953745, -1.991852773834495, -1.991554643601151, -1.9908251833442852, -1.9886205375439112, -1.9881866410352036, -1.9864855169327913, -1.9858386893738629, -1.9856581202992565, -1.984471119070534, -1.9835755975404736, -1.9833183085373582, -1.9825502713921404, -1.9812364180276512, -1.9808785346485327, -1.9799401835559904, -1.9796677630924306, -1.9790123951631713, -1.9788032591481537, -1.978487775352604, -1.9783119709581833, -1.9777165622067576, -1.976808653102026, -1.976311760663703, -1.9756724287813061, -1.975406766374617, -1.9752477473733194, -1.9751917323742418, -1.9747061851324592, -1.9745492372973812, -1.9743230850219717, -1.9739017917574841, -1.9737144707654075, -1.973395427964158, -1.9733657381502516, -1.973257824145206, -1.973047484805808, -1.9727803547795588, -1.9726711032912028, -1.9725970067186223, -1.972555114915196, -1.9724861655183732, -1.9724117505408543, -1.9723906500526431, -1.9723167256888003, -1.972244896775935, -1.9722369228627417, -1.9721097747164202, -1.972074533439178, -1.9718947625845074, -1.9718619526180878, -1.9718198778899094]",8.05,2.491906089642216,8.0,12.95,13.0,1.0,0.0,0.0004081229599796643,24000,0.15,0.9,epsilon_greedy,exp,0.6,0.9995,none,2100,True
e1a,q_learning__c0df834a__s50,q_learning,c0df834a,50,15000,25.959236383001553,completed,17,3.364580211556859,337854,"[-0.9874902422002986, -2.0751317657020003, -2.8917178759861413, -3.583438636560653, -4.087495519429188, -4.27392150815717, -4.329896447947819, -4.247431737596241, -4.114511327844489, -3.969251556364762, -3.86532293680262, -3.6990011186985465, -3.5868191675103063, -3.5146771288164884, -3.419911305494816, -3.281424007317414, -3.1247642543248237, -2.9936330492840484, -2.862629548230091, -2.772370002358329, -2.666312546168106, -2.5889429120751184, -2.534520920829046, -2.468044932174562, -2.4030229857880783, -2.354833216749982, -2.3289956650980272, -2.286048364549908, -2.2537927666929263, -2.2087976342597906, -2.1671687407623828, -2.141719910890626, -2.113948202960544, -2.0934945119951527, -2.070656043118282, -2.059525037509366, -2.049093753608974, -2.0338642851944533, -2.017196920822527, -2.005933019831707, -1.9880152197047658, -1.9811730323904266, -1.9774302909530885, -1.9729509102127563, -1.9651327652084696, -1.9559128734362339, -1.949934614096133, -1.9407114839567339, -1.9375391941421605, -1.9324139530371154, -1.9214823097503353, -1.9192040106798005, -1.9106259746733063, -1.9066998811445193, -1.9020264601557826, -1.8974183306495134, -1.8912296000167068, -1.8869699687633188, -1.8837384570741946, -1.8727082948142015, -1.8721279937117876, -1.8699336472690586, -1.8643258451521152, -1.8609929006351997, -1.8595913684995453, -1.8557819964343654, -1.8510516842686442, -1.845734828097385, -1.8424578771377644, -1.8401088737943858, -1.8381422083765264, -1.8362197023919746, -1.8355275681453695, -1.8330924981927645, -1.8328431791465443, -1.829932607797601, -1.8286846582850897, -1.8267190831350364, -1.8255805786571115, -1.8244653303490825, -1.8236625821252253, -1.823372165925786, -1.8223685697886365, -1.821459584049104, -1.8204730049298, -1.8173238019203117, -1.8140872998594417, -1.8124141452834206, -1.8120228987559988, -1.8111106187410413, -1.8094459124794882, -1.80904601575703, -1.8077070873794847, -1.807613641681608, -1.8076115245949151, -1.8074130958562096, -1.8065634326766156, -1.8057177108903928, -1.8056173802533928, -1.8053967913260667, -1.804437374993879, -1.8036383157167548, -1.8031646340604428, -1.803153146419125, -1.8025201727402551, -1.8020028408910516, -1.8018414680376602, -1.8011878622702762, -1.8000112952562637, -1.7994756787686783, -1.7993136284998945, -1.799096521167383, -1.7989225027314542, -1.7983593333980694, -1.797911552358598, -1.7977767122329125, -1.7976060294198724, -1.7969771100295124, -1.7967875611073254, -1.796498968405141, -1.7963726717402921, -1.7960442966686658, -1.7959390644741586, -1.7957960737688061, -1.7957919557184832, -1.7956543816566337, -1.795535605050343, -1.7954785269151088, -1.795345682630688, -1.7952261100211626, -1.7952011372168784, -1.7951523983615918, -1.7949985834624784, -1.7949382354759942, -1.794905942754721, -1.794814427563137, -1.7947439008950035, -1.794722375374085, -1.7947199562240292, -1.7947022024872943, -1.794671841083253, -1.7946572227429691, -1.7946331482758349, -1.7946268906579372, -1.794625925777674, -1.794617148158387, -1.7945421404684212, -1.7945157539014938, -1.7944864708462196, -1.7943942776900073]",8.05,2.491906089642216,8.0,12.95,13.0,1.0,0.0,0.00048746696000307566,24000,0.15,0.9,epsilon_greedy,exp,0.6,0.9995,none,1600,True
e1a,q_learning__c0df834a__s51,q_learning,c0df834a,51,15000,26.9556990330002,completed,9,2.8407041380615476,334329,"[-0.961622399679291, -1.7822196659101548, -2.6526300874467976, -3.303833617921622, -3.893489382185995, -4.052719095744142, -4.023265513332392, -3.913714754603903, -3.7139650954167096, -3.535745800595754, -3.4131325039469074, -3.3255332616413864, -3.2340605281359505, -3.131064282913295, -3.0454456677336705, -2.9642831312080835, -2.9191416418689733, -2.799343828347271, -2.719307100799544, -2.6549492191866886, -2.5991096605610284, -2.547482299729353, -2.5016273225733565, -2.444188234302851, -2.4170364449187045, -2.4085128913108864, -2.370277698690738, -2.3536788119342145, -2.287908191035399, -2.262784420397371, -2.240836310850019, -2.2198244429875498, -2.195459821876289, -2.1757102907644565, -2.168898871820521, -2.1374190034292004, -2.1188336695596943, -2.111876744901711, -2.0994818424962833, -2.0832564948808767, -2.0745112633223726, -2.0647141384506202, -2.0544242398473873, -2.0312320044129586, -2.0166828804829846, -2.0028904060842128, -2.000847483361139, -1.9944069855021946, -1.983245291117505, -1.9761855444384977, -1.9693709848696637, -1.9599033268661663, -1.954677767907792, -1.9420877707461242, -1.9334793805676365, -1.92847128588356, -1.9230619101217994, -1.91588994633048, -1.9089139465526443, -1.9003109305262842, -1.8946494797613327, -1.8916960837041472, -1.888688841827975, -1.8854530638480964, -1.8828103613099458, -1.8824116539472273, -1.8810754910012966, -1.878659909672803, -1.8771422097615693, -1.8768711743407982, -1.8730138601625705, -1.8719071046540818, -1.8690518622298347, -1.8646854403856716, -1.8618704374002661, -1.8610041992528095, -1.8608402272651914, -1.8587485017008498, -1.8557921317391444, -1.8526635520111379, -1.8517212641901624, -1.848370993690456, -1.8457082936132687, -1.845612280100225, -1.8448084238229432, -1.8444263830639165, -1.842822212518178, -1.840649780957994, -1.8398433581726725, -1.8390713161998056, -1.8378092328697775, -1.8372840420398266, -1.836909543127638, -1.836485829129657, -1.8345943357068777, -1.8331731414454875, -1.8328299050256405, -1.8315933911005906, -1.830844271717312, -1.830601500895597, -1.8300626052069193, -1.8289995587687722, -1.8279567764137377, -1.8275924503176109, -1.8269006200310107, -1.8259375734063894, -1.825373278979189, -1.8252950899774263, -1.8250895412846415, -1.8249283107389795, -1.824787511805389, -1.8247840031493399, -1.8246850811150177, -1.8238738088810138, -1.8227763815639682, -1.822774927256688, -1.8223522843538007, -1.822131667820148, -1.821555676239331, -1.8214053543583522, -1.8211462310703364, -1.820606951001588, -1.8202691817477197, -1.8202034885182308, -1.8197996281268183, -1.8197990944099969, -1.8196919478485407, -1.8190794112164532, -1.8186080290018813, -1.818409819906365, -1.818409476778225, -1.8180464122597988, -1.8178217065156206, -1.8175002211036149, -1.8174402721136287, -1.8173207773853768, -1.817297193720603, -1.817236135594734, -1.8172069430727522, -1.8169279486945673, -1.8168281126286003, -1.816697128270668, -1.8166170836910205, -1.8163917499629554, -1.816355063678271, -1.8162558333264935, -1.8162558328941603, -1.8160151211208346, -1.8159920235863765, -1.8159636240391643]",8.05,2.491906089642216,8.0,12.95,13.0,1.0,0.0,0.0005575259999022819,24000,0.15,0.9,epsilon_greedy,exp,0.6,0.9995,none,2200,True
e1a,q_learning__d3223ce7__s42,q_learning,d3223ce7,42,15000,27.127047629001027,completed,68,3.761701742562799,415837,"[-0.3997853250960333, -0.8229422218126814, -1.2541137899786299, -1.7407726583119767, -2.151217219001936, -2.5156388211263514, -2.9185974484937582, -3.2263838823519957, -3.5682785798428664, -3.9120167177699754, -4.242998783402226, -4.405656186661536, -4.556937353343018, -4.681495663105865, -4.693486039298517, -4.705104559814154, -4.6971640468551135, -4.565373894210803, -4.490935584387073, -4.447233724801071, -4.357820236857386, -4.318326585900468, -4.164476355706667, -4.042348166164412, -3.9333893190605176, -3.7649342982844503, -3.630464802265265, -3.4641622787288933, -3.332558333672151, -3.250648156544565, -3.119243547610793, -2.914304515415323, -2.7757122085877426, -2.6461068078263024, -2.454655331550881, -2.264585341878942, -2.052318842978671, -1.9305342917455142, -1.811587453034295, -1.6338495094806542, -1.5058286758025226, -1.292109686925431, -1.1630053283193893, -0.9805649721030416, -0.8283309041258268, -0.7159569425872576, -0.5394292920531266, -0.3943382425978636, -0.29437255434918247, -0.14222084182923828, -0.006282422582303168, 0.07655788909912872, 0.16305762116877995, 0.31378272818913555, 0.46544236687878626, 0.6039076483801401, 0.6718314356247763, 0.7398762992909951, 0.8291334441651278, 0.9182807250473531, 1.0074518433700306, 1.1028843211347312, 1.2309846597187248, 1.3210061990068709, 1.4138589157121408, 1.494236105275616, 1.6093658799070514, 1.6986796415298788, 1.796644852548945, 1.8696000148229481, 1.910703046545388, 1.9947053086063915, 2.068143669891817, 2.132360055393977, 2.187462676902265, 2.2780872074214504, 2.325298307360719, 2.3708542656889082, 2.4549749958457374, 2.531974893670878, 2.558128949455988, 2.588059032357004, 2.6628673173166177, 2.7716605746737195, 2.8204577347205495, 2.8933449893572063, 2.9610537835095943, 3.052019170178591, 3.1055263617807776, 3.1899075073219154, 3.271798270339215, 3.3356891339311603, 3.434899359607892, 3.458442778102808, 3.491058468982463, 3.530922067116563, 3.568377259768605, 3.586500776609097, 3.6433437868328515, 3.7057826414440482, 3.739633916947393, 3.7804394660475205, 3.805890193390609, 3.8592213756455247, 3.9331965206693313, 3.984772551218998, 4.001174146933596, 4.0198921327464, 4.046000988962967, 4.096815855917247, 4.1233633925197255, 4.146749642400234, 4.198801117626216, 4.231658827177823, 4.2579418958399025, 4.279405196531662, 4.305400681210495, 4.324153505120029, 4.350802055677194, 4.366576555668568, 4.386886877253908, 4.407784368292849, 4.432796146891531, 4.441236726805403, 4.462835129159918, 4.487465968912002, 4.511469538450795, 4.524462518061908, 4.538389328175275, 4.574274426518125, 4.584154542536646, 4.601288480712673, 4.611630425370119, 4.628906693094795, 4.637443776048845, 4.666838970112017, 4.688550758974809, 4.719010832349027, 4.723417451689921, 4.747775784767971, 4.768185230053509, 4.7982588197690585, 4.811757710543527, 4.825430677109143, 4.839835862807914, 4.86274216329362, 4.895005254984612, 4.91154441895317, 4.925943603739502, 4.9365622426997176]",8.05,2.491906089642216,8.0,12.95,13.0,1.0,0.0,0.0005033030201775546,24000,0.05,0.99,epsilon_greedy,exp,0.6,0.9995,none,4500,True
e1a,q_learning__d3223ce7__s43,q_learning,d3223ce7,43,15000,28.317010857999776,completed,17,3.309743192454665,418029,"[-0.29167956618450436, -0.6958362081616143, -1.1860355158107942, -1.687575852631063, -2.0874163146817417, -2.5195723967455117, -2.9141815348017177, -3.233330075778057, -3.5775735159823876, -3.892655106326752, -4.150850584471371, -4.350313277705894, -4.430141516631507, -4.466873361384089, -4.509033329771333, -4.543071728917355, -4.5577043938136566, -4.511178222737428, -4.408789723393155, -4.290791016981527, -4.128162411116182, -4.030057712522788, -3.88203435185527, -3.7322749173803516, -3.621355819841219, -3.4951655200406253, -3.318169251136979, -3.175469892073703, -3.0822136541876564, -2.9758179705280505, -2.860424342038993, -2.74549132784369, -2.629668154031363, -2.4365446711160836, -2.329491189953101, -2.1764030590607057, -2.0077292704827365, -1.8238259120003293, -1.6815286180535163, -1.5486639596933793, -1.4235829253135859, -1.2775624062740576, -1.154461933543082, -1.0180258887681168, -0.8773792268817446, -0.7566598640599612, -0.6458906175862712, -0.43948632888742123, -0.3189321359924555, -0.16072701141592352, -0.027661746652243597, 0.13778612794298603, 0.27773447798123035, 0.3883258955567191, 0.49954547568419905, 0.6235789299776713, 0.7547954414176663, 0.9100809730651039, 0.9923382733171893, 1.120313696129798, 1.2382320782161997, 1.347635366700255, 1.4760879379868974, 1.6096725462354091, 1.720501197688315, 1.8312101792587787, 1.925421669980111, 2.0492681240202204, 2.142149496790303, 2.19813700262926, 2.2791988111334165, 2.356998774654046, 2.4317660982470843, 2.494663755743448, 2.5796425513763457, 2.6703902141004945, 2.7292148616950924, 2.820247383215291, 2.883023019672997, 2.9444028970863467, 3.0099696382389842, 3.0413032936901696, 3.084632297356085, 3.1878193488744753, 3.3075418698255756, 3.364011844035455, 3.4104386440625656, 3.4869596070635347, 3.5396186577535085, 3.567618090760179, 3.6065038359545727, 3.696590208692713, 3.736438965104916, 3.79128329605342, 3.821816152399472, 3.8701874218420835, 3.9282628581167254, 3.981073478765806, 4.021658987452316, 4.058781145956646, 4.0907054277388655, 4.144758362735614, 4.163486884504875, 4.1944691460787995, 4.22107326776325, 4.24793025142643, 4.284340012778612, 4.361586480344203, 4.394198958290908, 4.440125109752719, 4.4866454542867125, 4.510605927805419, 4.535906012579683, 4.563680774952525, 4.590308335541736, 4.628238493364099, 4.683263846183418, 4.696315756000131, 4.7356651490226405, 4.764592750921314, 4.796959202914041, 4.838376215865194, 4.879211236342587, 4.90990795628147, 4.924097568590842, 4.960937083785493, 4.98485169718571, 5.001104326198357, 5.012033459820398, 5.0302216285090635, 5.0588346469643595, 5.07830262312307, 5.082956959426019, 5.105559528262446, 5.115152226042144, 5.130776036454107, 5.141951676144493, 5.155495052376447, 5.177307936731419, 5.191157830111163, 5.201239156093493, 5.210993771748936, 5.224228519206905, 5.238900360837364, 5.26134033226015, 5.26400849056876, 5.288144051140434, 5.297662142791862, 5.326515483722008, 5.335525730549099]",8.05,2.491906089642216,8.0,12.95,13.0,1.0,0.0,0.00046255202996690057,24000,0.05,0.99,epsilon_greedy,exp,0.6,0.9995,none,4700,True
e1a,q_learning__d3223ce7__s44,q_learning,d3223ce7,44,15000,28.575353288999395,completed,45,3.460404600621147,416282,"[-0.29654800559686584, -0.7320086065367637, -1.2117786216381539, -1.6251572659238667, -2.0054100500496292, -2.4863714776473924, -2.9087325912880626, -3.2543003671538475, -3.612143706227246, -3.92541411701341, -4.213432381334349, -4.42787506727235, -4.617287837993337, -4.7260358062107075, -4.795898212920065, -4.791145674796369, -4.7785378783086, -4.753730546234057, -4.663116551096194, -4.585721843573235, -4.483727802725829, -4.397866152285038, -4.224304976789452, -4.076103250834253, -3.8949834935454968, -3.6870744883531663, -3.558191829017952, -3.456921746086239, -3.306841290076037, -3.1830801900185537, -3.044578034062035, -2.8933797883422563, -2.724124538023063, -2.515266340163223, -2.362434870840046, -2.185316141097806, -2.014775618550926, -1.8579625264407247, -1.666952844320643, -1.524070150378555, -1.382063698751189, -1.2106378834762979, -1.0478529158961707, -0.8652168035631794, -0.7388725366615656, -0.6564238266414353, -0.5037291141628466, -0.3058362121393525, -0.16813433209921974, -0.012364048293260203, 0.16851530328965458, 0.29378195530960316, 0.42460066016662723, 0.5426945029017475, 0.670620261794491, 0.8044017708037927, 0.9462433622787875, 1.019784747450496, 1.1743121811980857, 1.2415602861518016, 1.3813082200052007, 1.52427889970998, 1.588949131762973, 1.6619756553994391, 1.7199743137688286, 1.8112969470441678, 1.8993055205558411, 2.0087558735480617, 2.0694168767245182, 2.157519407977151, 2.257149485402924, 2.3340593830296803, 2.3941691795629123, 2.472875717418172, 2.5378391473399655, 2.635829310619219, 2.7336213607498365, 2.795879212809198, 2.8517005914852422, 2.9000313655998493, 2.93902604736155, 3.006542323990919, 3.036604679539065, 3.0588484428176295, 3.1131307572654094, 3.18868910616804, 3.2542851687012098, 3.311864794622686, 3.349770105332587, 3.3916606447972275, 3.4357828080310733, 3.4860838336618403, 3.547715040433175, 3.5787692765273387, 3.6112433285488637, 3.6563768066467905, 3.7146680687402647, 3.760613805601759, 3.793234171774828, 3.8288676939035824, 3.8649143420127197, 3.892225896430004, 3.917133414071879, 3.94761525416106, 3.9766390034018864, 3.998635745183812, 4.017255641510949, 4.062807277339633, 4.095753885948991, 4.129271013969436, 4.151903785379151, 4.197795548960505, 4.200858845995628, 4.220648256944194, 4.226361700326727, 4.238410969076532, 4.262722778079793, 4.330631713312851, 4.34050037688448, 4.385713432497434, 4.40831863196166, 4.432823936361361, 4.456481370791143, 4.48344399570148, 4.503613168503166, 4.536212163876767, 4.559612314076543, 4.577046002528907, 4.6024273843473225, 4.615867907751919, 4.6473072610837285, 4.689872009421621, 4.7163418361656, 4.730593661668785, 4.752904494264619, 4.784179682739414, 4.789944392302589, 4.81062705918131, 4.840424743953108, 4.854822232740569, 4.889350546648147, 4.9040506088386175, 4.923922912744432, 4.934141281262155, 4.955951827093146, 4.9737293379484475, 5.007686212516636, 5.01960065168499, 5.038181040139358, 5.04598128696801]",8.05,2.491906089642216,8.0,12.95,13.0,1.0,0.0,0.0005135840300317796,24000,0.05,0.99,epsilon_greedy,exp,0.6,0.9995,none,4400,True
e1a,q_learning__d3223ce7__s45,q_learning,d3223ce7,45,15000,28.402583232000325,completed,30,3.1108037546589142,414020,"[-0.36650690036532674, -0.7768744598928599, -1.257147844919821, -1.710820074797757, -2.120034652862176, -2.5400655888166246, -2.887551435341619, -3.2573985220010915, -3.5775486228241915, -3.838919634277473, -4.079139136313001, -4.270137031868334, -4.438346587451341, -4.523812454219175, -4.5237789078689445, -4.508146132712318, -4.463743093197887, -4.434091249825558, -4.3670890181476505, -4.325359321146186, -4.198199724414902, -3.97710184691146, -3.9154438247473378, -3.69952629225627, -3.533275493902306, -3.4089859777902296, -3.280398549712459, -3.1399223549070014, -2.9942071568643267, -2.828139904806336, -2.687914375951949, -2.593432884434706, -2.4217830266977747, -2.277549484086751, -2.1191962556797836, -1.9586717355630061, -1.7602370552207482, -1.6144045919295036, -1.4743042304951006, -1.3288337717635672, -1.2231527335372627, -1.0881917316719287, -0.9186505077502669, -0.7070344882757378, -0.5559127393737915, -0.4502294315956209, -0.3065567960805719, -0.18462874010643332, -0.06209091937287858, 0.060492969938723815, 0.21212135388060294, 0.3186616844456652, 0.43659693699085506, 0.5435017941150491, 0.6694733249251484, 0.7954292748973231, 0.8855357283469293, 1.0343983648390784, 1.1454193710159344, 1.2730554381059995, 1.3838089768750204, 1.4696038132439115, 1.5674535659278592, 1.63717414795194, 1.7137630920892741, 1.7912387151285987, 1.841217018933548, 1.9513651950888822, 2.0202192014871923, 2.113544460480746, 2.194354806980468, 2.271008501383448, 2.3447312959812785, 2.4111605966663983, 2.4994499781157176, 2.58625309769369, 2.637574874565677, 2.7335264277276363, 2.8164763403756807, 2.860662443908384, 2.9375248714826836, 2.99769538291813, 3.0458538784525517, 3.081692733283818, 3.1259700368923613, 3.191484815102003, 3.239675600110482, 3.2818229545748654, 3.316666610972867, 3.351752186888336, 3.4155764626731564, 3.4335726559788986, 3.4944134735867802, 3.5636639207013925, 3.577809723911103, 3.6190291876021354, 3.662071783154213, 3.680830656993321, 3.7250530641642174, 3.7568519044640505, 3.8025723760631553, 3.834870451669352, 3.870295436046828, 3.8937488022692155, 3.949641564954056, 3.964076054396569, 4.0328936452774435, 4.049656669010873, 4.081699593990921, 4.0904221122021935, 4.130482469531207, 4.163679403110368, 4.221249302857982, 4.251443217395184, 4.28770884627089, 4.2973801869956105, 4.352577480115234, 4.38235886191459, 4.403224682351939, 4.429159389039737, 4.463114043372253, 4.478684709006381, 4.507637686042882, 4.516739019661406, 4.52644239449088, 4.547264605338355, 4.581267650418735, 4.607253638529798, 4.649440958067531, 4.669897004948288, 4.694202023674835, 4.697419358537165, 4.719263075442516, 4.731735816451522, 4.75198056935326, 4.7731804854025865, 4.809998799787039, 4.835561511396459, 4.848285058431669, 4.8715943177615575, 4.8848043259359875, 4.898318022591707, 4.908666049214842, 4.922411188100258, 4.939507019030261, 4.967102674054066, 4.974936961550061, 4.9931038952805125, 5.014123216913827, 5.032968433212886]",8.05,2.491906089642216,8.0,12.95,13.0,1.0,0.0,0.00037990901992088764,24000,0.05,0.99,epsilon_greedy,exp,0.6,0.9995,none,4600,True
e1a,q_learning__d3223ce7__s46,q_learning,d3223ce7,46,15000,28.070690422999178,completed,12,3.7815340802378077,418094,"[-0.41078365403033856, -0.8664898585870547, -1.335553914980282, -1.7724854869161677, -2.1298429053311394, -2.491273760736445, -2.8452541871991555, -3.2238050864198615, -3.550751989090806, -3.8549087013441583, -4.138370935380432, -4.415959938752948, -4.612948146831787, -4.778946024877296, -4.825364723832497, -4.849975748866387, -4.8464293842138755, -4.785415628647532, -4.7065144075730405, -4.584290293618038, -4.474207653273217, -4.407262721035656, -4.280437833391457, -4.203021730197242, -4.086002089480497, -3.971916634289807, -3.873053332843738, -3.7589791558574674, -3.627343409989346, -3.4717320516168346, -3.2613799686357514, -3.114262281795489, -2.911337054904442, -2.7119260818403013, -2.5202723658275112, -2.3682367524692576, -2.2131634741296664, -2.0165745503989663, -1.859791203154284, -1.711886864127272, -1.5679694646738083, -1.4133808675730877, -1.234774283213587, -1.017945310229103, -0.8170816866190942, -0.7155818793125982, -0.5948078539541838, -0.43373296188744764, -0.31330510271361783, -0.14268967919801226, 0.015170809201486701, 0.13794861834584624, 0.3007741330488293, 0.3856087743221116, 0.5595710162740292, 0.6718172660979441, 0.8090003865547033, 0.9027262151406463, 1.0788281088501204, 1.1768403443460784, 1.3115053850413472, 1.4284409858789215, 1.5702445320468281, 1.6503938172742254, 1.739453474317486, 1.8542637600950167, 1.9654679787466398, 2.065468775353226, 2.174971234044185, 2.2648751839735026, 2.3419375733374332, 2.432636203951112, 2.4906202790574836, 2.5757948213075315, 2.6688469918762334, 2.7258725956978185, 2.825224094861508, 2.8727071931561645, 2.929951712059378, 3.0194188171789684, 3.0693487225441176, 3.1405163195442465, 3.197507798192402, 3.2684350954922583, 3.3042541147591544, 3.366752611521281, 3.4197067390643676, 3.458777434787635, 3.4715229247106194, 3.4836289611710116, 3.5469370144039853, 3.5732527058648738, 3.6330897873381516, 3.6693054180157247, 3.70013932899528, 3.722937625353987, 3.756089640375346, 3.8014867259428895, 3.8595019547395832, 3.903932645229175, 3.9718019157086273, 4.009801948269813, 4.0669830171967245, 4.109559431950864, 4.160985639478362, 4.207386856054403, 4.236310275072106, 4.276609292288699, 4.320500590865799, 4.347692003501661, 4.380529960013584, 4.40213839073762, 4.430941353637738, 4.44400471673793, 4.467262157028751, 4.481822057018664, 4.510590560876191, 4.543156924623643, 4.554153603582523, 4.594627708838657, 4.628289691847105, 4.6519701620682055, 4.674123967427258, 4.696152493040554, 4.708473273539732, 4.74631788872279, 4.755318042365647, 4.763136609615026, 4.78932767249734, 4.801711998346423, 4.83351157647894, 4.847366769568757, 4.870308772575995, 4.898278568042011, 4.913103020019223, 4.931894118646755, 4.954233167403514, 4.996991991613828, 5.008050249215857, 5.03074770132449, 5.037399509044462, 5.043354258312873, 5.078928248714698, 5.105635881017548, 5.119168695322011, 5.141141739450836, 5.156676652826071, 5.15835097772332, 5.162061648131029, 5.177050712127639]",8.05,2.491906089642216,8.0,12.95,13.0,1.0,0.0,0.00034957999998368904,24000,0.05,0.99,epsilon_greedy,exp,0.6,0.9995,none,4700,True
e1a,q_learning__d3223ce7__s47,q_learning,d3223ce7,47,15000,27.570886101000724,completed,13,3.436204301260331,412532,"[-0.3557641747237129, -0.9027783007497158, -1.3231936566094973, -1.7381819240394167, -2.0818710622238856, -2.479218568224205, -2.861030333094248, -3.266067817497922, -3.6261864352890005, -3.916137801314059, -4.177073404974199, -4.421953818358599, -4.5670354232714105, -4.6386272340515236, -4.634384355038344, -4.643989580799789, -4.631209366747657, -4.564260905049707, -4.555072823315667, -4.459345358406735, -4.319714445367135, -4.144261067593037, -4.046670716524764, -3.941212616677259, -3.8428349187824558, -3.708272390899524, -3.5973853037168717, -3.4245192374236804, -3.2904094891974993, -3.129898241471547, -3.019552894844694, -2.9211649179976855, -2.835735078631749, -2.705221353799944, -2.554290110063651, -2.409811358999183, -2.2470568195722525, -2.1276846097302764, -1.9852122755119521, -1.8723662931911471, -1.7248442493270493, -1.5851070427749683, -1.429782910414175, -1.282878105161297, -1.1686225019135899, -1.0448648669333056, -0.8866621543703717, -0.7674330235900351, -0.6573697816366718, -0.5485364669770542, -0.45335748750139687, -0.30561990249762666, -0.12976108652473478, -0.021652831890390446, 0.07853670922143202, 0.20520599899653097, 0.3364613325568245, 0.44647157176109353, 0.5269203405962175, 0.6307324574306804, 0.746461969280615, 0.8139867964535912, 0.9038011603217406, 0.983368816252014, 1.058537494226798, 1.1809690978699308, 1.2385796736955754, 1.299218742485362, 1.358617383075867, 1.4415326788059846, 1.5273566605276347, 1.60389298046299, 1.685351502299291, 1.7602855769832257, 1.8079252361291118, 1.8907474786878604, 1.959729543983381, 2.0273956969311264, 2.0765837133753644, 2.1338259127277497, 2.2292173841918856, 2.317077585591436, 2.3661240223687083, 2.424067894447198, 2.4848417815306716, 2.5338875811456396, 2.620008766338471, 2.648376233130421, 2.6776401400328766, 2.741502831293436, 2.7793943240811023, 2.8253204850320706, 2.879265140921886, 2.9456911342834857, 2.9955238660990036, 3.0170101745599123, 3.0780791365087774, 3.1740286316494224, 3.241164497842083, 3.2618513502416357, 3.290123060147671, 3.3286810491295133, 3.3581770980094965, 3.416610803708861, 3.44248732542556, 3.495451876226834, 3.5648837027490052, 3.59541475061903, 3.6260680609539877, 3.6708141740345828, 3.694687137557513, 3.7259984482531947, 3.7527814206985983, 3.7843357352950924, 3.823193561629917, 3.8481341561821845, 3.8714966282634697, 3.893755324856441, 3.9099468463513243, 3.9554684393410415, 3.9856483329303365, 4.020742646804864, 4.078626266242674, 4.1335130234038395, 4.165818717951078, 4.186805004262675, 4.221983128470191, 4.247444910376125, 4.294038219025157, 4.298365174319601, 4.3258721206288575, 4.349859599824348, 4.374590023699075, 4.383503092683852, 4.402936896247642, 4.419274149908887, 4.443307645048494, 4.4550722456873135, 4.5033438551164915, 4.519317946051373, 4.547365891800377, 4.567331194802017, 4.6066380047682385, 4.628564108831596, 4.64632546922718, 4.661880521247951, 4.682914733373334, 4.707230726230695, 4.717759562715089, 4.727943671589453]",8.05,2.491906089642216,8.0,12.95,13.0,1.0,0.0,0.0004729899998346809,24000,0.05,0.99,epsilon_greedy,exp,0.6,0.9995,none,4100,True
e1a,q_learning__d3223ce7__s48,q_learning,d3223ce7,48,15000,28.794885269999213,completed,1,3.3413171055737885,414995,"[-0.29390662556087926, -0.7223350088305419, -1.1925789709606494, -1.6323641719211335, -2.029665613961513, -2.4861443141650965, -2.8924321335998835, -3.2106546780515126, -3.579799301866499, -3.9077693421025406, -4.145038325137969, -4.416572216867594, -4.632177496921866, -4.785112385574001, -4.865611653153342, -4.911781247927051, -4.929149102244134, -4.898332837343409, -4.849064662497568, -4.827947097954787, -4.734158710035964, -4.6392477529587905, -4.530522557765595, -4.386906701090337, -4.284114954267658, -4.0978197243888435, -3.9513786071123596, -3.7756378002919204, -3.5979711246517803, -3.426676307194573, -3.2597287382330418, -3.0902413772028203, -2.9711323206252316, -2.8564199694882557, -2.6856016595371455, -2.5740346278749846, -2.409415554380516, -2.2593927913706033, -2.1684386940813933, -1.965891289107474, -1.7761016937587615, -1.6756632545911399, -1.5386057481280713, -1.359434733440468, -1.2057025777342263, -1.0605869877547878, -0.844982243280999, -0.7427840911694147, -0.6482805064354588, -0.5245409912842743, -0.4154608770556331, -0.33081240962524733, -0.20510166272522667, -0.07632487013680306, 0.03335924369417009, 0.15077409330736297, 0.2495454459845143, 0.38154794199290265, 0.4971013121348361, 0.5848720381319159, 0.6356666486373537, 0.7399827947312194, 0.8103457882946797, 0.8919842861105955, 0.9546544494848896, 1.068566663580338, 1.1672831647973776, 1.211936125273932, 1.2614359083476683, 1.3426489021725616, 1.4054376442527805, 1.4734389810517, 1.5449947089283829, 1.5571133397206862, 1.6612117908023798, 1.738713961517441, 1.7831489369808262, 1.830046202926701, 1.9045524310069195, 2.0020277138959055, 2.1039427953679466, 2.184778543187028, 2.22763668730076, 2.3042808484777257, 2.377703900617497, 2.4243848058673705, 2.4767855078655523, 2.5113046888497594, 2.5624109888512896, 2.6127990714859695, 2.658313186503648, 2.7225865741317024, 2.764047330053406, 2.833396370962203, 2.8730872212698557, 2.922899587595618, 2.9598181035483804, 3.024627121930697, 3.0677338933443243, 3.1207066477661773, 3.1872984912966, 3.2257948005615567, 3.2740979421756786, 3.3398718667953644, 3.3665128956195622, 3.380703797164147, 3.4336896280775093, 3.477389298640961, 3.5043013635168574, 3.5309195722765834, 3.5792846384588013, 3.6236346521326457, 3.671267771502469, 3.7058459422868233, 3.72816747830574, 3.738515257409038, 3.7582130177622237, 3.775484510952373, 3.8059544602205997, 3.839890497986724, 3.8603912241174982, 3.885968876342628, 3.8924380617155303, 3.9295014181047363, 3.9554312180177233, 3.9681896842942566, 3.997164297712872, 4.017635807147738, 4.03711877088521, 4.046024328902451, 4.0731220614086086, 4.088225139194289, 4.1134681960773225, 4.14314812757369, 4.1572656749504295, 4.1844423368556605, 4.20309839783597, 4.226421964696353, 4.24322527135297, 4.25420552642415, 4.261888698361792, 4.301603472204068, 4.339027459972945, 4.350017449053316, 4.357747730759454, 4.379820577688875, 4.398177520251907, 4.415859952869957, 4.452842338755612, 4.482985189692408]",8.05,2.491906089642216,8.0,12.95,13.0,1.0,0.0,0.0003397489999770187,24000,0.05,0.99,epsilon_greedy,exp,0.6,0.9995,none,4400,True
e1a,q_learning__d3223ce7__s49,q_learning,d3223ce7,49,15000,29.190417384001194,completed,52,3.5681367686791376,415250,"[-0.36936018441004287, -0.7956926391392319, -1.272111809937708, -1.7027168816717697, -2.143066681681999, -2.5389917746982613, -2.9462697380469374, -3.3216363122074406, -3.65439625163797, -4.001140219466335, -4.297551191522163, -4.587943928544801, -4.766360547123598, -4.932528174794113, -5.0298280744207835, -4.984641335847464, -4.955268284986995, -4.882597007089127, -4.838221192686679, -4.7316544857559695, -4.639205892014178, -4.575883927245201, -4.4527528119619895, -4.340452049352391, -4.233419535036069, -4.092033456463025, -3.925712292433938, -3.812594804858358, -3.6840992619110042, -3.509937950779004, -3.3594833597305693, -3.211885658191813, -3.092509482526786, -3.0089291913061413, -2.898281019566518, -2.7321434020117805, -2.588028401959944, -2.4174134595750254, -2.2818389154118064, -2.17782405554902, -2.0543343460246746, -1.9326582612174914, -1.8338491991802748, -1.7107017718316149, -1.6010635976803123, -1.4720085470823887, -1.3430375209958116, -1.1862323972974094, -1.0676731631968246, -0.9375431080499586, -0.8210728070640173, -0.7315270477154748, -0.6653282831337446, -0.4791888186822055, -0.3877413638710033, -0.3003409184103516, -0.18972903521028936, -0.11453694303581935, -0.04078099525046275, 0.08926325627257704, 0.16709872387387667, 0.2625271066483816, 0.3553172954049215, 0.4709239749797666, 0.6331312881755574, 0.703015638904924, 0.8131126968732818, 0.9358204691811162, 1.0367434709195915, 1.1137798019113487, 1.164383389933099, 1.2463345433652995, 1.330282782587241, 1.4057507435201209, 1.4929753274123394, 1.5528229460943066, 1.5903326283735804, 1.6520010126446167, 1.717910443395087, 1.7701418557051671, 1.8522163870300716, 1.92392740025986, 1.9679913123933095, 2.0161050127158284, 2.0538508877582813, 2.1259290644400366, 2.192200246444826, 2.2333985079889036, 2.2638481104394432, 2.300643148451109, 2.3479737292730425, 2.4083145226051696, 2.468607493818496, 2.5140256202764926, 2.5578854254093395, 2.563751562120092, 2.5958877670844562, 2.639096018189315, 2.686586542883524, 2.7347009041727373, 2.741691151238621, 2.7719963331187745, 2.7984882051694417, 2.84649618808169, 2.9117038774571196, 2.961502119183938, 2.9932044863399825, 3.044754850554101, 3.081940895242303, 3.1107620283965702, 3.143535373705136, 3.191968789682348, 3.2446275883040276, 3.271087167434245, 3.325962627878201, 3.3550397504881597, 3.4306315362615316, 3.459237274689062, 3.487387064623312, 3.489675253017112, 3.5308834864558105, 3.5570327244327102, 3.5705327858791347, 3.5876992206110425, 3.6177024008852667, 3.6668978824776177, 3.699856647868549, 3.7010958881237657, 3.7184248172322056, 3.7511382424828232, 3.771670361188903, 3.80642354241353, 3.8216503313491, 3.857463521592835, 3.861763621817528, 3.8816090679449764, 3.9282257226765958, 3.960443696678533, 4.001736894476367, 4.02287610088353, 4.040689523216679, 4.062942327034984, 4.0732367002923215, 4.092920473624057, 4.136120115722556, 4.137171576505569, 4.170710934243695, 4.202449967045008, 4.220316829357682, 4.230662375522024]",8.05,2.491906089642216,8.0,12.95,13.0,1.0,0.0,0.0006513450000602461,24000,0.05,0.99,epsilon_greedy,exp,0.6,0.9995,none,4600,True
e1a,q_learning__d3223ce7__s50,q_learning,d3223ce7,50,15000,28.85097615400082,completed,17,3.706750598570128,416794,"[-0.3999143432970016, -0.8413663682798992, -1.2949071441930067, -1.7834335044482523, -2.1216897172961295, -2.5700387311148782, -2.981531688576186, -3.333382496183151, -3.6649117357413035, -3.9896716144627247, -4.263940271504783, -4.473884875562504, -4.691604989686565, -4.776465268714864, -4.8580330211620435, -4.888433335525986, -4.816510451827506, -4.7011723800521885, -4.667213936263225, -4.571073181202327, -4.469844413275186, -4.343046078243662, -4.203797101226467, -4.082848294600868, -3.918483268525194, -3.7847527137182144, -3.6940460687128427, -3.5057566545804857, -3.3803200336634442, -3.2812040168670515, -3.123299931456549, -3.0169598995830262, -2.927124139076039, -2.7979433224402044, -2.6906738827759793, -2.621456237825868, -2.5272023155018584, -2.3570293581493234, -2.251367622217319, -2.1587901444499655, -1.99082293561322, -1.8505809172037408, -1.654962292092658, -1.5246309473627757, -1.3762830288980017, -1.2550617745054566, -1.1488950224544647, -0.9913594052921201, -0.8379682627225609, -0.6691960795031239, -0.5672456395032577, -0.41998087082299285, -0.24897510165813508, -0.07826791170676367, 0.07784190732526881, 0.2501461213756237, 0.34698179650555994, 0.44545399125111823, 0.6058194308770375, 0.6718172322107043, 0.8145184621202426, 0.9081835900118362, 0.9737986936226801, 1.0599190792272801, 1.1472006982729384, 1.2273547261703506, 1.3326439541768764, 1.4482678467338939, 1.5173888126958062, 1.5837349546430268, 1.6534125780637454, 1.7580707559446895, 1.814162386479604, 1.8753563716604633, 1.9628182931607034, 2.0133408293657866, 2.093187462815572, 2.1705127237597166, 2.2466155262825085, 2.310850384577078, 2.3719878255309985, 2.421211417867743, 2.4680347714840773, 2.510696568099975, 2.5891328532044375, 2.6323042529582543, 2.6988479925399975, 2.7524796047460245, 2.8489499035266332, 2.86181053167036, 2.916918378104228, 2.9908123517346703, 3.059130975552634, 3.104708136975658, 3.1645750060694904, 3.209374050175425, 3.249038993337365, 3.28297040484909, 3.3312435399068416, 3.369432718752146, 3.425950273022464, 3.45185131148538, 3.47187103094552, 3.4935658715159437, 3.5288747343348135, 3.574288632235876, 3.6065324267795074, 3.6311209983015185, 3.686259475216026, 3.7155781652982065, 3.7545639434641385, 3.781524882855889, 3.8133604280834907, 3.8325331501133464, 3.8985419288172136, 3.9365733038827235, 3.9546266385918702, 3.987904526734999, 4.017655515918543, 4.057309864836727, 4.09121064644342, 4.10911497576216, 4.125557943373562, 4.1448312292475835, 4.167753986225885, 4.190914715655211, 4.217047136332479, 4.23244862125098, 4.290673022253594, 4.317110472491959, 4.34178502493657, 4.365609530215908, 4.38342811995409, 4.407153032067897, 4.417040034638152, 4.433163996645304, 4.440671541027218, 4.451445677570735, 4.480175473960483, 4.508727753833598, 4.518193783815582, 4.533836524230426, 4.552561696510114, 4.569838428798401, 4.5876869203883945, 4.605182669129482, 4.6205401617559705, 4.62822571209123, 4.6472719159363685, 4.65033400471687]",8.05,2.491906089642216,8.0,12.95,13.0,1.0,0.0,0.000343400989931979,24000,0.05,0.99,epsilon_greedy,exp,0.6,0.9995,none,4800,True
e1a,q_learning__d3223ce7__s51,q_learning,d3223ce7,51,15000,28.963222909998876,completed,9,3.183017436333015,414372,"[-0.3805620850077755, -0.831864113953919, -1.263821651711087, -1.7148110392555926, -2.163507134191257, -2.526916578632783, -2.870992083868595, -3.2476861737665934, -3.5922516032072154, -3.953830836602264, -4.252361449400896, -4.461244490874922, -4.589650276455491, -4.6691383673755755, -4.64698189631206, -4.637572778174065, -4.575369322440918, -4.490440785654761, -4.398216447727665, -4.22484706870789, -4.111514443490328, -4.006800983696694, -3.916164745472896, -3.814103124967193, -3.6906389663633, -3.5758909247615493, -3.4084423257542147, -3.262867345153723, -3.1422293822360814, -3.0078894175835944, -2.8745264487903124, -2.7583153961784053, -2.5845123572411306, -2.4371796661071112, -2.2468280011090673, -2.0689012746259947, -2.0148798117855424, -1.8638475328043087, -1.737865201256034, -1.5969277471755974, -1.4930116977206573, -1.3232701107255354, -1.1703034766204086, -1.016858161043782, -0.8714291003638002, -0.7279790372343004, -0.6011941213942094, -0.45239286940690027, -0.3195046252242129, -0.20262422325275253, -0.13613701272825385, -0.055851744429371276, 0.10994845993880181, 0.2564411028513487, 0.34153042708354237, 0.4771682646539955, 0.5483897271962087, 0.6522665128433114, 0.7416276664405055, 0.8849939035730491, 0.9761194693916597, 1.0668498344200203, 1.1753887610841136, 1.308662018973048, 1.4428921717384044, 1.5226220051697978, 1.6025332086993989, 1.6911123358254827, 1.8035108242776745, 1.858007415393258, 1.9280364263098002, 2.0113815606035, 2.080574338431457, 2.177078462209973, 2.236987785697594, 2.290105047222978, 2.347985479314001, 2.4176275928920066, 2.5091821813014628, 2.5948086013740395, 2.655194083794519, 2.6771226009827753, 2.756674049382979, 2.8212460478868184, 2.8659846659665047, 2.9449753541662376, 2.9725554710579885, 3.035974543814895, 3.1000997312128433, 3.1261568475993, 3.1707476561179657, 3.2465083679814355, 3.296335292578427, 3.348903333404356, 3.4066236091209263, 3.470513276968182, 3.4948669874137965, 3.571780887543307, 3.5919894608206993, 3.654194861692413, 3.688678045171016, 3.724330305716881, 3.7565502223532823, 3.8104269141027007, 3.84557079690989, 3.9002330588264496, 3.916728036505858, 3.947245197765822, 3.997378196953312, 4.019816556134888, 4.0312043673477875, 4.048588449537362, 4.132939589904551, 4.184420887342226, 4.206155304099492, 4.222662506238882, 4.240475164242879, 4.274203890733353, 4.286996416938056, 4.332232119107118, 4.357322105566202, 4.380114533645897, 4.392953809904768, 4.410822443348992, 4.434259418700892, 4.446733263069945, 4.454100008688254, 4.460182693107746, 4.477773361878364, 4.533290954852208, 4.5535622974378605, 4.579209618601255, 4.60507391645503, 4.620038110556861, 4.634513621259424, 4.642109927895374, 4.6559248138225815, 4.672839533064347, 4.685225585717032, 4.7035482352912235, 4.7146979297478655, 4.728298879298976, 4.7423391341076195, 4.767000320843284, 4.774834635835581, 4.804539190481658, 4.83275067089618, 4.845367124461885, 4.870763408725452, 4.888399649543987]",8.05,2.491906089642216,8.0,12.95,13.0,1.0,0.0,0.0005367079899770034,24000,0.05,0.99,epsilon_greedy,exp,0.6,0.9995,none,5100,True
e1a,q_learning__d4710500__s42,q_learning,d4710500,42,15000,23.569127321999986,completed,68,3.360595185380114,357294,"[-0.7121405414263209, -1.4521228346218293, -2.1900601174432084, -2.7812947484048243, -3.2918349470810044, -3.6591776983667677, -4.001551140849306, -4.1153074825751705, -4.105070384411962, -4.113691550852524, -4.042582225312133, -3.9749152313455225, -3.874387523203541, -3.7782352725098542, -3.668151226038815, -3.5544861709214635, -3.481183154318076, -3.4186711246992814, -3.322647292073073, -3.2023315177348137, -3.1389541839785116, -3.0698684163872754, -2.988047181462844, -2.906610982957316, -2.855539207793219, -2.80134974062839, -2.71562826264599, -2.662192296775516, -2.6172730090153897, -2.5508467884062993, -2.523977451492248, -2.476667119057128, -2.42783940438752, -2.3732011690657164, -2.3510661307213403, -2.3115772119374425, -2.2656737274441463, -2.235721115459531, -2.2007105678747494, -2.1520591155247626, -2.1275421195959137, -2.093261159122646, -2.057430509544281, -2.034132710908876, -2.001049792158728, -1.977949298470663, -1.9578145507589786, -1.945519775649739, -1.9248173138090288, -1.9091642308398218, -1.8873009249831598, -1.8741760949425623, -1.8576843821549753, -1.8510083855505712, -1.8402967831211454, -1.8187047173916155, -1.7942961683613357, -1.7741367178194891, -1.7614366755194064, -1.7541023152504531, -1.7491361864833441, -1.7352230675221256, -1.729982681163052, -1.7268952333509298, -1.7208657404919803, -1.7087906987072337, -1.6999954652906806, -1.6889918510427149, -1.6818978216648237, -1.6780892276006665, -1.66950520511117, -1.6625235658727653, -1.6583939675431147, -1.6534999260288, -1.6512879238259435, -1.6413283515351864, -1.632015441813663, -1.6251365342417237, -1.6184297902468923, -1.6145062781901374, -1.6099489679383798, -1.5969472680019228, -1.5922687210222022, -1.5886981778455904, -1.582819396198412, -1.577587649138183, -1.5682431977743505, -1.5664931728788, -1.5583315004717302, -1.5551131665627025, -1.5520240648819599, -1.5489748019274372, -1.5465413700831034, -1.541787225549856, -1.5386433403384379, -1.536059518197417, -1.5313440333670072, -1.5273220383714838, -1.5249884017006594, -1.5210309877419066, -1.5176220590865248, -1.5112151840032455, -1.51034245685162, -1.5064273240309953, -1.5046379691379883, -1.503218994150682, -1.4985192907273974, -1.4965102885827004, -1.4940648769593265, -1.4920159212406092, -1.4897683929734247, -1.4897054309545523, -1.4880811626330301, -1.4866850408329837, -1.485841967123475, -1.4840248319471703, -1.4822576028208403, -1.4815700961773506, -1.4787091378363972, -1.4777399647911111, -1.4763643237979747, -1.475332068273996, -1.4744247578648744, -1.473394168549898, -1.473235551819945, -1.4720168623211494, -1.4716328853106724, -1.4705217280300558, -1.4699054346683802, -1.4694625840581357, -1.4693364954460828, -1.4686196995324108, -1.4682650010915574, -1.4672880441187195, -1.4666565681744335, -1.466343041974858, -1.4658053976631369, -1.4651959317728562, -1.465089814249238, -1.4640793753275794, -1.4637776137570595, -1.4634941925373386, -1.4627018996888994, -1.462627918239494, -1.4619527672852641, -1.461610673189589, -1.4612148670839686, -1.4605803795402132, -1.460175562891668, -1.4601733575045948]",8.05,2.491906089642216,8.0,12.95,13.0,1.0,0.0,0.0005383750399778364,24000,0.1,0.9,epsilon_greedy,exp,0.6,0.9995,none,2600,True
e1a,q_learning__d4710500__s43,q_learning,d4710500,43,15000,24.019352686000275,completed,17,3.7841247336735613,359330,"[-0.547087383267433, -1.4625242376817624, -2.0479999832326183, -2.5987925085292263, -3.1953362549689577, -3.614994741738256, -3.9228138198105182, -4.068969868658557, -4.095196124170924, -4.070759422151026, -3.9133421673654913, -3.829292302830979, -3.740711073786517, -3.575974737319795, -3.430310941325362, -3.3309251824840276, -3.210295070953969, -3.0699935198902955, -2.995666478798456, -2.9302323212509527, -2.855695659149285, -2.7846942573902114, -2.7267071781585197, -2.660928919748094, -2.6206894913275662, -2.547151115210124, -2.4876540550677273, -2.441684630736016, -2.393072801238633, -2.321066911550494, -2.2816984172118207, -2.2392610728049855, -2.1730353775077487, -2.1413142312800915, -2.106307353488096, -2.091243920017858, -2.0685632010311754, -2.0344559622429137, -2.008294483703405, -1.9797316190603373, -1.9548897215095038, -1.9398889441734894, -1.9184405203036223, -1.8927782653738248, -1.873282504874506, -1.8425250635514216, -1.8238703379256385, -1.810320941043592, -1.795532986603806, -1.7783822298612988, -1.7465788023691373, -1.73696576734746, -1.7282021393039264, -1.7190109688237962, -1.6991600026179083, -1.6871776392260476, -1.6701329225164985, -1.6579745254545728, -1.6469534400166697, -1.6266836823677406, -1.611135440180189, -1.5996781646382872, -1.588982569146458, -1.571634253453721, -1.5592711307748992, -1.5499939177112545, -1.5391485660907707, -1.5346289203352041, -1.5214829029286576, -1.5101858180781595, -1.5079405255722342, -1.5057676452563082, -1.5007242916396026, -1.4930311420995652, -1.482576065580406, -1.480798359317294, -1.4779201767656067, -1.475651274434699, -1.4720404612034472, -1.4682501706554316, -1.4547951094357272, -1.4535779290405506, -1.4454716302413873, -1.4450213533913447, -1.4393945346741723, -1.4372748931250856, -1.4307419020213723, -1.4265458015942256, -1.4228407234974916, -1.4195139907934657, -1.4142673985587124, -1.4103913530772334, -1.4090452906092823, -1.4084786202177486, -1.401195495671797, -1.397960049630867, -1.395781206376904, -1.392453119056168, -1.3889870879731596, -1.3863077392627117, -1.3807135873352834, -1.3787756238404858, -1.372987787779679, -1.3703076773758387, -1.367951876505026, -1.3623539026476164, -1.3591164064691867, -1.3577914953837493, -1.3561219377992053, -1.3535456395648136, -1.3513995811437278, -1.3507097599137, -1.3501826509099506, -1.3488164210151088, -1.3483155018327329, -1.3468013016187803, -1.3449002375378807, -1.3447382415741649, -1.3444469804008141, -1.342781113730787, -1.3421642342821987, -1.3416896807958603, -1.3378041444494042, -1.3376804574885228, -1.3367688332729248, -1.335454025590952, -1.3349684205516605, -1.3346770568222028, -1.3338342950187547, -1.3334770232793467, -1.332655025700691, -1.332073138922898, -1.3304563706570298, -1.3280445261224123, -1.3277544399698207, -1.3274064368692875, -1.3260662231132458, -1.3254591922328764, -1.3248758010635804, -1.3231567781217335, -1.321397067915427, -1.3209602658502853, -1.3199947265938996, -1.3185004166683134, -1.3182078413151155, -1.3176985024136043, -1.3168229867938837, -1.3165707779599665, -1.3157850575009895, -1.3153815045932415]",8.05,2.491906089642216,8.0,12.95,13.0,1.0,0.0,0.0006942690598771151,24000,0.1,0.9,epsilon_greedy,exp,0.6,0.9995,none,2600,True
e1a,q_learning__d4710500__s44,q_learning,d4710500,44,15000,22.89392473800035,completed,45,3.3658728437063687,360432,"[-0.5431060055031813, -1.3669297417042043, -1.8939930413049686, -2.556043872157991, -3.030099932468269, -3.5503101054361106, -3.8691410835178535, -4.033611527928207, -4.093013855098814, -4.075225952051621, -4.04547997672613, -3.9714965700318348, -3.920649328159095, -3.830148890209237, -3.7690654513658566, -3.6385801485576432, -3.5536217736909608, -3.463351778096709, -3.377164048838906, -3.238670640260534, -3.148697154098475, -3.082302360131915, -2.9943436803712857, -2.906069986347392, -2.828627889367097, -2.7504312806081384, -2.6917590026205107, -2.6423252846458087, -2.5930498476323574, -2.5481238905235624, -2.5055411583115985, -2.465763262276339, -2.4185084201836164, -2.37801108011337, -2.3394178244405293, -2.3086655182130817, -2.2826304500087256, -2.2568095539490485, -2.229049080529264, -2.213753243718433, -2.19613051720018, -2.165299118622342, -2.1356912879470022, -2.1037864146349725, -2.0923411319181833, -2.081470312944303, -2.0545626927133007, -2.029054812963204, -2.0074871410701984, -1.9914933181393784, -1.9581158804902443, -1.9472436973339742, -1.9369975506535377, -1.9224411637942163, -1.9016386974175907, -1.885923399166001, -1.8732561896115991, -1.8569090206911096, -1.8445255096417716, -1.8204406210749, -1.8055203822254646, -1.793885123578586, -1.780945583905922, -1.7636507638416377, -1.750402342465223, -1.7449456202591436, -1.732628545533815, -1.7151090953659052, -1.7085841327714115, -1.7024806137252704, -1.700762000709586, -1.6942392108563389, -1.6810723321808354, -1.6688003268255762, -1.6681063708242048, -1.6629140368503283, -1.656087803305163, -1.6492136189997633, -1.635672341660069, -1.6310225128605418, -1.6270331060456296, -1.621599453786487, -1.6152785757610826, -1.6091880475068008, -1.6057299101495173, -1.602909493535256, -1.5984633971952904, -1.5977379280022217, -1.5929160298073561, -1.5852277971084983, -1.575248094805989, -1.5722155729473941, -1.5680829238718623, -1.5673537132193158, -1.5609133209819244, -1.5598479136123138, -1.5582109613460748, -1.5552680415226532, -1.5522083098108304, -1.5489223696942556, -1.5454690397061717, -1.5439453696653138, -1.5419225659326976, -1.5391878206846055, -1.534692437717291, -1.533535141505243, -1.5334178525940159, -1.5249728752002933, -1.5248559173177623, -1.521376942547895, -1.5181607136183104, -1.5163492353347878, -1.5143476630927242, -1.5131175002114499, -1.5119538717799836, -1.5099824545675555, -1.5081498162907698, -1.5056741255456425, -1.503085158579443, -1.5008900459996068, -1.4980785205588414, -1.4969402883603056, -1.495573436811319, -1.494481619813069, -1.4924644281844726, -1.4914251353286592, -1.4906461181286348, -1.487526911027122, -1.4866688424989742, -1.4857977518227614, -1.4843877026244032, -1.4825603495213002, -1.481287525275576, -1.4805856127156585, -1.4790641176520594, -1.4783209190759024, -1.477371800719062, -1.4764638114925432, -1.4757955625607602, -1.4748478500000841, -1.4743952597869152, -1.4736270823821882, -1.472888445986289, -1.4722773676934684, -1.4714314263188997, -1.4707143247840115, -1.4700660796859804, -1.4692199038501406, -1.4691070443506762, -1.4677781372226435]",8.05,2.491906089642216,8.0,12.95,13.0,1.0,0.0,0.0004949899900020682,24000,0.1,0.9,epsilon_greedy,exp,0.6,0.9995,none,2800,True
e1a,q_learning__d4710500__s45,q_learning,d4710500,45,15000,23.4481807810007,completed,30,3.3390268043248765,357205,"[-0.6411159003167346, -1.3850927901717394, -1.9768221691673158, -2.7386151015877362, -3.190249271655353, -3.6305660664659447, -3.8999866615263423, -4.032908322312649, -3.974643847698198, -3.9039978639997712, -3.8546552266308534, -3.8192344625699683, -3.783495470005872, -3.717015325089014, -3.6571787784122467, -3.542308210784857, -3.4487279008851996, -3.354744798419353, -3.3096564523162475, -3.2255920594810528, -3.1678421969997625, -3.1007431022939316, -3.038108290518441, -2.9770054190229147, -2.8997665450868957, -2.8353723595594365, -2.7906645690738587, -2.7480724197048803, -2.7159800676387245, -2.691845679634515, -2.655381939176983, -2.620500261321033, -2.564684604538195, -2.5261096059810217, -2.4839263069595083, -2.431019619724643, -2.407210938675145, -2.3683370132454953, -2.3271212390758618, -2.2958295271120597, -2.268118285059494, -2.244162357825547, -2.2010775141716485, -2.171422981002495, -2.1481977979128004, -2.114123196022059, -2.1010055900697036, -2.076149270073473, -2.0591764517027764, -2.0220758307230264, -2.0096744687905237, -2.0004807004923455, -1.9890580337377848, -1.9772511044586771, -1.9631253889020348, -1.9402089244655119, -1.929094595210615, -1.918226107504403, -1.9088263185305325, -1.8896058676765313, -1.8833709386328474, -1.8683696294626595, -1.8618741181903995, -1.8509248977574941, -1.8469702803498709, -1.8317306941828337, -1.8171352999524328, -1.8082333318174761, -1.8009608129437935, -1.7905469765865314, -1.7823011090704137, -1.7753671706114007, -1.7721592317270358, -1.76922097323794, -1.766455128886228, -1.7591410391147406, -1.755344688454748, -1.7473911111805862, -1.7415239231647608, -1.7337624169765207, -1.7275045089663166, -1.721197369427606, -1.7186690349954903, -1.7166000666940089, -1.7085072591385924, -1.7068140648178536, -1.698398230262135, -1.6924938672422865, -1.686460238265702, -1.6801163475175576, -1.6738950749917336, -1.6720362570895575, -1.6660266521615978, -1.6648852900890927, -1.6633547987320747, -1.6614599812216793, -1.6604055068083894, -1.6570548474016777, -1.6504641216996097, -1.6478792862771006, -1.6434869433882708, -1.6415270150827994, -1.6381705775251139, -1.6351644388056845, -1.6322823936340147, -1.63159448452555, -1.6296792847437296, -1.6281282816699538, -1.627626189959966, -1.625386035934254, -1.623877076818485, -1.622954679436917, -1.6213685923019852, -1.6194469042160897, -1.6157054092813723, -1.6137387255932225, -1.6100129902512346, -1.6077124053381435, -1.6071476980274302, -1.6045880985111671, -1.6032365262609176, -1.6009637365841103, -1.600278430262894, -1.5985021186399122, -1.5952863626361495, -1.592071748834427, -1.5918932121471974, -1.5900987965729694, -1.5887364421693193, -1.5883389559593637, -1.587474685130501, -1.58631958411177, -1.5852060738863267, -1.5842641022474027, -1.5826599585143089, -1.5817844826962926, -1.5807154214252455, -1.5791466443037796, -1.5784635166520025, -1.5774381849987755, -1.5765595434213069, -1.5764205932794375, -1.5760065862075914, -1.5756866572085229, -1.5754959079510271, -1.5750231091034996, -1.5744517878201223, -1.5742144054329907, -1.5734910467628624, -1.5731579668222186]",8.05,2.491906089642216,8.0,12.95,13.0,1.0,0.0,0.0004934639899147441,24000,0.1,0.9,epsilon_greedy,exp,0.6,0.9995,none,2600,True
e1a,q_learning__d4710500__s46,q_learning,d4710500,46,15000,24.151197334000244,completed,12,3.5593679214152614,359298,"[-0.6017250713383437, -1.3890848685370485, -2.156488549286829, -2.7663860813636485, -3.2208492266436717, -3.644272856419588, -3.95984527728767, -4.082451049416477, -4.108970049109773, -4.102747350990555, -4.0106489839502455, -3.975020878404673, -3.8632537019048576, -3.7373522258988108, -3.65663600225149, -3.571354961484199, -3.498170175982243, -3.419847955513596, -3.2963994443835216, -3.2196621204913263, -3.1323704159296546, -3.0432670690548154, -3.004798293630013, -2.9246982408927655, -2.8384196003170574, -2.773687910466816, -2.6971106443085593, -2.631347429522079, -2.5530089511256757, -2.51396864648105, -2.46897998175529, -2.399879911811538, -2.363737158143821, -2.325719449267871, -2.2907190843199254, -2.2630816162908753, -2.2181226757121104, -2.185423800129059, -2.1552164589230003, -2.144456213742153, -2.116819554838503, -2.09248012997066, -2.0699243445097677, -2.056807600500014, -2.0368200202655906, -2.022860470072699, -2.0195329644626985, -2.005478589533939, -1.9895857686292666, -1.9832695159276645, -1.9535986951859092, -1.9436428173708575, -1.9408920932248455, -1.931350798267578, -1.9185718111268024, -1.9007587413869504, -1.884832002444901, -1.8679411707829583, -1.865970786821891, -1.8576194913170947, -1.8469710524114373, -1.8205283777023669, -1.8080528155848061, -1.7984400625091639, -1.7958108335272096, -1.7845118181041686, -1.7655644316562562, -1.757604851548423, -1.7526089090355204, -1.7490773511584623, -1.7480886755168308, -1.7413552669791383, -1.7377002832117878, -1.734862963598116, -1.7202920555469687, -1.714121125433252, -1.7064972200212718, -1.7008195745962449, -1.7005158002368566, -1.6913461650375643, -1.6864994135402822, -1.68614711541296, -1.6825131709285304, -1.677633165416128, -1.670958016787033, -1.6707234412385281, -1.6679633760510308, -1.6652804431925798, -1.6613936356276942, -1.6573455793852478, -1.6544888430119602, -1.6524675077506281, -1.647932227879749, -1.647014559576303, -1.6438539245599082, -1.6369318986898913, -1.6288436740402872, -1.6241827974969227, -1.6232502987896151, -1.6216725906157012, -1.6186397844143587, -1.6179029258371025, -1.6136502777758097, -1.610778556152155, -1.609409638726804, -1.6070911463389808, -1.6039768467034043, -1.6012670560008913, -1.5989246515328903, -1.5965747140116564, -1.5936770152689825, -1.5924261271631908, -1.5912964304974138, -1.588767016308544, -1.587649897633894, -1.5848944637137568, -1.5834802845536537, -1.5812980562409982, -1.5802958273919003, -1.5763513503699564, -1.5750644506563307, -1.5738091278591442, -1.5727363511388535, -1.568772498047985, -1.5680702917138045, -1.5664917133776384, -1.564912815714363, -1.564662975847285, -1.5639372189529952, -1.563159414054036, -1.5627109609481176, -1.562119934508815, -1.5596054233677594, -1.5580545531946206, -1.5565735419111564, -1.5559408486261703, -1.5557206830018377, -1.5553959245172668, -1.5535266330079776, -1.5524697300693349, -1.5518000347448384, -1.55027762841511, -1.5501938791548189, -1.5487631121957448, -1.5480418861595509, -1.5476602738473981, -1.5468814290938513, -1.5456978098993017, -1.545134360017842, -1.5449718952913942]",8.05,2.491906089642216,8.0,12.95,13.0,1.0,0.0,0.0003968970000096306,24000,0.1,0.9,epsilon_greedy,exp,0.6,0.9995,none,2500,True
e1a,q_learning__d4710500__s47,q_learning,d4710500,47,15000,24.413982685999144,completed,13,3.1919273174682408,361440,"[-0.6721972328964706, -1.367204065238178, -2.1018721065497394, -2.667139249452896, -3.137908278269061, -3.6358972266540333, -3.939188125810865, -4.0964930495242005, -4.289477684078344, -4.292028755116241, -4.236649781256797, -4.136612995501212, -4.03346808743312, -3.9205525538124175, -3.836860995556242, -3.769886351810857, -3.6791397294307586, -3.5693622860775216, -3.5172368949569166, -3.4231282286316627, -3.3541488572141476, -3.264198131596696, -3.205227619179222, -3.15327536226627, -3.074934651012119, -2.9667991617612626, -2.9077103770663513, -2.838493340337933, -2.777161830574075, -2.7335512592990594, -2.69973945112254, -2.6659149750612325, -2.610989327873361, -2.57496695194522, -2.5454779130019345, -2.502894946456229, -2.48319392759707, -2.4456599193057253, -2.4222878073633893, -2.3792926545439546, -2.3553060464019637, -2.3322642525929025, -2.2953186327841633, -2.27771023590898, -2.2659034425561653, -2.2419775197223983, -2.224069476838632, -2.2031526486514483, -2.1843592115622736, -2.1798128186422545, -2.168131788714508, -2.147504129884132, -2.1309908581549153, -2.123040993488294, -2.1201902635869163, -2.104310502808624, -2.0938188646049567, -2.0842915455732007, -2.0593894669717354, -2.0454528706667676, -2.032832843838144, -2.027402853635389, -2.014171344688672, -2.0044410471228726, -1.9834701530927772, -1.9745399634533818, -1.9661917398028297, -1.9561268978661575, -1.9390343184112278, -1.9301856949557155, -1.923330497187549, -1.9220872863451348, -1.91119149187005, -1.9057594116415573, -1.9001904899685056, -1.894498077179615, -1.8875742942560174, -1.883943532270927, -1.8761673116509525, -1.870396424707143, -1.8701499643163004, -1.8680542831724347, -1.8653776880733717, -1.8534207278695147, -1.8426429849277892, -1.8387388835675793, -1.835905198259354, -1.8357323973003974, -1.8348658328588328, -1.8307744991652584, -1.8242081186880659, -1.822200107565198, -1.8199502818797473, -1.8150472078972222, -1.8127792473072621, -1.8070659243094007, -1.8051518883005524, -1.8026317415668698, -1.7970488743304365, -1.7941073355599795, -1.7913481933133988, -1.7876309661539795, -1.7827264814769146, -1.7817806054732077, -1.780591639131781, -1.7778036064621097, -1.776786119555988, -1.7757452678921217, -1.774528014618931, -1.7691159663109048, -1.7665114396932304, -1.7655729646421823, -1.7617236752068857, -1.7604876658043593, -1.759715736303557, -1.7569427508277011, -1.7541521944113496, -1.7522733972464857, -1.7513860040044584, -1.7509187499504366, -1.750038713027296, -1.7497309626265947, -1.7489525573387936, -1.7472579017146033, -1.7466628002127933, -1.7444045786726285, -1.7429684265562122, -1.7414482059015057, -1.7402079616737172, -1.7393535328991756, -1.738478116708291, -1.7371540673164778, -1.7347798397466418, -1.7332930626968432, -1.7326595720682787, -1.7321140174186207, -1.7308991050160236, -1.7297328996351449, -1.7296198993735887, -1.7283673591305913, -1.727416461535044, -1.7268265080474172, -1.72597844110405, -1.7253169165549689, -1.7242393222511707, -1.7235733252730332, -1.7227811377389115, -1.7213556373561383, -1.7212704622578512, -1.7207421946114194]",8.05,2.491906089642216,8.0,12.95,13.0,1.0,0.0,0.0003767060000245692,24000,0.1,0.9,epsilon_greedy,exp,0.6,0.9995,none,2600,True
e1a,q_learning__d4710500__s48,q_learning,d4710500,48,15000,24.522794864999014,completed,1,3.216504313692117,358472,"[-0.5944399278415403, -1.4056358275020389, -2.126801417585996, -2.7065880520699594, -3.0598691235175433, -3.551339543396777, -4.008540818385572, -4.203498615725217, -4.397555196230516, -4.400545684591364, -4.376042554298489, -4.354249952461996, -4.321638760999817, -4.21858003831018, -4.1550233608253215, -4.0490350442116645, -3.893791644723941, -3.7799346715939643, -3.680889274396499, -3.5767049668872843, -3.5161290725708425, -3.4474252338414004, -3.386091408672814, -3.324607663854004, -3.2642417294713275, -3.1893839051148474, -3.1433708098463202, -3.0913221300213256, -3.0528450803640577, -3.0068147020743954, -2.965654629002846, -2.923830647893722, -2.9081067618693432, -2.8739729325748984, -2.7999644148290654, -2.759040931156657, -2.7231505667094598, -2.675720399451855, -2.6371106613103708, -2.615659948549562, -2.6014583229979658, -2.5792107884109905, -2.560172642336908, -2.5371527574379544, -2.523717425109145, -2.5134237015702428, -2.497379519748853, -2.4817460515611125, -2.4612769365927467, -2.445255378782568, -2.4268518879137475, -2.4112168152725904, -2.386685996532484, -2.3593789152530764, -2.3438238106289035, -2.327088528402987, -2.3077373920282724, -2.3038034139175094, -2.3020936052634418, -2.291969643989188, -2.2765611463126154, -2.267698762439992, -2.2566952572385572, -2.2499929628207185, -2.2400485058513078, -2.2242685242985774, -2.2169636123219103, -2.2057912312196937, -2.1986011734449136, -2.1810526048658585, -2.1703469148762475, -2.153003964222503, -2.1461286058652496, -2.1311621365995377, -2.1286669993047775, -2.118052534666705, -2.106757815206567, -2.098677703753437, -2.0939805143975945, -2.084001686709837, -2.0805509209991326, -2.0715057106851384, -2.065635767959789, -2.0570608887065256, -2.0508107840748333, -2.047355742066856, -2.0430049742817604, -2.03187385802026, -2.027167834112684, -2.024144031632751, -2.023245321232382, -2.0203936841321064, -2.018125742360771, -2.0140793052128583, -2.009179820095398, -2.004774282997898, -2.0023607111071366, -2.0005560954150576, -1.9959938917326818, -1.9930793881645248, -1.9928001385244518, -1.9894679678624176, -1.988947234152071, -1.9857540979996562, -1.9845713734982902, -1.9815138831342596, -1.9763572639964737, -1.9723624639930746, -1.970249140126644, -1.9694785344393761, -1.9669601872315576, -1.9643893303247757, -1.963853856195068, -1.9592513049312217, -1.9587958214468135, -1.9576648119136724, -1.9563118925990866, -1.9549615114087744, -1.9535567578286128, -1.9522533922363159, -1.9499545871505652, -1.9489196488478544, -1.9469361599358708, -1.9430829428305276, -1.9427652417402694, -1.9413444435937948, -1.9397230849309122, -1.938615276837674, -1.9364750954917023, -1.9351502097811137, -1.9341397950347914, -1.9325373087491526, -1.9313932772601337, -1.9303405061020127, -1.9301984108761827, -1.9295564558747054, -1.928782691771935, -1.928617479934509, -1.926752836430149, -1.9265693391496417, -1.9259636413025272, -1.9256042165298297, -1.9241763272701249, -1.923794243199175, -1.9229340215453383, -1.9227957732074414, -1.9223464685883032, -1.92195780737818, -1.9207990339573213, -1.9194689523945754]",8.05,2.491906089642216,8.0,12.95,13.0,1.0,0.0,0.00031376499984617115,24000,0.1,0.9,epsilon_greedy,exp,0.6,0.9995,none,2600,True
e1a,q_learning__d4710500__s49,q_learning,d4710500,49,15000,24.65290231600011,completed,52,3.782525611281436,361963,"[-0.7378734270040013, -1.415138304534017, -2.0775767103794838, -2.710701518044526, -3.263775959674909, -3.6881488988751667, -4.047840993045615, -4.286187937786592, -4.447586935168311, -4.497153766128888, -4.5518329849530375, -4.5405192817307105, -4.439235782030036, -4.341133108827113, -4.283813781859665, -4.178518066893863, -4.066388013558572, -3.9708296923997985, -3.8786441137143215, -3.8180524659956245, -3.7269782722498146, -3.6495847022938714, -3.5955861214766593, -3.5190359545224905, -3.4578448218791547, -3.409229811173323, -3.345855994754486, -3.293794440890186, -3.2174260312754255, -3.1406190346539464, -3.073311726853618, -3.0234189954148634, -2.967712454991741, -2.919351450152062, -2.8619173335554557, -2.825988823958173, -2.7899120367571184, -2.769030654512488, -2.727125646572582, -2.6863680085467645, -2.6641639923209217, -2.6326549310386747, -2.6110606061593113, -2.5816123750329116, -2.544204023082585, -2.522033511333929, -2.5099575948717123, -2.4861411553528217, -2.4724522190560156, -2.4655669955609008, -2.453240163505791, -2.429130683836125, -2.4019021774985063, -2.3881335249938944, -2.363940851773513, -2.347426872204693, -2.332871147953259, -2.3173607531729856, -2.3119442811740933, -2.305164445132113, -2.2973365592319457, -2.284255015953566, -2.2781509543937166, -2.2613700542020045, -2.251977088558624, -2.245923404541902, -2.23517387763615, -2.224939532860265, -2.216132030145053, -2.200178321048159, -2.194238794741045, -2.1896855275838463, -2.184273781983617, -2.178082928432581, -2.1683940729355253, -2.163979600878032, -2.16350265173287, -2.1603571685913776, -2.1505932443826175, -2.146059675678321, -2.1411139187311954, -2.1374885144877727, -2.1275923280040145, -2.1269980170007523, -2.1221647732764244, -2.117176023151617, -2.113041582270332, -2.1085109008687226, -2.103271294120906, -2.101836667706649, -2.0953914707304366, -2.0917469626084464, -2.0854912343102625, -2.083191617480888, -2.079363497390203, -2.0754953872786297, -2.070541735603081, -2.0626091967075433, -2.0583479453321663, -2.0564160719991094, -2.056010402379966, -2.053281772257612, -2.0518604017879785, -2.048298156353973, -2.0445783545175993, -2.0406075150256466, -2.0363879509844405, -2.034259547103724, -2.0332332057986586, -2.0281577303796317, -2.0248636694522286, -2.0221428793731073, -2.0207321514393817, -2.018697930368088, -2.017847773228859, -2.016891537888283, -2.014137665559272, -2.012832444650776, -2.012490896115458, -2.010026236928287, -2.009551012912559, -2.0080976189581325, -2.0078108594818764, -2.006622014662085, -2.0059163517297742, -2.0047196431108136, -2.0034509403073653, -2.0027110592966624, -2.001607602392113, -2.000769791545948, -1.9997222036399502, -1.9994316587908045, -1.9988386222450885, -1.9985502639374135, -1.998533784484786, -1.997930463226846, -1.9972799738661988, -1.9963568132824638, -1.9957083180705202, -1.9955716160926684, -1.9946903269662406, -1.993306857787785, -1.992552680367137, -1.9922063689806313, -1.991166625495477, -1.9901808114654478, -1.9886162860629404, -1.987803367486819, -1.987543426038035, -1.9869462477440523]",8.05,2.491906089642216,8.0,12.95,13.0,1.0,0.0,0.0005493140000362473,24000,0.1,0.9,epsilon_greedy,exp,0.6,0.9995,none,2900,True
e1a,q_learning__d4710500__s50,q_learning,d4710500,50,15000,22.985065570001098,completed,17,3.519815336065232,355825,"[-0.7167732751254843, -1.346710974466947, -1.9764788766951222, -2.523294809961102, -3.0872591259687554, -3.509605867102549, -3.8129548095581725, -4.100247151900691, -4.136082916445833, -4.193428725123792, -4.121382805553768, -4.080826899540526, -4.005012496649433, -3.9330020193096624, -3.8571800812053776, -3.782160361674104, -3.7101637220038484, -3.588421775190082, -3.5159651166709316, -3.4564987507621137, -3.3881494198850306, -3.3274044388971857, -3.2564989168122493, -3.2140848076985544, -3.1051850810361787, -3.0271179842746494, -2.969065340661165, -2.9165958014147586, -2.8712021614756242, -2.826653699174893, -2.7823881134271464, -2.7481678286747226, -2.719320115350992, -2.683070762963894, -2.657383056844421, -2.6146110595364784, -2.5614206417550083, -2.5268479223415317, -2.48706332695867, -2.442265792179826, -2.4153664103120316, -2.374335089952768, -2.3557968759063304, -2.3268291508416135, -2.3031272766536564, -2.2841586139945744, -2.2757048851739157, -2.2627950694658057, -2.2515889934191406, -2.2299323049744197, -2.208540152624891, -2.1943747274937357, -2.179781888445057, -2.1622614154627056, -2.1391550262073857, -2.1280342802100702, -2.121831333376389, -2.102228502548407, -2.0934234922585104, -2.0867863064346754, -2.074272590904012, -2.070735441805169, -2.0559103532626013, -2.0484817686508636, -2.0454305960765504, -2.043151243192389, -2.0384089039042004, -2.028594343167021, -2.021627960044662, -2.0100018723243416, -2.002057937240008, -1.990686179002107, -1.983858187389452, -1.9758960981973688, -1.9742077711209123, -1.9721682837309416, -1.9680714027784285, -1.966365803847528, -1.9620919234901757, -1.9589684664364968, -1.957814152505031, -1.9499863198632506, -1.948577511308643, -1.937565748091489, -1.925310089994435, -1.9219657952336928, -1.9218771411848397, -1.918756518028618, -1.9103935164541415, -1.9086070961744925, -1.9034035449725752, -1.901382897653637, -1.8975086144938251, -1.8937297663106574, -1.8892181876306038, -1.8870430623986951, -1.8857419361878078, -1.8831338748830784, -1.8808686963765733, -1.87703757365983, -1.8765283911811461, -1.8714939241753916, -1.8683829332387654, -1.8649247525193455, -1.8622002506491382, -1.8596611868994017, -1.8594805713276417, -1.8576718157662007, -1.8576211438656887, -1.8560020450039638, -1.8549785091644797, -1.8549509743398103, -1.8535475565610382, -1.8525652009392581, -1.8511350640552386, -1.8502292685308614, -1.8460407387789945, -1.8458460032490545, -1.8423849462761492, -1.8408239708075225, -1.8373749885979909, -1.8371274711911099, -1.8367052925010516, -1.834998276845517, -1.8332338528004566, -1.8323631417747204, -1.8322956839252944, -1.8315377034936056, -1.830460654831413, -1.8303339396559903, -1.828527688198195, -1.8244928568137473, -1.8239954288254765, -1.822459889580084, -1.8208228757576648, -1.8189143119802005, -1.8187428451712082, -1.8169609965751654, -1.8162127210058079, -1.8148229658923212, -1.8146559942301563, -1.8138730010016955, -1.8132962001584991, -1.8130178571304445, -1.8129436759166162, -1.8129108316183304, -1.8118988440376615, -1.8114505027408632, -1.8107856494781989, -1.8102559988647209]",8.05,2.491906089642216,8.0,12.95,13.0,1.0,0.0,0.00036954700995920573,24000,0.1,0.9,epsilon_greedy,exp,0.6,0.9995,none,3000,True
e1a,q_learning__d4710500__s51,q_learning,d4710500,51,15000,23.637559311000587,completed,9,3.766629793329841,357358,"[-0.6736459897049992, -1.4139791886855817, -1.9825155399716876, -2.5436854758315706, -3.15433341731809, -3.6246284276304155, -3.837093695725215, -3.9169166491689027, -4.04218226385114, -4.0329915342458635, -3.969244696544288, -3.9556056909753208, -3.8929758876246843, -3.8327307885956725, -3.7502380003716596, -3.65863952944822, -3.5581434770627487, -3.496512801668631, -3.4004821456539287, -3.34889816579591, -3.280006779576166, -3.2135229042955435, -3.1542058582778756, -3.0575710445996576, -3.0202699323396147, -2.9862788747233537, -2.9332121963739106, -2.9129512768009604, -2.869781666760152, -2.8508577544317832, -2.8101484619737542, -2.782021875712727, -2.7446157193671223, -2.718464541135544, -2.6882715841264138, -2.6453431996596004, -2.609951673561399, -2.5727999369038135, -2.542953902051995, -2.5140904679138254, -2.4865637334532567, -2.4718554900878904, -2.450403595398489, -2.4231224624611354, -2.394250004817578, -2.366447107864301, -2.344197096260557, -2.3236100306407526, -2.3102415570764085, -2.3004812310398632, -2.2878597454229057, -2.277038544363292, -2.268356057450976, -2.2516165801276222, -2.2399304295958586, -2.229029253863372, -2.220029612223541, -2.2002972255067976, -2.183675171303848, -2.171546973530085, -2.160617228687923, -2.1599058386761323, -2.147722773128889, -2.1290476365942173, -2.124245775605677, -2.10855777541652, -2.0954038956856413, -2.084815842449566, -2.078220493736794, -2.0633742370042714, -2.054285557751023, -2.0450246148341757, -2.0348981651520885, -2.026368203693199, -2.022511359719188, -2.0125805415009586, -2.0082432107801957, -2.0060772197743915, -1.9965052148796587, -1.9918144166429503, -1.9872976084153122, -1.9838193051596846, -1.971479678327068, -1.9673004875033964, -1.9616480458560266, -1.9542020147078067, -1.94815256776229, -1.9393171909317017, -1.9347492363580738, -1.9347174419749538, -1.930469462913255, -1.926854311696573, -1.9235432233607257, -1.9209572464824636, -1.9203730546519036, -1.91830226734545, -1.9159003568696158, -1.9094429575922167, -1.9078858043914784, -1.901304765749774, -1.8964387489660153, -1.893104473117196, -1.8890142334363296, -1.8848056649103857, -1.8821338439555466, -1.8792543981887777, -1.878208153973483, -1.877007473616576, -1.873690147447191, -1.8717406226211415, -1.8697877003342878, -1.8656652504570341, -1.8633962096957641, -1.860436607023426, -1.8587702277906228, -1.8577635962048265, -1.857733144228606, -1.8561710442269048, -1.852740627935021, -1.851956495069784, -1.8507984451527297, -1.850183869306943, -1.8497075309691315, -1.8475643085990483, -1.8467935638063724, -1.8455438069447254, -1.8449959728195933, -1.8432805030825956, -1.8428920745878505, -1.84260752147354, -1.840721544662981, -1.8397841924864402, -1.8392738878398376, -1.8386009790977649, -1.8376760754542296, -1.8369970149147181, -1.8360463474271327, -1.8351228139688465, -1.8339376144035857, -1.8330114231101955, -1.8329432431094188, -1.8315237017757686, -1.8309658112696003, -1.8305022609200685, -1.829793271781355, -1.8295114028239206, -1.8291907587689857, -1.828810252728734, -1.828585608389218, -1.827934940586254]",8.05,2.491906089642216,8.0,12.95,13.0,1.0,0.0,0.0005006020100518072,24000,0.1,0.9,epsilon_greedy,exp,0.6,0.9995,none,2700,True
e1a,q_learning__d5ed9376__s42,q_learning,d5ed9376,42,15000,21.775383755999428,completed,68,3.4342248033581027,334381,"[-1.0018488659867644, -2.120399983783001, -3.2011418209471945, -4.259696499938037, -5.205922902518226, -5.25147378779367, -5.385375851155101, -4.697286904535592, -3.9944150449125706, -3.013374364855953, -2.301101392015603, -1.7259162186541497, -1.155842592927684, -0.4940007035299787, 0.0031947601902873935, 0.6084094882887605, 1.0197692103086056, 1.5348020774358873, 2.0283096407115035, 2.458660592140715, 2.8414634998113524, 3.13873661710967, 3.641874879066537, 3.904742050490957, 4.199741301534539, 4.547117362235627, 4.781307748561832, 5.032844846490828, 5.178847109911875, 5.271841458847701, 5.326713507483536, 5.562267369290068, 5.672530099261577, 5.782625654026188, 5.9261123595947796, 6.062713048172702, 6.159462843058541, 6.184633068271242, 6.255676780995769, 6.309914635937621, 6.351375946026296, 6.3589428025428365, 6.430961940516174, 6.439175103533669, 6.498527237406541, 6.53090065054294, 6.654950097866858, 6.710073226119315, 6.759023346110762, 6.827557209577241, 6.885466384835041, 6.908500416175457, 6.931780135949792, 6.972955637563554, 6.992412855664298, 7.016681788754368, 7.032670442509187, 7.043865124931797, 7.063708373170482, 7.080821113781609, 7.083444052424469, 7.107714430101763, 7.133947788729083, 7.147366830386192, 7.186160544599392, 7.186408321552155, 7.206382719970327, 7.210315696818343, 7.257926013637069, 7.258159429047952, 7.265680337152587, 7.273320279238714, 7.276880800429747, 7.29096383667216, 7.302947897645987, 7.3136960940739, 7.3334211387050585, 7.34890874734226, 7.3751144169507, 7.384079180029845, 7.39299799486188, 7.401085555713802, 7.403198010234612, 7.408575949164775, 7.426056335560998, 7.438253877050938, 7.445165341998204, 7.451136521588359, 7.458800886550928, 7.466217883446344, 7.479202569444669, 7.4818930526355665, 7.495223801808252, 7.504215854706575, 7.505787035665705, 7.5142311233909505, 7.519859262324572, 7.523549496910637, 7.5311325327197585, 7.535330732432647, 7.5361678512770975, 7.5381147795685814, 7.5389381357380625, 7.542098739766996, 7.543997340788044, 7.545099424406958, 7.548126927130485, 7.549881848206904, 7.551078753454936, 7.552848498033413, 7.553141450484276, 7.553154468325228, 7.553638896525848, 7.556486865247379, 7.5593798475864125, 7.560520991779367, 7.561226896972523, 7.563604516763901, 7.568088123456419, 7.571206912311059, 7.57348260682963, 7.57460890512054, 7.576702164055747, 7.577972879489321, 7.579188718895417, 7.580430173999748, 7.581010294975573, 7.581502809230357, 7.582872987262085, 7.583439331642506, 7.583601234364164, 7.5842571474714235, 7.584558321139294, 7.584920624735102, 7.585368153124604, 7.586031586379806, 7.586065346554472, 7.587397445735173, 7.587587432592318, 7.588067525817826, 7.588541151569217, 7.589386147142703, 7.589450299396927, 7.589604098937676, 7.589663882087209, 7.589887013704182, 7.590009002803577, 7.590289167784495, 7.590531220882754, 7.59100005825332]",8.05,2.491906089642216,8.0,12.95,13.0,1.0,0.0,0.0005118670000774728,24000,0.15,0.999,epsilon_greedy,exp,0.6,0.9995,none,1900,True
e1a,q_learning__d5ed9376__s43,q_learning,d5ed9376,43,15000,21.18400576699969,completed,17,4.17433827091193,333684,"[-0.8992571009189082, -2.0789920868868244, -3.124092399528428, -4.105019702977174, -4.904595266755871, -5.255432876408823, -4.83408598000498, -4.271039660515323, -3.50633719397965, -2.8125574017732533, -2.1714847628734977, -1.647141635189749, -0.9847689451133069, -0.09312770759564308, 0.5391611564144678, 0.9958202037209181, 1.3785101135780005, 1.7481870862767224, 2.1854836924712866, 2.5133873814603205, 2.9029309955940037, 3.2915892965225884, 3.4658099075942252, 3.7415851249838474, 3.9116256528853333, 4.1144734560223055, 4.314362744341273, 4.527715282046602, 4.629717066931561, 4.879835197820863, 5.1316459443612095, 5.292545313774732, 5.472911760224812, 5.602527673164834, 5.700143481260299, 5.785615615634717, 5.882919633353152, 5.922399103054521, 6.027409504900988, 6.137956736475746, 6.294381012991946, 6.390166892868684, 6.445668559006413, 6.592025835694806, 6.666708936177069, 6.755016362736244, 6.797260653862117, 6.885468431115446, 6.890112555197427, 6.910925095363177, 6.980870252230413, 6.983823201338025, 6.998458424572613, 7.014235226169211, 7.037814830542247, 7.087579521932864, 7.142113526297426, 7.180354110749712, 7.207177706855577, 7.221595647533979, 7.247693693392131, 7.248068315121838, 7.276518695617886, 7.2939167663206, 7.345116961824141, 7.381346977963241, 7.392253422861505, 7.41249155994028, 7.442058250430639, 7.450069927666878, 7.4654170248970955, 7.4753630208948385, 7.487888635937409, 7.4925429751381865, 7.5216223965802715, 7.524648645365914, 7.536834572456663, 7.546036228322438, 7.552030545068797, 7.557122814692346, 7.562965956514306, 7.573814157428729, 7.5783973233976, 7.58709280762233, 7.593951168775691, 7.604614869693862, 7.609881914510707, 7.614715389697589, 7.620352757445934, 7.6241720317121064, 7.630436354290185, 7.632948238896919, 7.635405755081235, 7.638820881166641, 7.644249397666921, 7.649341884735304, 7.65086219925044, 7.654481541802758, 7.655704556074244, 7.656466897384112, 7.65738950410211, 7.667178680215639, 7.674600694922404, 7.6748172113647435, 7.678107233075009, 7.679029492768722, 7.685075111959729, 7.68685402883714, 7.689514883144085, 7.6926942228992345, 7.693082676275493, 7.694064602508831, 7.695114798225676, 7.697683808975794, 7.701007558455411, 7.70263015511893, 7.702971013300649, 7.703788090717385, 7.7045204414135675, 7.705370595882297, 7.707037712030294, 7.70985272769545, 7.710393626324392, 7.710998142879543, 7.7114537772237375, 7.712195928981677, 7.714066145974554, 7.714449643440985, 7.714955263384491, 7.714967490929222, 7.715137644853468, 7.7156652769248835, 7.715900187889559, 7.717340053155466, 7.7185615798191645, 7.718841339366802, 7.719244500776285, 7.719429910899406, 7.719569727312193, 7.71978536370924, 7.719936627967436, 7.719936874505884, 7.720895379966675, 7.720992497808466, 7.720998409170202, 7.72106690068052, 7.721116152184976, 7.721912806710364, 7.721981767506262, 7.722708817502849]",8.05,2.491906089642216,8.0,12.95,13.0,1.0,0.0,0.0005554390099496232,24000,0.15,0.999,epsilon_greedy,exp,0.6,0.9995,none,1800,True
e1a,q_learning__d5ed9376__s44,q_learning,d5ed9376,44,15000,21.64452458500091,completed,45,3.2793901872146902,335087,"[-0.8540094106463197, -1.9256584650269772, -3.110586431797527, -4.179583739662745, -5.068646316812707, -5.5262261155226655, -5.334125675104235, -4.689784103795048, -4.10940329005938, -3.305242581764309, -2.584337111412242, -2.0824674464602997, -1.3892184725310508, -0.6390627911707386, -0.221655332722721, 0.3998807513477501, 0.8638928886170049, 1.3548092414484003, 1.6770845652783846, 1.96655217716514, 2.327336797028565, 2.7959893627075276, 3.248644133044736, 3.412282694202214, 3.7350149423175334, 4.0228185263128955, 4.339246075999231, 4.53328410618542, 4.693670559738858, 4.782031584990623, 5.058383127205459, 5.154596952544872, 5.27085047757628, 5.356967973604698, 5.484769439955003, 5.688647861700159, 5.811270400325202, 5.837819816318643, 5.931193134920519, 6.083419970276788, 6.191870899496365, 6.2116553190657955, 6.326149190843338, 6.37732525574722, 6.428006146052238, 6.503145152654324, 6.545601677692198, 6.607462542466648, 6.6510034140185335, 6.73671224333515, 6.837914969057765, 6.934961844452803, 6.979802910633614, 7.006419284466878, 7.016221615415963, 7.039381363769572, 7.053547495470373, 7.096105977908906, 7.161508819048281, 7.183853356661102, 7.200846870511364, 7.23463001266821, 7.2486556625735, 7.273321231872171, 7.288398744408553, 7.309870733113101, 7.327034744065383, 7.34811024137963, 7.368170988095011, 7.377625371073413, 7.3810205150366555, 7.394085250623003, 7.401935959404239, 7.4079764753435775, 7.420929980050958, 7.432364177925521, 7.444231993977925, 7.454893590107897, 7.458402949218273, 7.46922434036698, 7.482356203183888, 7.486907527471126, 7.491995185145432, 7.495855989465581, 7.500109767806031, 7.507387648003525, 7.5116578633889235, 7.515943236475787, 7.518951074436687, 7.525462030983538, 7.528544490435483, 7.530222590260552, 7.5316694322451125, 7.537006544659998, 7.538369796212897, 7.5418890007734, 7.543042272855673, 7.544429863630536, 7.545406877850807, 7.548961405076196, 7.552497257725452, 7.555472832045226, 7.558806110154314, 7.5588680859806425, 7.559707501941622, 7.5612608867277356, 7.562179315611207, 7.5628964828338905, 7.564804959884736, 7.566200448338835, 7.56620768454108, 7.567386809255747, 7.567883054183585, 7.569793387896992, 7.572082356510521, 7.572185435852959, 7.572368426257353, 7.573995108147358, 7.574508382891264, 7.57451107282951, 7.574583727207048, 7.577323794792687, 7.578683030422302, 7.579051422395869, 7.580104875296985, 7.580667769022805, 7.581023566052453, 7.581709245001454, 7.582525290696869, 7.582726275409041, 7.583267681508082, 7.5834215033808965, 7.583822631211603, 7.5839343993226755, 7.58453757255026, 7.585305641371964, 7.5861097337631715, 7.586237432953096, 7.586512774718064, 7.586812847429305, 7.587012064377051, 7.587648360334507, 7.5880054820412255, 7.5885360366271675, 7.588672496616252, 7.588795269464231, 7.588841767919152, 7.588920006054023, 7.589296548587654, 7.589786305928219]",8.05,2.491906089642216,8.0,12.95,13.0,1.0,0.0,0.0004383199999028875,24000,0.15,0.999,epsilon_greedy,exp,0.6,0.9995,none,1300,True
e1a,q_learning__d5ed9376__s45,q_learning,d5ed9376,45,15000,22.536531906000164,completed,30,3.3151772199989553,335859,"[-0.9077010639828055, -2.234635855354021, -3.2172871252955924, -4.374247144583765, -4.98517533649198, -5.285390586801783, -4.894990023205367, -4.4700906245543415, -3.777939992965542, -3.0975606863324328, -2.622539319102766, -1.9045322680288428, -1.0544348284552358, -0.3273494232789786, 0.1807228080707676, 0.8408996911917598, 1.273498223971144, 1.5910204233228957, 1.9160870048826375, 2.54355298121012, 2.7327811340645214, 3.0960350051025896, 3.4171931298078326, 3.606222272385667, 3.8873211363977247, 4.116904990869068, 4.310466461107791, 4.412711326765607, 4.541646753436587, 4.740077586484868, 4.890617642599984, 5.123869163602539, 5.284140138675342, 5.420992224357182, 5.521661118406199, 5.647167950065299, 5.7355107134083125, 5.859828327781046, 5.897671040905195, 6.016628071969444, 6.208823982195312, 6.284832484907531, 6.372141372240589, 6.455067612284259, 6.512847798441377, 6.573212960847495, 6.632703654915346, 6.65217273238396, 6.666883974499046, 6.708994127725579, 6.736025954120118, 6.756734034181835, 6.793307897182865, 6.798684061706868, 6.833708207455006, 6.840195661170273, 6.868740805716554, 6.929635564433466, 6.980647726011109, 7.000602317398831, 7.016068552372915, 7.017814507106212, 7.0231707722187, 7.053497724882805, 7.071226990868819, 7.090428647366376, 7.113435575675382, 7.125327961554935, 7.126198727591691, 7.126781644772828, 7.157383981689096, 7.157994618737058, 7.186703535911973, 7.191057188793503, 7.192228012630134, 7.198861049771987, 7.207086649838856, 7.222419144184847, 7.2356267143346935, 7.241989544805253, 7.255269464832684, 7.262582346803049, 7.263191063131445, 7.2751681735017835, 7.291917670379643, 7.3042541522610245, 7.30965050692461, 7.3099769770047756, 7.31479984286267, 7.316675382652335, 7.335916317290521, 7.342934883159151, 7.3531654232285355, 7.356482895350845, 7.361801465594683, 7.3651426932262405, 7.3670979833749834, 7.37326992936554, 7.373315510487404, 7.382575273135502, 7.38956321322259, 7.392970909879019, 7.399229607922661, 7.40100909410299, 7.401919992230692, 7.404043110587478, 7.410082997503087, 7.415095410972861, 7.415101001747696, 7.4164317109704285, 7.417136964821141, 7.41715793536917, 7.42115815505746, 7.426300167734518, 7.427270906911348, 7.4299089752574385, 7.430410499674907, 7.433941510390634, 7.434217307323029, 7.434467295642936, 7.4350198646389, 7.435023197961757, 7.436782362652556, 7.437690619270887, 7.438166091385052, 7.4393139185442525, 7.43954626345373, 7.440327628227638, 7.440533546880824, 7.443658250145415, 7.445744457097945, 7.446096042103928, 7.447286170809959, 7.447288734266797, 7.447587481287107, 7.447639381596489, 7.448791629524042, 7.449427369867117, 7.450006414830211, 7.451021641482999, 7.451435395178577, 7.452167046905463, 7.45238203997227, 7.453410099801678, 7.4535913564229554, 7.45394237104141, 7.454218783560543, 7.4546931444626345, 7.455114963982089, 7.455784904293182]",8.05,2.491906089642216,8.0,12.95,13.0,1.0,0.0,0.0005144210099751944,24000,0.15,0.999,epsilon_greedy,exp,0.6,0.9995,none,1500,True
e1a,q_learning__d5ed9376__s46,q_learning,d5ed9376,46,15000,22.854726990999552,completed,12,3.0728488410593844,336828,"[-0.8640791020048683, -2.028518840506258, -3.2157571341815636, -4.2793660901640695, -5.013737843584267, -5.4121800576231704, -4.97092697488006, -4.428925826294976, -3.918217247900982, -3.1287388222785935, -2.407599853581589, -1.9943127164567922, -0.9328553812964907, -0.17162916663375183, 0.7773816912288363, 1.412835450115117, 1.8000110777676923, 2.253020586562069, 2.628348961708497, 2.9637850132207912, 3.240353658155393, 3.6181843911541, 3.8072900272846204, 4.027852222912623, 4.317405675777982, 4.604812534623123, 4.694395682551877, 4.963702505661167, 5.083338068805991, 5.153847770491728, 5.222923743759673, 5.378172813055042, 5.630850757148544, 5.72468044592273, 5.843815396744692, 5.8630088892381895, 5.974486253964319, 6.017736630548967, 6.073076247742155, 6.112448601376662, 6.13239091748469, 6.155235422942505, 6.255190800090538, 6.269555422207282, 6.342058610793964, 6.365843614348796, 6.369107182979136, 6.3783076409668125, 6.473746593117835, 6.572070324723215, 6.6238942713307365, 6.698751291796449, 6.7050826226140945, 6.726477120170829, 6.754722567430958, 6.793767991332831, 6.838120339095272, 6.870519386124267, 6.943257699500957, 6.968000410242932, 7.005098181823535, 7.008187093083525, 7.0154229739644745, 7.047543439765639, 7.075836466693951, 7.113205100980931, 7.132978004929925, 7.13511934984218, 7.1395289673377285, 7.142973538410598, 7.1660618844021515, 7.193973347169114, 7.22728175189144, 7.227335050129854, 7.245890511053114, 7.247503421438612, 7.251555161475759, 7.255163848463654, 7.280776831827221, 7.291076233052072, 7.291164293025227, 7.304285992634919, 7.329071204901298, 7.3304624234609275, 7.331310652829117, 7.3313387245327934, 7.339135928295093, 7.347977690239018, 7.355227504320916, 7.364934489078937, 7.3723075921610866, 7.373446785845629, 7.387701138977964, 7.389557051725354, 7.3907095979055155, 7.39071018146548, 7.396419254414905, 7.400007311254126, 7.40699742717863, 7.411108256374962, 7.4134682080504115, 7.416077464513473, 7.420820714467444, 7.428863051191806, 7.430580557851917, 7.43149142744272, 7.4351263706366995, 7.438572275433952, 7.439055268406906, 7.439710455922198, 7.439855665850918, 7.442589900365318, 7.44838044964855, 7.4496476461286285, 7.452569120459748, 7.455064569255914, 7.456637643309054, 7.456645603705946, 7.456713700220928, 7.458005943419407, 7.458922617848587, 7.459534697911288, 7.462495258148849, 7.464982963810141, 7.46988916409291, 7.470207249509635, 7.472012910524568, 7.4721424762842314, 7.473536181625194, 7.473629588603076, 7.474479823984112, 7.475556192110639, 7.478824022200749, 7.479697599864337, 7.480480306212633, 7.481912215195974, 7.482345355502168, 7.482891174593506, 7.483670364052386, 7.484809143123991, 7.484834525391048, 7.484881416392671, 7.485121046266264, 7.4853268931890575, 7.486965812705921, 7.487253187322012, 7.487563380615426, 7.487577779929954, 7.488170389531091, 7.488400168402893]",8.05,2.491906089642216,8.0,12.95,13.0,1.0,0.0,0.000503847999862046,24000,0.15,0.999,epsilon_greedy,exp,0.6,0.9995,none,1600,True
e1a,q_learning__d5ed9376__s47,q_learning,d5ed9376,47,15000,22.956781916998807,completed,13,3.0347817054938235,333619,"[-0.9988061202100014, -2.158575466039823, -3.256718517152628, -4.235181455383524, -5.071706904265186, -5.170732211370989, -4.906252845525074, -4.173974667556002, -3.7325343964670354, -2.911017247533707, -2.114826792089428, -1.5664749725853855, -0.9221113790167521, -0.243844887693458, 0.16657042991179472, 0.6244212926173317, 1.208538892472442, 1.803294646791095, 2.1947452346981096, 2.645369511383555, 3.0302238701547646, 3.333957795414446, 3.4653422583671403, 3.600154510233489, 3.8211721541199783, 4.043448516744985, 4.337372024532142, 4.531385580033801, 4.672804049052859, 4.771419208521765, 4.857431668641019, 4.921301936985969, 5.160605198917068, 5.260306598902549, 5.360172461282997, 5.439951046004365, 5.47461096611343, 5.56658663425009, 5.69342325507936, 5.755324816696068, 5.784729592706075, 5.837603437561213, 5.88703029607856, 5.946099387661315, 5.955002521996305, 5.979896035361654, 6.025889884966579, 6.072828436884861, 6.090997125882581, 6.210861783051997, 6.212801328834073, 6.258623366861441, 6.330717648434592, 6.378740133116735, 6.493474297821327, 6.525179672904373, 6.5413700273344935, 6.552960424991019, 6.583413382654874, 6.605043238850044, 6.626644956647449, 6.69936890999981, 6.7327861876016275, 6.784335521443868, 6.785463823412016, 6.786568178082012, 6.819624187571438, 6.8449532939069435, 6.8593030665430685, 6.876358208287319, 6.955114723792647, 6.960720439578964, 6.969323682865505, 7.001164114703682, 7.008885097327091, 7.015683931149856, 7.024307725638584, 7.03180582126547, 7.032776333950285, 7.039233914698344, 7.039332945414268, 7.041390489974679, 7.046306896391886, 7.061064658438034, 7.083018879078035, 7.092658870259038, 7.134522028580021, 7.1442112145257, 7.146292271153096, 7.173788767501536, 7.189140290951432, 7.190741236117423, 7.191137051556983, 7.191786356428143, 7.197101010451976, 7.199451011937904, 7.200628398476345, 7.214905641628565, 7.225804595372976, 7.23904346986251, 7.239841287575672, 7.24839523233074, 7.254564005686029, 7.254853961795573, 7.255012841294817, 7.258485255753535, 7.258493387163318, 7.258518161698992, 7.26079705121845, 7.262745033828641, 7.270943624392289, 7.276130248910333, 7.276130743229248, 7.281150502499538, 7.2811547914695485, 7.281509870470555, 7.282115065828842, 7.285566069441199, 7.288148741576771, 7.288149059942327, 7.28831430147099, 7.288896096326627, 7.292614294940677, 7.2956841936675465, 7.295731703499429, 7.296444731610499, 7.2967278260493345, 7.297011172807847, 7.300755447893409, 7.302791596915234, 7.303214766463625, 7.303251756823574, 7.30446290851327, 7.30559539874145, 7.305724065399394, 7.3074574485944686, 7.308839677369496, 7.30886210340003, 7.310321729988064, 7.310333597117057, 7.310609712657273, 7.310643925034051, 7.310662059519957, 7.311861337193291, 7.311880139031412, 7.312938194768425, 7.314071430839344, 7.3150073076891555, 7.315067529690311, 7.315975858367684]",8.05,2.491906089642216,8.0,12.95,13.0,1.0,0.0,0.0005770560000564729,24000,0.15,0.999,epsilon_greedy,exp,0.6,0.9995,none,1700,True
e1a,q_learning__d5ed9376__s48,q_learning,d5ed9376,48,15000,25.00757076500122,completed,1,3.244441400302986,332741,"[-0.8742163988611361, -2.1018112498707113, -3.0659920039306834, -4.054234687499683, -4.81660721232349, -5.188462093812232, -4.9624640557033075, -4.818951179453851, -4.148818664069215, -3.6078955025353263, -2.7724621755906482, -1.8172885241744907, -1.1646241490784504, -0.4091837632954641, 0.09543170146522748, 0.5752931759611936, 1.1284530998326399, 1.6299890885453079, 1.9123177279157901, 2.511012689227781, 2.8481408354099003, 3.3180548231207463, 3.679052224019277, 3.896582900840204, 4.092388563041918, 4.2376288216662, 4.410853341273834, 4.5219982334072215, 4.5832078364584525, 4.798763722511456, 4.921374572160108, 5.040356888212126, 5.208430289650749, 5.268987050810751, 5.357930512500341, 5.41252818154363, 5.5172077715758165, 5.601872407447699, 5.711268718594633, 5.784458879165824, 5.8748442965427214, 5.959001097119422, 6.021941205507874, 6.0808468978379855, 6.134033819062133, 6.220620105287683, 6.248907820898226, 6.280392477866798, 6.297238983106968, 6.3382762849223315, 6.35931378664963, 6.401004701511792, 6.460355250612232, 6.489732768872163, 6.515382404416051, 6.573182540114292, 6.627767368242304, 6.663370008534144, 6.668459508009322, 6.700963067000276, 6.71569393498439, 6.72493062688071, 6.762482951410587, 6.793037163009334, 6.819534282460371, 6.823030424649955, 6.829716205050883, 6.844616667080481, 6.859054362253054, 6.85961313999051, 6.863486209103186, 6.866638467781491, 6.889321082233099, 6.892451695957652, 6.892614361413944, 6.9042396361196205, 6.93149299352531, 6.961565469025941, 6.966812223374893, 6.976254436198567, 6.988646937631328, 6.991196503568969, 7.007126451119375, 7.01037196953147, 7.011736053894469, 7.017570294930739, 7.03719217350925, 7.042412427525391, 7.052226973350122, 7.054896644195853, 7.0631898849611865, 7.069281288568319, 7.071903369564024, 7.076996878606924, 7.0809542004817985, 7.090897470488243, 7.090925315696699, 7.098876673436654, 7.098910154389753, 7.100424850290325, 7.1028972566257815, 7.104705128083272, 7.108814846325953, 7.112493333409025, 7.1161814370527825, 7.11621031070615, 7.117319120361146, 7.118958985840279, 7.120697927543025, 7.1212980447986105, 7.123254181654484, 7.123802610046039, 7.124258640818023, 7.124727821008768, 7.126093993157724, 7.126345799238473, 7.127212939838488, 7.128911183289731, 7.130037671439592, 7.131048533614558, 7.132194371546017, 7.132986147485935, 7.134866070818569, 7.135079933341304, 7.137342391082916, 7.137401819623305, 7.137497997996349, 7.139168483948349, 7.139172932471747, 7.139472618553826, 7.141365065010498, 7.142506748166702, 7.1438254773528564, 7.143963907838827, 7.144816537096612, 7.146004807290939, 7.147283345631225, 7.1479323500234395, 7.148573140224681, 7.149071831725925, 7.150098981218764, 7.150796809298407, 7.150930177183912, 7.150931707178328, 7.150988677207929, 7.151741644004944, 7.151943994099199, 7.152213803926293, 7.152915912472826, 7.15296277187099]",8.05,2.491906089642216,8.0,12.95,13.0,1.0,0.0,0.00044733699995049394,24000,0.15,0.999,epsilon_greedy,exp,0.6,0.9995,none,1700,True
e1a,q_learning__d5ed9376__s49,q_learning,d5ed9376,49,15000,24.46292415100106,completed,52,3.406038754917507,334989,"[-1.0030515533260163, -2.1729753924130653, -3.2673602802451303, -4.392691944012233, -5.300536114063448, -5.6365136998657785, -5.718028915101169, -5.307916755003892, -4.522449334692203, -3.779100837783441, -2.9354144334629115, -2.192963145282855, -1.517807221229648, -0.8902890946489547, -0.22793167146620136, 0.3037599051346847, 0.720273103002895, 1.340940566260822, 1.9800383729974025, 2.3931640598058546, 2.861134995796147, 3.2010012849303764, 3.623086643377577, 3.8135205321639774, 4.132325326835999, 4.309632053738157, 4.454005709419381, 4.616514602891302, 4.6730402408363805, 4.763996398662537, 4.802211348251708, 4.929726687468403, 5.017393095526915, 5.089080411231184, 5.176621074713265, 5.296292807464, 5.398448739825137, 5.548842626801764, 5.612824152515018, 5.645427709688378, 5.718341440454181, 5.763630270129181, 5.864362415347435, 5.906382095054354, 5.956135809130197, 6.039382855403677, 6.10097711435724, 6.161932837500047, 6.2108400791588085, 6.273576315226722, 6.3446301797699425, 6.390372955802832, 6.392990242032932, 6.453023234534481, 6.4874569429084925, 6.52847265891418, 6.552139126054913, 6.561612044612408, 6.566001355038704, 6.577950657232686, 6.587152992113405, 6.605425080094334, 6.632414554873564, 6.637057973495087, 6.677933667714359, 6.6980011404949416, 6.727698403696123, 6.760998556574736, 6.783882351573185, 6.794366148450849, 6.8071390315167175, 6.811925750208877, 6.819582995732853, 6.829324730124753, 6.840096923167428, 6.865681881955323, 6.866143781149196, 6.866692711700185, 6.87637697115702, 6.88284942350541, 6.891507618049961, 6.892781466196002, 6.89477297027895, 6.900669413251625, 6.908531833355869, 6.92415392984445, 6.933638402051482, 6.940269451775037, 6.942771591334895, 6.946568951406461, 6.9544099071263, 6.960735423259838, 6.964419238192164, 6.96987227314057, 6.976483849263497, 6.977398613565051, 6.982136808317232, 6.983563663313359, 6.988885173806581, 6.990393440726163, 6.991626476964587, 6.995197099685603, 6.996401652801503, 6.9972927141581005, 6.998149312276181, 6.998876559668308, 6.999674711908087, 7.004138497712335, 7.008646511079633, 7.010366550962989, 7.011719907899346, 7.013890886390367, 7.014297609006005, 7.016597976265006, 7.018283148480636, 7.021058238399934, 7.0231742157882895, 7.026948622263917, 7.029577192528043, 7.029791666492474, 7.032490112651335, 7.033801939424308, 7.035812766600368, 7.037616283998946, 7.039035886408356, 7.039331785087469, 7.040474375724531, 7.041549837473203, 7.042808411225354, 7.0433603716942885, 7.044811088177752, 7.045019416778749, 7.0453159930485265, 7.0454833918093, 7.045945685345165, 7.047060395536055, 7.047959156298063, 7.048704839535178, 7.048883843924939, 7.048966606357863, 7.049166270012477, 7.049360253808739, 7.049360581315414, 7.050053484730879, 7.050223413110175, 7.050350201042469, 7.050537658171752, 7.050735284859813, 7.051384579880552, 7.051719540599745]",8.05,2.491906089642216,8.0,12.95,13.0,1.0,0.0,0.0004183309999461926,24000,0.15,0.999,epsilon_greedy,exp,0.6,0.9995,none,1700,True
e1a,q_learning__d5ed9376__s50,q_learning,d5ed9376,50,15000,25.05639733099997,completed,17,3.152078679221063,334030,"[-1.03431798961931, -2.2652843910244154, -3.2304591908025824, -4.468762992976639, -5.01757605578363, -5.309376520487157, -5.137053598696201, -4.549456346190223, -3.551106225216254, -2.647501606426251, -1.9249147147830974, -1.122363282730423, -0.6791231352048998, 0.0018585377834773099, 0.6414166420533867, 1.267299415671307, 1.8014124490746057, 2.2555604459045733, 2.704807118705556, 3.0283310845845546, 3.349686161636056, 3.598344357846526, 3.7768188444582154, 3.941690754546338, 4.189363715629959, 4.442959110333698, 4.485595419547625, 4.698516006896967, 4.860365521789621, 4.947652504725046, 5.078111118575629, 5.152665628228906, 5.243312781021813, 5.304299242087838, 5.480664908767386, 5.569125016199666, 5.623933659422867, 5.730068727983396, 5.797445871734542, 5.875177352892047, 5.885421135236302, 5.904891563262621, 5.9340966867032865, 6.026667960761503, 6.066176316243969, 6.123513989772819, 6.206520967301311, 6.284002389617824, 6.341072899217223, 6.383824373835993, 6.3976718821442935, 6.432635933294574, 6.461792147258, 6.495911500481752, 6.526470643996873, 6.528836823862442, 6.531368875861478, 6.545860016176393, 6.579485775505501, 6.626666824909351, 6.651717385402208, 6.695284073423909, 6.718137258350372, 6.744163064000858, 6.752599408385253, 6.780195656793283, 6.806580677972503, 6.8292887608503765, 6.845032566547578, 6.8686762851083625, 6.8754910261645685, 6.882021959289969, 6.895590221094845, 6.910851729774823, 6.929431479056234, 6.932638346500326, 6.942941467655233, 6.945281711107733, 6.958465542353276, 6.975853433375231, 7.0138643185452185, 7.030487137493029, 7.035324283631581, 7.035716573252637, 7.038352473288115, 7.040174832630309, 7.064669038804657, 7.0801407182637925, 7.088385655459806, 7.093867461583728, 7.098880021230063, 7.106013125170501, 7.113025254594731, 7.113859522200262, 7.116365817981678, 7.126135557464803, 7.127610267609703, 7.127877069185217, 7.129286981371327, 7.139092391754017, 7.145636404932978, 7.147527562520334, 7.152466482926816, 7.160290051869405, 7.166212420060826, 7.169682455694511, 7.172779593369452, 7.1762216713013505, 7.178893450201449, 7.182770012201143, 7.184313425522455, 7.185259620153094, 7.187874745609178, 7.187876575108009, 7.189433445116526, 7.190786095418798, 7.194433220584249, 7.196372423329154, 7.196433912042384, 7.19709736214229, 7.199252781316249, 7.199752013839606, 7.200552379919286, 7.202977159125954, 7.204455916982437, 7.204456820858074, 7.205579643094419, 7.207235175532893, 7.20870198850536, 7.2087464209438865, 7.208755185650886, 7.210267165063387, 7.210585780932287, 7.2108392616669015, 7.213227904229907, 7.2142180586412055, 7.215575303579533, 7.21609334915738, 7.216478310782806, 7.216610229316784, 7.217033594628761, 7.217137820454096, 7.217258152380061, 7.217430871688095, 7.2178066206731435, 7.218218860529043, 7.218741607733285, 7.2191447402341, 7.21935748863181, 7.21962447493536]",8.05,2.491906089642216,8.0,12.95,13.0,1.0,0.0,0.0005617739999797777,24000,0.15,0.999,epsilon_greedy,exp,0.6,0.9995,none,1400,True
e1a,q_learning__d5ed9376__s51,q_learning,d5ed9376,51,15000,24.74658150600044,completed,9,2.5067109925158904,332556,"[-1.0120313821545504, -2.087982330121273, -3.046137724001382, -4.241317313957321, -5.044186531605466, -5.115866120616199, -4.69687354965251, -4.076819773489227, -3.4631975011009075, -2.922621187639792, -2.281986556783274, -1.4336874146528877, -0.9258949897436092, -0.205836619140832, 0.19892691279289088, 0.7533543946809578, 1.2784323806710214, 1.8053222573522882, 2.248428474530361, 2.6733617419892997, 2.899320681068245, 3.193976994188405, 3.499672284026414, 3.7083191024807447, 3.8026544144806134, 4.040577017908813, 4.133530987354248, 4.187821412353331, 4.417634605006085, 4.620060329617666, 4.754316225467483, 4.947318682790612, 5.138822114972512, 5.280380562678775, 5.381192125962359, 5.437116355525718, 5.564467827737648, 5.651223698418517, 5.705057728760889, 5.8382971014248985, 5.966898839818006, 5.976016105200892, 5.9920451180462075, 6.059989544655284, 6.127086581895029, 6.200596956884363, 6.273059546618689, 6.313856092929269, 6.316400501044405, 6.369980613599846, 6.431287716039554, 6.499336041639733, 6.572171894185329, 6.596544042037012, 6.674355565968282, 6.7179964860653545, 6.743386000736911, 6.768977572211442, 6.786529616326289, 6.8076749410117285, 6.821502634829996, 6.834440756617088, 6.848584997589485, 6.9050205292773486, 6.923558237836408, 6.948304286873439, 6.961200883996516, 6.972585056331771, 6.979326690655983, 6.98651511253173, 6.994254859109541, 7.010850015971971, 7.011288078119757, 7.014229753842562, 7.026190927440174, 7.0262388786997905, 7.027704851727817, 7.029779195141782, 7.037179963443729, 7.045736750109644, 7.052259663314778, 7.0593857423402655, 7.079290327581999, 7.0870151576032026, 7.091621241570019, 7.095456871531012, 7.100203788475609, 7.102227169073129, 7.113166341338095, 7.1132375753136206, 7.1194631965414485, 7.123143970061145, 7.1246345070608665, 7.128366315464762, 7.1319270855648, 7.135381586504829, 7.137643874685645, 7.1394212063817655, 7.1434150988234055, 7.146074531382433, 7.147618766128422, 7.149354210008473, 7.1507363095633085, 7.151387795745177, 7.1522472099208345, 7.153673157110925, 7.155829985770156, 7.157662514656991, 7.160722380218556, 7.161940528685767, 7.162550025341105, 7.163051452968841, 7.163059186688863, 7.165305305889216, 7.1676229402303315, 7.169504752082718, 7.170302512452514, 7.170857719973215, 7.1715361590138915, 7.171540277303862, 7.172477896378823, 7.173340850956532, 7.174046508120183, 7.175060150356927, 7.1755765094852375, 7.176226145344045, 7.177033355700692, 7.178028865255393, 7.178873143601196, 7.178928719920908, 7.180343165671861, 7.181510618395387, 7.182666855133288, 7.18288490204328, 7.1836724440681845, 7.184160025218317, 7.184572095430803, 7.184639869445937, 7.18487774776099, 7.18553014548317, 7.185535583955537, 7.18564911092536, 7.186145189221921, 7.18626192602105, 7.18672302807582, 7.186752065651951, 7.186910795928014, 7.186963307681892, 7.187236403757351, 7.187509297853779]",8.05,2.491906089642216,8.0,12.95,13.0,1.0,0.0,0.0003314140000111365,24000,0.15,0.999,epsilon_greedy,exp,0.6,0.9995,none,1800,True
e1a,q_learning__db923134__s42,q_learning,db923134,42,15000,27.0639259139989,completed,68,3.1594145027204013,425216,"[-0.39720519604080046, -0.8330056179797959, -1.1971912705810677, -1.5934644237188453, -1.9646731010768756, -2.3796778129945353, -2.733634425854932, -3.1019300580200992, -3.4078437382327293, -3.6795320073672846, -3.9082388863042175, -4.119047681990391, -4.27963538587073, -4.404927660341972, -4.4820205907323585, -4.530995703555679, -4.575286379206672, -4.5947480753504175, -4.550498019141499, -4.513882626877266, -4.43927768450349, -4.38449871549328, -4.286798011370821, -4.203775238296988, -4.1154956876997275, -4.028414481873147, -3.9639022833026556, -3.8327859631942744, -3.78241228267647, -3.6698111247922176, -3.546887044317084, -3.454789777862827, -3.378114690819059, -3.282178407547414, -3.18831234752126, -3.096849791368151, -3.0311388517794344, -2.9486325458122846, -2.8565720685698825, -2.763957178870567, -2.6578027645128732, -2.561554027503478, -2.467853000217334, -2.3804135448536736, -2.2907160579792096, -2.2237749121446426, -2.1390210011848985, -2.09238542295624, -2.0031114835659287, -1.9057091659103105, -1.846318036329721, -1.768485277074117, -1.6613484758573838, -1.615934964058213, -1.5199669378977745, -1.416584973367651, -1.3225282220179675, -1.2410008731330977, -1.1847857317474282, -1.0568958029745419, -0.9872849351500115, -0.9123204541048471, -0.8718931163180215, -0.8402417538984055, -0.7799335992773557, -0.7474155319948962, -0.6921466885622677, -0.6500574943149748, -0.5908689021562569, -0.5655964782978224, -0.5290678058855716, -0.4960086386150607, -0.45294190484401764, -0.41580039946672576, -0.3826836727744893, -0.3542905672031418, -0.31241158038280864, -0.2681107250735328, -0.22781762822421026, -0.1968463913982394, -0.15373847172235847, -0.10826581872288604, -0.06681714381732837, -0.026438869601043045, 0.011285047956575027, 0.04533398083537798, 0.05929205628347237, 0.08119935427406753, 0.11134291125295093, 0.13497134598249658, 0.14401427069575642, 0.16036051824731382, 0.17879858250639719, 0.20053406279097272, 0.2229641230584207, 0.23116347440708643, 0.26004008971167913, 0.2698963138538968, 0.2841729140716288, 0.3031659127570322, 0.30978706558005187, 0.33165316756675073, 0.35057554371845645, 0.36040255595801834, 0.3886541409525818, 0.40211173215068235, 0.42485352229898893, 0.4410403104018872, 0.4624926799828523, 0.48602919453741517, 0.49794709390029807, 0.5011110769133451, 0.5185670363165155, 0.5307106991432106, 0.5462677700939307, 0.5545285661729764, 0.566132859955605, 0.5713221291350125, 0.582874224273869, 0.5987438334631914, 0.6104119316066293, 0.6197896390907339, 0.6342027860512405, 0.6473903281639742, 0.6669372511776325, 0.6796351235685661, 0.6854024862705743, 0.7136476579819154, 0.7300191480738847, 0.7346030621254035, 0.7648487201470913, 0.7766890632388423, 0.7950596269649054, 0.8149682998043264, 0.8255072770208844, 0.8317155170452437, 0.8361024768673533, 0.8445648667493885, 0.8708538514070476, 0.8777114660506168, 0.8886649561290874, 0.8906000085727778, 0.906504540825918, 0.9120901491987486, 0.9349010153497898, 0.9404041316381047, 0.947827203870387, 0.9492879681384644, 0.9599843549656737, 0.9655645616404626]",8.05,2.491906089642216,8.0,12.95,13.0,1.0,0.0,0.0007150300100511231,24000,0.05,0.95,epsilon_greedy,exp,0.6,0.9995,none,4300,True
e1a,q_learning__db923134__s43,q_learning,db923134,43,15000,26.16210709799998,completed,17,3.432724865176352,418457,"[-0.2901451923063594, -0.7072681388887369, -1.1909967668505541, -1.6508363755346498, -2.0733707943226154, -2.437232459227696, -2.726322420068261, -3.009739926466915, -3.294333560824295, -3.569845887472028, -3.7833737156376657, -3.9658472791409562, -4.1218262571486415, -4.219971319626782, -4.207995535874004, -4.219692169930549, -4.229239909178064, -4.161831638040678, -4.085143190382142, -3.976704836999451, -3.883439001460702, -3.78527981873068, -3.662597270254264, -3.5097373241794236, -3.421603196003529, -3.327429094217788, -3.2315690507877184, -3.1499212161733707, -3.0924565551590226, -3.0332517536635977, -2.9376666055482668, -2.9022230655222994, -2.8196676444736988, -2.717057029727523, -2.6109280261171963, -2.5589761981448538, -2.450556721330641, -2.366100575443326, -2.2398432429241737, -2.113184398771405, -2.036944229635542, -1.928824752635784, -1.88041878151693, -1.8090614624800196, -1.7251670482989476, -1.647450182940164, -1.6111382590806258, -1.549938661075454, -1.481708194867447, -1.4310422025975786, -1.3642753562636176, -1.3068934652794577, -1.2381642797917027, -1.1679507993027138, -1.1190335603060388, -1.0287844894817515, -0.9677866456667552, -0.9130552632208446, -0.8535843652466109, -0.817685444247815, -0.7690065242734239, -0.7286995304902671, -0.6814796777752067, -0.6278317471411631, -0.5813823107349828, -0.5425028361086828, -0.4966334903880801, -0.4573874287475769, -0.41565860428162654, -0.37310767570131326, -0.330555579149787, -0.296011114520421, -0.2745760311046022, -0.21375930316261346, -0.1829536329082275, -0.14837240488748665, -0.11483099549648929, -0.0739923460624989, -0.039448141786748894, 0.008844368226743083, 0.035192016806529745, 0.05826522338439659, 0.07862072950645312, 0.09897808277940644, 0.15273181420976503, 0.17774619894557625, 0.2051216108487484, 0.24071828246725271, 0.2528862980187917, 0.26199958463086853, 0.28174786917559813, 0.3133192459964905, 0.33289788346054205, 0.3453776269820493, 0.3594257279694901, 0.3843097538694812, 0.39810687791385374, 0.42337874345549703, 0.45422611397786083, 0.48160712633895625, 0.4956130787446994, 0.5166756717309138, 0.5462537340211336, 0.5587740417742029, 0.5894096760329168, 0.6114699516150256, 0.6504507941054751, 0.6743620196035695, 0.6897943413298375, 0.7148214935890392, 0.7310058092626746, 0.7389555226876539, 0.7440599615583179, 0.7652653049293067, 0.7862156156083785, 0.8054017015086589, 0.8149320692272061, 0.8213163315856062, 0.8321043176989453, 0.846374798776916, 0.8650923964801421, 0.8807422679880184, 0.8960558773730708, 0.91271494248204, 0.9289936886006629, 0.93064901239538, 0.9483423225541394, 0.9568715832497297, 0.9715486080955522, 0.9865977743875125, 1.0011000956274498, 1.021708136001912, 1.0306163600325755, 1.0465217370676991, 1.051686026209193, 1.0677116968543303, 1.0744470475374228, 1.0839560538130164, 1.0953716876141486, 1.1044157252552391, 1.1119466189308769, 1.1216702835488805, 1.1268226073554333, 1.1388348493890692, 1.152299574871469, 1.1580559319877606, 1.1615018580024346, 1.1681370383241179, 1.176675917765624, 1.1841891476419386]",8.05,2.491906089642216,8.0,12.95,13.0,1.0,0.0,0.0004814339999757067,24000,0.05,0.95,epsilon_greedy,exp,0.6,0.9995,none,5000,True
e1a,q_learning__db923134__s44,q_learning,db923134,44,15000,28.32213553499969,completed,45,3.231887993108672,422221,"[-0.29499283082079214, -0.7410704674144294, -1.188022090576044, -1.627747748870834, -2.023345577934211, -2.35943867751304, -2.7369416535213036, -3.018843148430929, -3.2842547349368285, -3.574419555101638, -3.8216557843917838, -4.044867281145771, -4.232597601288601, -4.3424689415348805, -4.429167582904605, -4.471865489485509, -4.490987046807066, -4.465834139358481, -4.446293750646015, -4.405203198764807, -4.3132565719367175, -4.199603188863222, -4.139284103457483, -4.017101372837384, -3.939853906907354, -3.8586265489806477, -3.739500927513691, -3.6546066985677834, -3.5893206785621654, -3.494567591963875, -3.396055109546153, -3.2786162120784947, -3.221721904900916, -3.098522581294404, -3.0181408069001816, -2.9753218778020907, -2.900878943306368, -2.827516249714765, -2.7180029072065706, -2.6507006598067124, -2.5736102517275827, -2.4850458551572467, -2.4359487929937838, -2.3936765743989747, -2.272700073477174, -2.1931239109005842, -2.1327191102086527, -2.0563023170721793, -1.9869973052887402, -1.9199126659085513, -1.8353266750418982, -1.7715133996731196, -1.7154371422993697, -1.6344183799138674, -1.5862732296851452, -1.4937354260970788, -1.4149650789196144, -1.3353370352118588, -1.2851664738492963, -1.234342548923737, -1.1869193075697106, -1.147666405914399, -1.1150649911422312, -1.0681480913373074, -1.026330577080646, -0.9875057252089404, -0.9176888126581565, -0.8865752559804039, -0.832497677124821, -0.8038188046734454, -0.7720789235156301, -0.7102723810789008, -0.6454625752227356, -0.5948188678465918, -0.5662801358831201, -0.5156986175691239, -0.49802884541013515, -0.46680681912540645, -0.4418443913877677, -0.41300965461042144, -0.364243833990204, -0.31104862825577134, -0.28112935123224353, -0.2500345755118826, -0.21214003599347717, -0.19115275393816414, -0.17600033288736963, -0.1474155800894472, -0.12375369626626016, -0.1125453660898771, -0.07045521900002075, -0.032781241193355286, -0.010082194207418297, 0.023771618599831342, 0.051044556307741885, 0.07104389907640837, 0.08404066615495255, 0.10631241165859348, 0.12129287704891117, 0.14945438032046926, 0.16653036171505878, 0.19217478296129276, 0.19743935059694404, 0.2145874950174851, 0.23141582517390785, 0.24376084487690602, 0.2748575565771988, 0.2944759683078372, 0.3039392926176946, 0.3270336851520724, 0.33779300022625086, 0.3490776625966719, 0.3719887195549992, 0.40912532995494455, 0.4173968246793027, 0.4521353853387498, 0.47076841105662537, 0.4966023321814024, 0.5117770634012169, 0.5142692230593428, 0.5297933109442386, 0.5539143585998022, 0.5729405673723809, 0.58311045735741, 0.594243445639026, 0.5973029412103912, 0.6173555702239576, 0.6359758109988671, 0.6398939767622436, 0.656914669700133, 0.6773520344234286, 0.7132237621487773, 0.724358417840309, 0.7330440717903215, 0.7453244621298943, 0.7652549619287295, 0.7848714848762518, 0.7959904243686441, 0.8094702029178197, 0.820432139332274, 0.8288392259615702, 0.8357597934577133, 0.8500443482954807, 0.8698399321933612, 0.8862346563343235, 0.8953950943924357, 0.9034866688736024, 0.909341006213599, 0.9163777167940851, 0.9336789902132085]",8.05,2.491906089642216,8.0,12.95,13.0,1.0,0.0,0.00034440899991750485,24000,0.05,0.95,epsilon_greedy,exp,0.6,0.9995,none,4400,True
e1a,q_learning__db923134__s45,q_learning,db923134,45,15000,27.443285731000287,completed,30,3.672206421213274,419244,"[-0.36531214115419014, -0.7592232532028843, -1.1793693360126036, -1.6335560936146567, -1.9239755659896092, -2.2866965953700773, -2.667734440096924, -2.973562534870963, -3.270240326867025, -3.5676797929523305, -3.8176524345461003, -3.950745733902208, -4.087279160337611, -4.19541105112765, -4.2856020776936425, -4.271010432940286, -4.250991279999887, -4.214733219415069, -4.192851825228146, -4.183834557285783, -4.133209537155961, -4.0651471374428265, -3.981629898619494, -3.898682244649791, -3.7994729501615843, -3.747899225852512, -3.66785262273672, -3.566028697727599, -3.509548922635911, -3.484921373482275, -3.3600881228715287, -3.284260672374112, -3.203876570983184, -3.126521402348309, -3.073613790675224, -3.01390740760677, -2.953137531868367, -2.8714766013416853, -2.815963126217489, -2.7120137449771775, -2.6059477451602877, -2.5494674681542433, -2.520008361794741, -2.446202660018983, -2.377113684831559, -2.2841739205302525, -2.239056953256969, -2.1872099986736986, -2.1138781598934053, -2.028898214467247, -1.9535101167043427, -1.8706733352881113, -1.8259787789867405, -1.7484793469990372, -1.6709979320623376, -1.6104768451927536, -1.5626773391413276, -1.511709383292643, -1.4673506923404125, -1.4072858046554124, -1.3398838112112375, -1.2991747773486346, -1.2378993132524199, -1.19837551584874, -1.1579817323932065, -1.1125288082074112, -1.0757441006776758, -1.0204226542038781, -0.970072897342007, -0.9299278359101383, -0.8790417779364714, -0.8293619243023583, -0.7847442518513765, -0.7484234610325625, -0.7071520992160086, -0.6779978799311099, -0.645151280421726, -0.6101223865998462, -0.5819765816007155, -0.5535922453277217, -0.5031508897864757, -0.4641361412209894, -0.4479345423918847, -0.42317354222075393, -0.37729096302665255, -0.34855229743964405, -0.317963239714216, -0.28642742459325526, -0.2526859772397734, -0.21350019662635852, -0.17764941960572, -0.163947701292655, -0.13305844082944948, -0.09905544300463028, -0.05038982207469928, -0.016571904144241114, 0.01927868140839193, 0.04280106366458649, 0.07090487240354153, 0.08412748243970301, 0.11079107621683355, 0.14715874795811743, 0.16785534666954025, 0.1992977512198966, 0.2194185840535248, 0.2518292529626708, 0.25924066953328956, 0.28825717186175576, 0.30549115054955384, 0.33192492321612554, 0.35301227014784936, 0.3764874345576575, 0.3934485870676353, 0.419686217770742, 0.4429386048060822, 0.45616544760805144, 0.4695371033844194, 0.4835348988934319, 0.49061859781266576, 0.49629847465195503, 0.5136066480300716, 0.5314149399722481, 0.5415450312625978, 0.5567873446374857, 0.5781066677705042, 0.5869268568605103, 0.5951345081607957, 0.6099111305802926, 0.6263102732074766, 0.6467304782819234, 0.6626909139240333, 0.666588927445955, 0.6760330727392417, 0.6966930825558583, 0.707040704605404, 0.7182199492429115, 0.727303773448314, 0.7425628164098768, 0.7453993088191085, 0.7609566633582845, 0.7752703700424404, 0.7813206431657592, 0.7923077024790479, 0.8016260897640264, 0.8102526359504448, 0.8203061486389195, 0.8258440486633574, 0.8287663213060731, 0.8344059873547155, 0.8554228827042387]",8.05,2.491906089642216,8.0,12.95,13.0,1.0,0.0,0.00032497699994564754,24000,0.05,0.95,epsilon_greedy,exp,0.6,0.9995,none,5300,True
e1a,q_learning__db923134__s46,q_learning,db923134,46,15000,28.10202222999942,completed,12,3.9076847365159844,424142,"[-0.40783255142303043, -0.8247139902254889, -1.2325389659119501, -1.6291666858159612, -2.00006309141222, -2.4230148938164704, -2.7531272317265034, -3.029266612855699, -3.3397393753969267, -3.556835760094444, -3.8736881000235446, -4.078856218790783, -4.267116203601962, -4.376349357891865, -4.4720812839240995, -4.521618511942392, -4.575314619086337, -4.522263262944107, -4.473979495270956, -4.474686960802594, -4.410132150311827, -4.373025629711199, -4.285628623017943, -4.221650344776064, -4.1135772548584955, -4.021793834495296, -3.9052925823390656, -3.81461948509956, -3.7154174776563753, -3.6527590364438454, -3.5710064985349566, -3.4705218516018794, -3.393978452876293, -3.346492442209668, -3.2437405937705273, -3.144059140346483, -3.0244918576635333, -2.9697150778775887, -2.897438251495033, -2.8240928686740836, -2.747751614950307, -2.667272514241492, -2.5938358950862437, -2.536518720967008, -2.4661040068747666, -2.3688693408914285, -2.309101635214547, -2.2506938895912545, -2.1829859445114566, -2.1294074809680867, -2.0282313077748553, -1.950677767092227, -1.8648428332490465, -1.8295832758826374, -1.7875169494208074, -1.7208437752407189, -1.6377261454225591, -1.5690862633418736, -1.5035654383039372, -1.417646121655581, -1.3312961621274182, -1.284900740754896, -1.2258761759951124, -1.1642164717326737, -1.1075944306772887, -1.0297837491141257, -0.9948820434641339, -0.9570542075562739, -0.894229656329556, -0.8266165768963288, -0.8024581122496677, -0.7597451063543675, -0.6841404804132332, -0.6235747165252614, -0.5831312866984493, -0.5453565028355404, -0.5178634247576469, -0.49758367340561116, -0.4582410592287548, -0.423583575679333, -0.3863276701796184, -0.3430994643678546, -0.3241179096796506, -0.3037740154728515, -0.269474849113233, -0.2498240147238549, -0.22879069211803502, -0.17688758114604827, -0.1432972641975101, -0.1118139307624187, -0.08602435033488386, -0.06212804091416347, -0.02642319807870009, -0.014861248334509384, 0.02013127781421563, 0.052773539329652744, 0.07458867376093113, 0.08903594264046542, 0.13841136218807873, 0.173886163086063, 0.186124113379343, 0.21349311353747413, 0.23100839342430265, 0.24574048454166267, 0.2644156834577164, 0.279533720527781, 0.30316578833362773, 0.32685307232310734, 0.3515494169602024, 0.3652608801958915, 0.385475842585411, 0.3982148675086526, 0.4123334457868248, 0.42772879030657746, 0.4425413113343263, 0.47483889888396325, 0.4846184297476243, 0.4942152873604855, 0.5106632471839151, 0.5240277336408786, 0.5359399955972676, 0.555192375873304, 0.562428192616556, 0.5696461254066121, 0.5763926588137438, 0.5898837532505584, 0.6030259781276252, 0.6129490707362891, 0.6235050622042676, 0.6391357805713136, 0.6394107377253297, 0.654040859226747, 0.675015627708234, 0.6954866271422221, 0.6998191990945697, 0.7096652448493372, 0.7122350894346663, 0.7224687638376274, 0.7460971544872483, 0.7619688949919262, 0.7760958646042331, 0.79742380035057, 0.8100131895766103, 0.8151987208445409, 0.821707398937247, 0.8347328098355539, 0.8436128678064506, 0.8476035965611525, 0.8619065825503606, 0.8653623858095777]",8.05,2.491906089642216,8.0,12.95,13.0,1.0,0.0,0.00037995000000591974,24000,0.05,0.95,epsilon_greedy,exp,0.6,0.9995,none,5100,True
e1a,q_learning__db923134__s47,q_learning,db923134,47,15000,28.94720371800031,completed,13,2.709317257170153,417807,"[-0.3535638912153723, -0.8585073158083585, -1.258913276288531, -1.6817097942238155, -2.0505750709919393, -2.3913841618250524, -2.7223639107996074, -3.0437665204584814, -3.3671303266047614, -3.6435490594484343, -3.8443211093216303, -4.010296490571357, -4.192000202528051, -4.267426253845964, -4.317246972626424, -4.2882601614556535, -4.307016280930431, -4.348181332276041, -4.304309580297423, -4.250719667095155, -4.2067430413568285, -4.169609701635881, -4.112829065099771, -4.0378535960849105, -3.993241529374591, -3.9254559853816184, -3.8495963036605616, -3.769539316641764, -3.6975285638234983, -3.6479808704483463, -3.5634658877733325, -3.4857689795264224, -3.392151436893964, -3.30093101399528, -3.1853994425467778, -3.125827223052357, -3.048343205093906, -2.9601818552204944, -2.869967057390212, -2.7548147088481287, -2.651555723582255, -2.5642572716483945, -2.503855710303099, -2.448865246737664, -2.3759675308864185, -2.310787300977285, -2.2270392862471957, -2.180074244959715, -2.1050884106629155, -2.0227383617957653, -1.9549377656717841, -1.8947587290388408, -1.8275243786507889, -1.762867101813213, -1.7106640203775167, -1.6592875392132638, -1.598238532207894, -1.556831840058561, -1.532709674278743, -1.4452598177298772, -1.3940740931235451, -1.3276454613031172, -1.287497655662377, -1.2223321469022852, -1.1904408270860825, -1.1523173625930412, -1.1035499191544174, -1.0487982196070997, -0.9903314403761211, -0.9651259313962098, -0.9135987041940884, -0.8849461359024907, -0.8293389377581157, -0.787428661605994, -0.7701109882731253, -0.7296293952421292, -0.681788180214435, -0.6330891092479707, -0.6088962900634789, -0.5610725901085019, -0.5353964375246991, -0.5050389103858931, -0.4713340381326449, -0.44017807600689135, -0.4147050953684502, -0.39158023372287565, -0.35996559770653364, -0.3355898838994301, -0.30884493647676725, -0.29041692552975884, -0.2756936358341508, -0.250383911843179, -0.23113755666546576, -0.19901532904085564, -0.17058681089381272, -0.15390293120043586, -0.1222048968655515, -0.10860747869734087, -0.08831802059440896, -0.07638817938674279, -0.06474950104310309, -0.028126608504068465, -0.013352900127825846, 0.003180593114344828, 0.022134250463087774, 0.04275199367569089, 0.062413667182640756, 0.07860068284236729, 0.09359690705114429, 0.104915207947474, 0.11358646132901316, 0.12528474605638734, 0.13650730063433855, 0.14640890327643305, 0.1677490350390692, 0.1983129940456115, 0.21796141588650164, 0.23767349488954043, 0.25283573672782106, 0.27635849321932515, 0.2992840569162033, 0.3079320634213809, 0.32547259163147507, 0.33532981997771866, 0.34605943532562866, 0.35967822590097803, 0.3656426288997217, 0.3795650144963018, 0.4041123341338733, 0.4112568578975714, 0.4278443395765325, 0.43953555158507895, 0.4512846100745988, 0.4551398157970871, 0.45940482532389476, 0.47061289346027535, 0.49302488335517214, 0.5058973561597022, 0.5093712164734008, 0.5304578180272701, 0.5440434812541738, 0.5525098833633532, 0.5618307634117113, 0.5774639435582234, 0.5955549971912149, 0.6090733594207048, 0.6321651451934224, 0.6384552123366872, 0.6482581702760031, 0.6555927651129795]",8.05,2.491906089642216,8.0,12.95,13.0,1.0,0.0,0.0003775329999734822,24000,0.05,0.95,epsilon_greedy,exp,0.6,0.9995,none,5300,True
e1a,q_learning__db923134__s48,q_learning,db923134,48,15000,28.53625710400047,completed,1,3.765580964472813,420792,"[-0.29225947006319025, -0.7775271482629136, -1.1953167350960543, -1.6174697913251257, -2.0214077485810202, -2.3767645635768715, -2.745363040015621, -3.1068426227802215, -3.4124655877791117, -3.675777344409684, -3.967731112706184, -4.151551449888441, -4.379495708200199, -4.5267333610411855, -4.6224519997745395, -4.660653866323946, -4.686467970310589, -4.7058254481386514, -4.67762600980084, -4.656288258704919, -4.608651733750786, -4.540741265481984, -4.458392492809539, -4.383832471264465, -4.322945468916196, -4.23553611232806, -4.156228179023036, -4.0695856402724235, -4.004113584853878, -3.9160301432882325, -3.8423924446398745, -3.762630741879065, -3.6728955764363485, -3.6248064821612704, -3.5523569214095434, -3.469782095055213, -3.405725426776563, -3.3348657393303136, -3.2651711792116904, -3.1723504490326624, -3.1156540361733907, -3.00167463488279, -2.9614974854221527, -2.894497306310322, -2.812375177083528, -2.7572230882798308, -2.6805211838487657, -2.599286852725308, -2.5488993367500106, -2.4902064574620812, -2.418001247500456, -2.3444105503033867, -2.312360726939424, -2.2391518630008154, -2.1663612272108312, -2.1003275354337103, -2.0428745600210654, -1.9919786336630159, -1.9419306487639336, -1.9070363626221132, -1.8581275048375958, -1.8042540609579687, -1.7582127768114553, -1.7261746516723349, -1.6794299968953412, -1.617015320870383, -1.5838403371006033, -1.5475586828258046, -1.5025087312569811, -1.4549317033736588, -1.4046062912553952, -1.3894149017246267, -1.350702941040702, -1.3191924716309371, -1.3034313030100961, -1.2701068849509125, -1.2261028234297968, -1.207148421803459, -1.1594769953025523, -1.1008218457553427, -1.0686512400401411, -1.0558288559081883, -1.0234410818416768, -1.0152972967562484, -0.9816231380233529, -0.957736030663891, -0.9232965503095284, -0.8909914582078433, -0.8721814932574785, -0.8384136537328732, -0.8080007648015513, -0.7813803093162662, -0.7694407169279108, -0.7364327270468103, -0.7169609775806026, -0.6699580393294482, -0.638889740302728, -0.6196170748466863, -0.5985273640178905, -0.553259812761974, -0.5263807539657807, -0.5223848458410275, -0.5049564290442395, -0.48402234588380594, -0.4387868934480581, -0.4231464735420828, -0.41132282164949896, -0.3946948588919248, -0.37590062767139326, -0.3554915288978931, -0.33740334204110917, -0.3162043942836418, -0.3054447421610761, -0.27226958972221416, -0.243838996742523, -0.22611386920228316, -0.20835112453719404, -0.1966453206218079, -0.18385097087901567, -0.16640371910015805, -0.13508632365636059, -0.12539953995680236, -0.11852792019437593, -0.09041212771180425, -0.08731234088243554, -0.0783612121729762, -0.060859976960297754, -0.044990082660925045, -0.0331088809793725, -0.0094907223962777, 0.017783948921284883, 0.025422841554008268, 0.03352760053813185, 0.05051878397890215, 0.06488563280375106, 0.07409199213917508, 0.08078082004975047, 0.0903411365349646, 0.10512006343779164, 0.1375647915839463, 0.1579729572172165, 0.17481219011939717, 0.18556254044420542, 0.1965821264817711, 0.2066159388731607, 0.2365449851864648, 0.25347149838219807, 0.26295623552108144, 0.2805642801360048, 0.29382114968613443]",8.05,2.491906089642216,8.0,12.95,13.0,1.0,0.0,0.0005255909998777498,24000,0.05,0.95,epsilon_greedy,exp,0.6,0.9995,none,4800,True
e1a,q_learning__db923134__s49,q_learning,db923134,49,15000,29.14193648899891,completed,52,3.327160951922825,422612,"[-0.36709729064088376, -0.856355136369989, -1.332599106757249, -1.6779015863169582, -2.0214471703039094, -2.468810684127651, -2.7957178731639174, -3.1196157013607406, -3.432480551985184, -3.722820717375507, -3.99519240816863, -4.254810153673439, -4.403136836896057, -4.50484839915025, -4.58512697611495, -4.636567386922281, -4.644523427832128, -4.612422802401202, -4.607610716236705, -4.59680691354029, -4.51674977063757, -4.489175324496858, -4.464982863608133, -4.402088768544835, -4.329756922309235, -4.285333890947557, -4.210811901201238, -4.132468912793188, -4.04325118034565, -3.970808471819609, -3.861597748955142, -3.7666422310582304, -3.714718968481442, -3.6580849795991295, -3.57039357414021, -3.507560616709617, -3.4523427575040517, -3.3812454443818285, -3.3204877440260168, -3.2822301843380597, -3.221388581546618, -3.151904175915076, -3.0725317520727415, -2.989035015688477, -2.9101375451211506, -2.840834899148725, -2.7950389161265337, -2.7332686939711386, -2.6816282516372767, -2.6128765251898116, -2.5429685528324786, -2.492902873411675, -2.4159753833638025, -2.3312344807721725, -2.2639215296733335, -2.1968873500506776, -2.0960736270698765, -2.026230143585958, -1.9654836115102634, -1.8925391066899062, -1.8515344529304776, -1.8089145827920667, -1.7576854105775974, -1.7194648163534878, -1.6840395104608872, -1.6492359710721956, -1.6047877538183484, -1.5642980185162139, -1.535369801694876, -1.4584495223793124, -1.424562643989112, -1.3858164913152564, -1.3553191396065445, -1.3115471078868863, -1.2785832648079594, -1.2251489045186508, -1.2004804785647332, -1.1724646553854252, -1.1267528716489683, -1.1017270855462986, -1.0645406349415294, -1.0388875891704905, -1.0030140125579956, -0.9794685890991912, -0.955595662731564, -0.9246499700481048, -0.8836556329832312, -0.8449049125793555, -0.8074357684256851, -0.786399699734195, -0.7658254181901017, -0.7399176428140676, -0.7185826017876302, -0.695622055206967, -0.663663326624981, -0.6445310974390741, -0.6070124204611033, -0.5874549434493905, -0.5748789109931646, -0.5385651661875118, -0.5153043991512741, -0.5031276144061327, -0.47334408572900605, -0.4578966123001965, -0.43750522652662804, -0.4084590371786511, -0.3871042711759588, -0.3569226119598408, -0.33694345571585577, -0.31960421119374904, -0.30026588992720643, -0.2685787205995161, -0.24225349516247024, -0.22229117145260927, -0.20645489072081144, -0.17490206377683085, -0.16592437046251926, -0.1614521642074269, -0.15007975487447364, -0.12474281442834562, -0.09505138666819381, -0.07589141904660006, -0.053449798175301995, -0.036475055680717565, -0.012500178992899997, 0.0010737067042893085, 0.007797660716992253, 0.02690536013860735, 0.0413907310944334, 0.06473049208968522, 0.07788225179905037, 0.09188619518986162, 0.10017591430655601, 0.12055480949920167, 0.12857158596675855, 0.13307773758936203, 0.1449019297470676, 0.1584773350757613, 0.17449346121990966, 0.18981273814896282, 0.19836544765272715, 0.20572204150527484, 0.2161983948797535, 0.22681682667272718, 0.24740513055808033, 0.25567772528300864, 0.2652793753861685, 0.2706178747983348, 0.27629130511443006, 0.2948091932790301]",8.05,2.491906089642216,8.0,12.95,13.0,1.0,0.0,0.0003174820001004264,24000,0.05,0.95,epsilon_greedy,exp,0.6,0.9995,none,5400,True
e1a,q_learning__db923134__s50,q_learning,db923134,50,15000,28.347540749000473,completed,17,3.430378987808781,424123,"[-0.39688133478342613, -0.8756241489670777, -1.3644483515665535, -1.6874562862795521, -2.026531091142921, -2.448505826341902, -2.725216936019693, -3.056187118899154, -3.3798146266139413, -3.657092887589721, -3.940524376883808, -4.1972962253346715, -4.378275381741651, -4.479694545355338, -4.5568563898367245, -4.583764727918256, -4.599068748300416, -4.57609071244825, -4.528716334095509, -4.506567235131283, -4.470120839782131, -4.402636919228779, -4.338578038613073, -4.279294799228518, -4.230689499107177, -4.187744006151805, -4.140502473763545, -4.074162111604953, -4.003385045623198, -3.930619144767512, -3.869385680558473, -3.8067609220872143, -3.746362998225746, -3.669345779051914, -3.6164725248120293, -3.5466154109250807, -3.4818462919858906, -3.4192290247522212, -3.337175380571918, -3.2885056348315738, -3.186193180173972, -3.099206822041645, -3.024107769123097, -2.9660672575186378, -2.90752674462125, -2.854271478438016, -2.767009848023817, -2.7084361854819647, -2.6157759169994366, -2.529803062421981, -2.470146369502862, -2.4068914906200742, -2.3140671657388947, -2.2190254471867723, -2.147149348946523, -2.0897355258303274, -2.0212687468180124, -1.9735512996352818, -1.8927813273999519, -1.845209923555203, -1.785444256181095, -1.7425406380462223, -1.6914414419115886, -1.6265336827114654, -1.5525011897119545, -1.4870352380842111, -1.435093168794327, -1.3954413042478224, -1.3345676612398703, -1.2849103643549868, -1.2540996417419028, -1.2142109361943534, -1.1814698036958051, -1.1206703343966837, -1.0772162508723122, -1.046776448431819, -1.009358917166852, -0.9784584016460827, -0.9454986506378642, -0.8875898971570447, -0.8390355767441628, -0.8209572529641644, -0.7749268048217434, -0.709309392889904, -0.6772025950183856, -0.6527666439989461, -0.6068671745233151, -0.5689973712945194, -0.5362828902473524, -0.5081418359901656, -0.4869734583053314, -0.4633659441105651, -0.4355192378795633, -0.39892933128356073, -0.3761709497319795, -0.3583295663900616, -0.33591538541870336, -0.31882603324834663, -0.2947987652317232, -0.27849717532622287, -0.2645726530336752, -0.2471778308754225, -0.21685018803341063, -0.2001252283426485, -0.18331060021015214, -0.15335004053809706, -0.1276179537940764, -0.10866293358124152, -0.08035096456783884, -0.05204966849251044, -0.030848877240029805, -0.021280895217763558, -0.005371480860315151, 0.01933256909618774, 0.050264702626112386, 0.06901870990822993, 0.0868467701783863, 0.09848071852865471, 0.11308992970057913, 0.12534074328278316, 0.1416095640503893, 0.16013035840472026, 0.1725193822358338, 0.19030365714604777, 0.2124995707343305, 0.23228016457121384, 0.24723220379790792, 0.2563322321614197, 0.2717935868518061, 0.2764623064752089, 0.2924189635932541, 0.3099219564481666, 0.31503599445989516, 0.33310036298123946, 0.34327711725668164, 0.360480386369886, 0.3729523815343131, 0.38822467715358294, 0.39785206341346274, 0.4023895084279066, 0.414010459474882, 0.42312832472321266, 0.43587663497479484, 0.45121945295096494, 0.45953714662692563, 0.46912112011511103, 0.47618279925809154, 0.4811142632342425, 0.4949061839266025, 0.4992340944736923]",8.05,2.491906089642216,8.0,12.95,13.0,1.0,0.0,0.0003540300199892954,24000,0.05,0.95,epsilon_greedy,exp,0.6,0.9995,none,4900,True
e1a,q_learning__db923134__s51,q_learning,db923134,51,15000,28.310484274999908,completed,9,3.5863491185326617,421243,"[-0.37800523367061284, -0.8167407017689502, -1.280132055075133, -1.7601743487988009, -2.0876497632203708, -2.5314288066845188, -2.878326126252817, -3.2032056856973106, -3.5174566818717046, -3.763457316400813, -3.965970254973113, -4.19889014375882, -4.326397331767534, -4.460994483081952, -4.512486069200169, -4.54381250555229, -4.494317987489023, -4.514399326880378, -4.4435340650940365, -4.36124987846502, -4.335916826496193, -4.228555571053161, -4.147117553915515, -4.081841631357389, -3.9814886716693403, -3.8970473597341115, -3.7939827682550153, -3.7110315568081207, -3.6099550192331233, -3.5339449845372903, -3.443204265106668, -3.370224940896447, -3.321528988887737, -3.2473307869519514, -3.180497136495013, -3.09895211653474, -3.0608643058977236, -3.00007171317417, -2.9308715301017787, -2.844353531687588, -2.789922053633355, -2.7366423179903006, -2.6799227293005976, -2.6128365387476347, -2.557713949762567, -2.4745111216296523, -2.4180767370250162, -2.379345901734827, -2.296773265735434, -2.2223528153421963, -2.157922104215595, -2.1161453974336975, -2.0790151893568845, -2.0335455753357783, -1.9619525488342962, -1.8988987307434804, -1.8700720117739347, -1.800306311871116, -1.7563437769973307, -1.6925561740302093, -1.6244520561676987, -1.5795925037500282, -1.511221441160065, -1.4725390409963166, -1.4430822435013098, -1.3699368143419037, -1.3100615365340744, -1.2704603298712265, -1.2124731439808516, -1.1888704935190968, -1.160128155484579, -1.1358756238776568, -1.078641885154435, -1.0441949584790626, -1.0179463673491906, -0.9920897539597627, -0.960047218331132, -0.9191066422716353, -0.8885432853982799, -0.8701083288588296, -0.8349827956692202, -0.8118842176491371, -0.7915668921408813, -0.7663752234713523, -0.7369324905590777, -0.692213052423965, -0.6549008366047332, -0.6316872467893103, -0.6063456227797749, -0.5776058193253206, -0.5458325773856412, -0.5157125474558906, -0.48442047505219, -0.452609226414145, -0.42339234320094016, -0.40034124954855843, -0.3756027007495412, -0.34282359668182727, -0.3191544722897015, -0.29320057631949736, -0.2705092334462439, -0.25717895491005793, -0.23656979424483637, -0.20393305490978836, -0.17316794736182134, -0.1643432306976975, -0.1479717695197147, -0.11599632928175582, -0.08770602607143278, -0.06028706681094196, -0.052340676177790584, -0.026064696263529395, -0.013439947421030258, 0.0009138142178076218, 0.0174609123157591, 0.04206528463069847, 0.04965600320061456, 0.06607631295305244, 0.07245562720813113, 0.08858890964118446, 0.09500234367910167, 0.10074363290306929, 0.10501936541110471, 0.1329917835473193, 0.15405421382484938, 0.1647793268971581, 0.17917542342016113, 0.19232298186521435, 0.21320080939217212, 0.23309553060203578, 0.2484840941568131, 0.25609763890824905, 0.27727907630016163, 0.2938695824433871, 0.3018946752869722, 0.30755969569364083, 0.316462102132979, 0.31992767586606324, 0.34348431810867314, 0.3628227900947504, 0.3799740023074193, 0.39719937157956114, 0.40282960363030057, 0.4101654652958408, 0.4166453828276964, 0.4243923908690826, 0.4383955059604467, 0.45095070600560694, 0.4546202471863849, 0.45526376776115934]",8.05,2.491906089642216,8.0,12.95,13.0,1.0,0.0,0.0006158540299475135,24000,0.05,0.95,epsilon_greedy,exp,0.6,0.9995,none,4400,True
e1a,q_learning__e445673e__s42,q_learning,e445673e,42,15000,25.60040694199961,completed,68,3.2503999753876442,333289,"[-0.9743243239378985, -2.029522121244451, -2.9306580306492, -3.9883022620701425, -4.560212210192736, -4.8145369373136075, -4.536147275788746, -4.331263221054839, -4.0123722301461315, -3.7069577046146622, -3.3306534297809502, -2.945621217934661, -2.7085435088339294, -2.4664139596218257, -2.1341763710771806, -1.8574724142881907, -1.539125540491299, -1.4003920343076472, -1.0891043128742044, -0.9289340485055404, -0.7327545771422055, -0.5883817137800466, -0.4770433745283093, -0.31672352908552204, -0.07891882531944182, -0.0021410409957304034, 0.0681770958381017, 0.17473269601364272, 0.2243204451382928, 0.3057213671597543, 0.378094797861747, 0.4384952048235851, 0.4948235183337136, 0.6217906505995409, 0.6681294398368515, 0.7093488077968686, 0.7465976114028895, 0.814734355613063, 0.8831292310593643, 0.8991780679498382, 0.9160903356539557, 0.9249416527511117, 0.9371043308290876, 0.9490073331412253, 1.0153103478250205, 1.0546395577503713, 1.0735900699596297, 1.0984120773770694, 1.1095325414350092, 1.1165588602887615, 1.1420787298280308, 1.1539684198416333, 1.162197127246785, 1.2134169375684911, 1.2527918615083031, 1.2679645949055087, 1.2952666595415832, 1.2978351886976833, 1.302259368447035, 1.3124308508996214, 1.3245248120148594, 1.332050300540242, 1.344382242856789, 1.3486503462867616, 1.350618406662963, 1.3539402362657647, 1.3751327283269013, 1.3827154677006839, 1.3978743452984592, 1.404144957465245, 1.4110883201059867, 1.4158101951394015, 1.4207196359842365, 1.4354166428615505, 1.4418890134627727, 1.4505105931556952, 1.4551257269990023, 1.4602113894202884, 1.462524130358223, 1.46770997125881, 1.4731128486007394, 1.476782989194899, 1.4783208891759712, 1.4790185189456975, 1.4802149168095662, 1.481114166417242, 1.4838631302210483, 1.4846488482859537, 1.4860347179896158, 1.4886968610197624, 1.4889991913569565, 1.4891619459746332, 1.4932443564100928, 1.4950133205591918, 1.4961491561910554, 1.4988947532558117, 1.4991449707956963, 1.499808686241334, 1.5005264716076219, 1.5009397315479758, 1.5023558518329267, 1.5031387973715686, 1.5051839593542817, 1.5055181592783105, 1.5067667269704519, 1.5080170136295763, 1.5083164459662375, 1.5096025160015427, 1.5100728521648386, 1.5106315752540287, 1.5117734100135591, 1.5125169671141878, 1.5137981448228404, 1.5144866066764846, 1.514722673780068, 1.5159765635873503, 1.51678876030181, 1.5170165178246884, 1.5177361825982092, 1.5185876249192996, 1.5187627877840932, 1.5192046239341674, 1.5196035706458195, 1.5197801348925108, 1.5201282456560041, 1.520635168630436, 1.5206925037476573, 1.5210859786658035, 1.521525483525845, 1.5218484382046966, 1.5218709878952488, 1.5219438966026722, 1.5221517900953225, 1.522237339825414, 1.5223472298997625, 1.5225131964917886, 1.5225230989804728, 1.522785566283724, 1.5229121648675379, 1.5230185866855654, 1.523186114814933, 1.523522189472942, 1.5236863352550425, 1.5237567368166411, 1.5239435015707035, 1.5239850555597423, 1.524111205820504, 1.5241609712701425, 1.5242177193703959, 1.5243158402259525]",8.05,2.491906089642216,8.0,12.95,13.0,1.0,0.0,0.0005451560000255995,24000,0.15,0.95,epsilon_greedy,exp,0.6,0.9995,none,1700,True
e1a,q_learning__e445673e__s43,q_learning,e445673e,43,15000,26.097844408999663,completed,17,2.71189970316013,335675,"[-0.7574100845653468, -1.9158739745101419, -3.0080123003128083, -3.786066737922582, -4.429938533416558, -4.570949379855068, -4.456978897916083, -4.0090250162238, -3.566056618980929, -3.3028016815512573, -3.0224869312150644, -2.565968561202399, -2.1534750590349554, -1.7751124598799122, -1.4817160852544287, -1.0972349121907115, -0.871790962593119, -0.6951344794497877, -0.4534285105316594, -0.32154401815874956, -0.13526012752189118, 0.05802501930744377, 0.16556184210369104, 0.29424205828986133, 0.3751040058853867, 0.43739059414943326, 0.5574543889874947, 0.6392046708935306, 0.6782719450927612, 0.7470408422993563, 0.762056234734085, 0.8184895296740244, 0.8812370840482099, 0.9324504120429024, 0.9770225668752139, 1.0111694290891335, 1.0707026106291049, 1.110254787803578, 1.17783985879509, 1.234886755444496, 1.2462931299428142, 1.273218661361718, 1.3026927056533153, 1.3146188584261842, 1.3427692901873456, 1.3679452596279662, 1.399034029560417, 1.412278498787059, 1.4277528718586587, 1.441779661677074, 1.4546764810828734, 1.4651352534491757, 1.4818194835900191, 1.4908509723191359, 1.5008895750976707, 1.505854944689449, 1.5161980918674598, 1.523971416811853, 1.5319692836890624, 1.547320384137029, 1.5519989218699677, 1.5568721037346727, 1.566257888285654, 1.569014043701132, 1.5774098403002699, 1.5783318390536236, 1.5838312327786035, 1.593377604224098, 1.5947356416372542, 1.5955544745228634, 1.5983499383544317, 1.6017899160389466, 1.6063054509066146, 1.6140676624714507, 1.6202693057086621, 1.6279714293058625, 1.6307312417574393, 1.6314499717436086, 1.6324001081003918, 1.6386433586365574, 1.6431896327180155, 1.6458613144355614, 1.6513748587122217, 1.654957205770491, 1.655084690207286, 1.6572541233902358, 1.6582298834334592, 1.6610368622831433, 1.6615454519975374, 1.6630465912368086, 1.6644199502317514, 1.6669925425551202, 1.6674174925037095, 1.6689162259227222, 1.6698278428939954, 1.6703484419686725, 1.6710023855450953, 1.6721895568916936, 1.6733491946211692, 1.6735333425383057, 1.6742134081563909, 1.6763450204290762, 1.6764739445452028, 1.67681323471682, 1.678133098124356, 1.6788945169556437, 1.6793481404050992, 1.6805246247376755, 1.6813307958144261, 1.681862809502244, 1.6820888384936252, 1.6825103942369866, 1.683528843784403, 1.6837053726545654, 1.683947889957966, 1.6841600913522685, 1.6844417612308245, 1.684537328599664, 1.6846247398783532, 1.6852608782968383, 1.6857861189394505, 1.6860404841699728, 1.6861895098313042, 1.6864826549490166, 1.6866138530870056, 1.6868486881951594, 1.6869888333095964, 1.6871226915025745, 1.687236155655289, 1.6874325514447208, 1.6875184496600073, 1.6876171606405344, 1.6877116229363884, 1.6877855769572236, 1.6878435582175948, 1.6878894006341125, 1.6879295450138574, 1.6879516187807815, 1.6880928625947769, 1.688165807502463, 1.6881662839665867, 1.6883759421093807, 1.6884725336341637, 1.6885146233753665, 1.6885845651775533, 1.688626165997856, 1.6886311823932414, 1.6886917488425512, 1.6887273556614455, 1.6887836397548301]",8.05,2.491906089642216,8.0,12.95,13.0,1.0,0.0,0.00041019199998117986,24000,0.15,0.95,epsilon_greedy,exp,0.6,0.9995,none,1600,True
e1a,q_learning__e445673e__s44,q_learning,e445673e,44,15000,26.651138686000195,completed,45,3.013619086746034,340151,"[-0.8365647582664775, -1.8686174302966776, -2.9936631959196514, -3.9348507762541476, -4.647750279990392, -4.9167177288619826, -4.8651131159148, -4.668566197284744, -4.378513969883073, -4.047081411365397, -3.722125360839637, -3.4154752170476694, -3.1244333789772467, -2.7498703994750184, -2.3109581640226944, -2.0768650588244, -1.7259418972724705, -1.5024632791044572, -1.3558000567296011, -1.1900442987969424, -0.9589297211443452, -0.7761560795979663, -0.6022602440180136, -0.42455063419071914, -0.31198120301047944, -0.1702327042556106, -0.04484319070856865, 0.03928472039924601, 0.0758105781066106, 0.14098606511693354, 0.1974722685148602, 0.34464977680821995, 0.3712698000385315, 0.4772462299933541, 0.526897039043127, 0.5594311745415586, 0.5800064959975482, 0.6578046269979878, 0.6842567884235233, 0.699161655744285, 0.737637247289695, 0.758684932448315, 0.7986945207928072, 0.8009465478200107, 0.8461787468644523, 0.8904382252311096, 0.9351935162797976, 1.0085778835212258, 1.0156117789656867, 1.052057240143043, 1.0813912940905628, 1.0916372440783397, 1.131943256669873, 1.162357334711686, 1.1856499701485064, 1.2223751095045938, 1.2433553865987108, 1.2509675105396743, 1.2700135138754358, 1.2803172386081856, 1.2919905061217103, 1.2949559267045743, 1.3006447615890149, 1.329385186072984, 1.342991067765129, 1.351138735260738, 1.3522196045298636, 1.3546712598419448, 1.3669715928394808, 1.3753782533621821, 1.3778009439741679, 1.3798683532446276, 1.3815545873967325, 1.3890210034993595, 1.3937980545532427, 1.3959951782376316, 1.397803349322321, 1.4030075954370482, 1.4083184897685366, 1.4111214975325297, 1.422685329386787, 1.424132689537028, 1.426112204639159, 1.4281844360600822, 1.435304332762087, 1.448547211795431, 1.4496176212628238, 1.4568784660037235, 1.4576565372507646, 1.4630339144714781, 1.464545517988584, 1.4651181426659696, 1.472280139688624, 1.472723554345179, 1.4750766775587618, 1.4781454678385701, 1.479570026303152, 1.4835343067294033, 1.4867752539947212, 1.4897509348027285, 1.4911525552166398, 1.4915025357885772, 1.492984415658959, 1.4943947465423029, 1.4991000345914267, 1.4998960285543483, 1.5005662572959386, 1.5005699726133275, 1.5009008286149645, 1.501906667436191, 1.5035525267944083, 1.5054800629857088, 1.5071964273420966, 1.5077098618627816, 1.5077147447479746, 1.5111546637618, 1.5114648842534106, 1.512451518508666, 1.5126831308118378, 1.5129374196586867, 1.5136924975933372, 1.5142003586000607, 1.5144317711967203, 1.5156502824511269, 1.5160068652432122, 1.5175205622200005, 1.5176791119206139, 1.517958665652671, 1.518388155633316, 1.5189292551533597, 1.5190053470230551, 1.5191427528693675, 1.5198997047576013, 1.5201561942939938, 1.5207348437772503, 1.52095808543937, 1.5209581191668933, 1.5214971806299973, 1.522034684910452, 1.5222000168356666, 1.52229863063989, 1.5224859217549358, 1.5225391961280024, 1.522676038654552, 1.5227898594397855, 1.5229181268148888, 1.522970878201631, 1.5230044740344162, 1.523058978224023, 1.5232692340415683]",8.05,2.491906089642216,8.0,12.95,13.0,1.0,0.0,0.0004920360099640675,24000,0.15,0.95,epsilon_greedy,exp,0.6,0.9995,none,1700,True
e1a,q_learning__e445673e__s45,q_learning,e445673e,45,15000,25.042650850999053,completed,30,3.457325555975312,334032,"[-0.8787626652483965, -1.9614272723198745, -3.0601903486008535, -3.859763235572611, -4.3327323225169305, -4.231922722270364, -4.175064109695464, -3.965403430398696, -3.618750271173488, -3.235624034348841, -2.8817538321010985, -2.6905136879843927, -2.4665003893777038, -2.245813981512329, -1.8878129785291715, -1.6177734505090935, -1.4155018544848208, -1.2100807072270934, -1.0263223173016685, -0.8940526856247577, -0.7404870584303604, -0.5389265202066714, -0.34489369251144275, -0.25641484670637127, -0.17769252486754153, -0.100976938530589, -0.04574564590107138, 0.04073403909675471, 0.11381554589141112, 0.1918543944909271, 0.24286579533069974, 0.28711834765880107, 0.3354921621696342, 0.3790689759426581, 0.4839209229010383, 0.5574955111544762, 0.5640645941948669, 0.5739160344313378, 0.629520019198692, 0.6884567463846388, 0.7213713672536541, 0.7596764348621983, 0.7986947286222539, 0.829596247393199, 0.8862768417578999, 0.9138784749510015, 0.9494331873729686, 0.9950141304346976, 1.0331403490310018, 1.0583161428565993, 1.0638954692589093, 1.0747287150655513, 1.0849745246615565, 1.103134834089423, 1.1148655516979116, 1.1217558822451812, 1.1234493989463994, 1.1506760029423007, 1.1761532471563971, 1.1922869611627727, 1.1981858114401185, 1.212069049267189, 1.2150661606728415, 1.2235422614705176, 1.2403456457479058, 1.2480882024591802, 1.2530086294070861, 1.25333836885324, 1.2534502186755796, 1.2540601088411754, 1.2598549306736382, 1.2653828486906875, 1.275310356886558, 1.2802741914907407, 1.2866370172983832, 1.295254538838533, 1.2964157390288993, 1.2983398950471154, 1.298401413123662, 1.2995008987420233, 1.3064654520170351, 1.3102082439662295, 1.312869985096381, 1.3149981273980524, 1.3175139874694912, 1.3181820782891818, 1.323920973127456, 1.326977934097567, 1.3288916443386742, 1.3307219977977038, 1.3338705130482793, 1.340922089358035, 1.342634299456847, 1.3466308652493928, 1.350806754157503, 1.3509007076787836, 1.3520610878860604, 1.3522255473263203, 1.3534942293948427, 1.3540068986028708, 1.3569967295578278, 1.3574056342899707, 1.3590747500060074, 1.3612279747444118, 1.3624001623706776, 1.3630691336504157, 1.3636389346159608, 1.3652009930275235, 1.3657320596159777, 1.367041535979233, 1.3671419950696424, 1.3674715111601001, 1.3676900774151417, 1.3677754722970858, 1.3687471101391722, 1.3690021725458827, 1.3699105054178196, 1.3699111380764408, 1.3708150282790432, 1.370815381587684, 1.3719162856996745, 1.3724409708165095, 1.3729575810413153, 1.3736283602241337, 1.3741428592582665, 1.3751519400927594, 1.3752116047622671, 1.3756855742754412, 1.3757412278679817, 1.3758466010952461, 1.3760708055401238, 1.376415826839971, 1.3770352541069693, 1.3775065452846578, 1.3784156047662728, 1.3784969038929293, 1.3788320390094786, 1.3792421876122585, 1.3797157802590883, 1.380052907691027, 1.3804638071606081, 1.3807354385194517, 1.3812093702384283, 1.3814363479850043, 1.3816646482911215, 1.3818911288261584, 1.381929501761275, 1.3820165193754164, 1.3823058881521042, 1.3825330857815856]",8.05,2.491906089642216,8.0,12.95,13.0,1.0,0.0,0.0005146500099544937,24000,0.15,0.95,epsilon_greedy,exp,0.6,0.9995,none,1900,True
e1a,q_learning__e445673e__s46,q_learning,e445673e,46,15000,26.00006191799912,completed,12,3.192428542661527,333556,"[-0.8520358958697759, -1.9880008762335113, -2.9777305435758805, -3.8114668498589572, -4.321764003598257, -4.552887503496247, -4.398944633360359, -4.189338083584782, -3.753195889364875, -3.5499969439831394, -3.069971849646639, -2.8659695324469636, -2.5176604622953165, -2.195407978430068, -1.9208139439426253, -1.6225029361000904, -1.420168856356393, -1.1801688622563475, -0.9429037337901777, -0.770817993942724, -0.5584812187898724, -0.4405981838446492, -0.28632015826954965, -0.18686848947879467, -0.07643110388479886, -0.00722489488750994, 0.0700430106994907, 0.17271379842262177, 0.23599594741184432, 0.3390521966645986, 0.37363624090548725, 0.3989127282594261, 0.49485350072326195, 0.5259786859333305, 0.5338509806631854, 0.6539547210260763, 0.6729826339844124, 0.6997662479521377, 0.7764628083884512, 0.8156333418642562, 0.8619219978724637, 0.8758113185734412, 0.9086556484594619, 0.9301137021866845, 0.9463267417526315, 0.9629731975301775, 0.9921106003769857, 1.0111618500542356, 1.0203287544520485, 1.0348810903123797, 1.081859667546564, 1.1076135427883875, 1.1161007697097463, 1.1326184655614369, 1.1492160480581572, 1.17562025927158, 1.1886223950214445, 1.2031917504833747, 1.2200049463566216, 1.2424321700694845, 1.2441528269255027, 1.259366574703948, 1.2627208594722321, 1.266574263508543, 1.2773062736428067, 1.2817981151860358, 1.2895315816991324, 1.2986819326121593, 1.3048879252712269, 1.3073801157778713, 1.3074892646591627, 1.3099878641101437, 1.3161526957955523, 1.3190452929857606, 1.3244450640060037, 1.3298824474878492, 1.3399054928189187, 1.342566940729258, 1.3470911288432987, 1.3526391995360136, 1.3612302708748003, 1.36549412183384, 1.369735016911642, 1.3706104775217043, 1.3706116362048315, 1.3721361085009427, 1.3743536584117608, 1.375424762432044, 1.3755722784783715, 1.3791811526349218, 1.3795929434640881, 1.381897771544023, 1.3847062015527554, 1.3850279934932042, 1.3894651486267808, 1.3902139193680416, 1.3904571332831364, 1.3905105156835411, 1.3908035437073565, 1.3929483744130766, 1.3980038784194457, 1.4002954327335018, 1.4014722230001386, 1.4020901304547773, 1.4027803507962735, 1.4036814931068415, 1.4042821878259184, 1.406206237584852, 1.4070034970037013, 1.4075413630356122, 1.4088665786833077, 1.408979220412849, 1.4098572874366815, 1.4102461362527332, 1.4111442345719452, 1.4123801148519939, 1.413046180538498, 1.4137651998346483, 1.4138715565175737, 1.413928076689714, 1.4141936104920567, 1.4146608844433561, 1.4149060780312332, 1.4157981778916786, 1.4162198941781525, 1.416426226706864, 1.4169068148240007, 1.4169805897847227, 1.4170260325639403, 1.4170892431527589, 1.417243293270166, 1.417594311276616, 1.4176674584309406, 1.4179185065777946, 1.4180969525450469, 1.418201748519055, 1.4184799465126032, 1.4187105687064188, 1.418773269634708, 1.418915664309827, 1.419041890684908, 1.4192002125581202, 1.4192002129612844, 1.4192811116083177, 1.4194536054343154, 1.4194892985964442, 1.4195891903632922, 1.4197412454990335, 1.4197970524783832, 1.4198841206795594]",8.05,2.491906089642216,8.0,12.95,13.0,1.0,0.0,0.00036985099992307367,24000,0.15,0.95,epsilon_greedy,exp,0.6,0.9995,none,2100,True
e1a,q_learning__e445673e__s47,q_learning,e445673e,47,15000,24.409293480000997,completed,13,3.2659454986266994,335687,"[-0.9838591337351503, -2.0432230664786384, -3.0814690570160965, -3.721514889375735, -4.367316109770243, -4.547634223295037, -4.410169718087991, -4.28145254029721, -4.03665227146608, -3.751124932200403, -3.3904192209428943, -3.110257654686989, -2.753788503168122, -2.4718885435070934, -2.011664142742754, -1.6553097511312784, -1.4822326004894242, -1.2993276848457243, -1.0505385688584314, -0.7836457529165854, -0.6365956270436982, -0.4182816819421054, -0.30439329464243386, -0.1431401128743565, -0.0426633632724711, 0.10454582653399871, 0.18716888424748301, 0.25844473845545235, 0.3056328245548745, 0.3565914671514307, 0.4146957607884813, 0.4507050996689259, 0.5102872353154702, 0.555335405654548, 0.5693187784438428, 0.587670124968292, 0.6395784870017142, 0.6546822612157039, 0.6713951095123588, 0.6825026087174432, 0.7069561562963271, 0.734153810455067, 0.7635469504963235, 0.8148219465906756, 0.8193138663700218, 0.8222179283906572, 0.8371074567119885, 0.8509107472973241, 0.8677988696188952, 0.8929663687241383, 0.9138280961376799, 0.9156949838892824, 0.9295374161879679, 0.9508081853926103, 0.9790094532257881, 1.004279018481238, 1.007225710483409, 1.0121822018595823, 1.0203163031783518, 1.0237893659294819, 1.0274233017726306, 1.0441638209004054, 1.044864852483161, 1.0474679958192956, 1.0601982654342588, 1.0708810528938686, 1.0889114843245689, 1.0998267167740488, 1.1011109027412749, 1.1122140763808304, 1.116236423380591, 1.123584071402008, 1.1262770450218438, 1.1315845646263092, 1.1374796502718918, 1.1379823837675282, 1.1448170902992563, 1.1448839498508954, 1.1475130873930781, 1.150086708724985, 1.1514621681270645, 1.15432320447045, 1.1582591545686205, 1.1607862355079428, 1.1617716924872818, 1.1685619582071636, 1.1732841912558483, 1.1734427553283164, 1.1807949543726393, 1.181936672037698, 1.1858033789389744, 1.1911876894571478, 1.19200855779352, 1.1926114582765253, 1.19271196150206, 1.1930522227708216, 1.1946078829280191, 1.196821424917981, 1.1979159897591354, 1.1991711570896695, 1.1997841498607091, 1.2006739487571991, 1.201316095769271, 1.2014747641363221, 1.201602692967288, 1.20203113045385, 1.202061875560795, 1.2021869759467563, 1.2034233782788306, 1.2038522832193062, 1.2041898367917976, 1.2041901120326846, 1.2051875007431152, 1.2065514238723278, 1.206599904807595, 1.206640385846056, 1.2076002691046308, 1.2076377514079344, 1.2086042336158043, 1.2100621264386793, 1.211136988525198, 1.2111877441540797, 1.2116900552879784, 1.2116903330756974, 1.2122035252013101, 1.2126035071225203, 1.2130055377725237, 1.2133133662233915, 1.2137375589246362, 1.2140959103779438, 1.2142881920273503, 1.2142995362115223, 1.214472761713081, 1.2147944536814763, 1.2153910289926508, 1.2157187608961306, 1.215725852415455, 1.215877721551694, 1.2161136598365678, 1.216213787947771, 1.2167008520516605, 1.2168674962648076, 1.216880564056558, 1.2171652884463111, 1.2174776372737222, 1.2174875728340586, 1.217653416806382, 1.2176704652852839, 1.2176746243551726, 1.218050796930568]",8.05,2.491906089642216,8.0,12.95,13.0,1.0,0.0,0.00034074799994414205,24000,0.15,0.95,epsilon_greedy,exp,0.6,0.9995,none,1600,True
e1a,q_learning__e445673e__s48,q_learning,e445673e,48,15000,21.923694525999963,completed,1,3.4423828956117006,333885,"[-0.8582822273699356, -1.9438098544929965, -2.908156755208574, -3.769275721909728, -4.4368900602431856, -4.605282421111746, -4.603330061325906, -4.384156862489634, -4.072686500043073, -3.6499242597113337, -3.2862311184853272, -2.889517163689215, -2.584774298975952, -2.314362073582335, -2.044636312528387, -1.7743398961992727, -1.586500866850613, -1.3784861785103193, -1.231135099318871, -1.0692095132053858, -0.9536736579358785, -0.8788763706747529, -0.7065902502071765, -0.6094163062278608, -0.5050698388463493, -0.4149670753374734, -0.30364287214739194, -0.23272040056246807, -0.1584238934484833, -0.14051373996437302, -0.04041613904376358, -0.013041688085965382, 0.0222179497302734, 0.08011730353607767, 0.0939274383579623, 0.1200697143342668, 0.15316824167909288, 0.20307325214079613, 0.2840694064355098, 0.3227776226017014, 0.3424414058134302, 0.3602616753677835, 0.4175120322849984, 0.4641751946675315, 0.4852681328388389, 0.4857597516770085, 0.4876137641963823, 0.5020726288371006, 0.523440996743657, 0.538222119829083, 0.5406020420241961, 0.5780822275299045, 0.6017436128476589, 0.6270023196369368, 0.6451526578093572, 0.6511646797267467, 0.6627484323003167, 0.6712133918158717, 0.6850322027618432, 0.734690260128811, 0.7610006371443035, 0.7659383245765763, 0.7815874829333453, 0.7961611762375757, 0.8071768569698841, 0.8250934490535408, 0.8419476807226816, 0.8521039368124441, 0.8521441016854934, 0.8538928759201131, 0.8674241196743636, 0.8746251668267103, 0.8834769099339858, 0.8931039112694882, 0.89434792176819, 0.8954254017323621, 0.9006993035735794, 0.9037969565645324, 0.9129435602001448, 0.9174935420388093, 0.925099720637146, 0.9259535290613727, 0.9279832173609964, 0.9313337613883953, 0.9364408535242539, 0.9408854048217964, 0.946529755494458, 0.9520424540584836, 0.9545309732061514, 0.95920373783552, 0.9646146957924455, 0.9652170494291593, 0.9718468497607159, 0.974415920829338, 0.9758620499355487, 0.9774048348424498, 0.9775234735814455, 0.9809750441149511, 0.9816915105651851, 0.9844323440240985, 0.9846608952037347, 0.9846630078632668, 0.9860250013062255, 0.9875033008157479, 0.9879995077292548, 0.98823587203845, 0.9890053958385685, 0.9894093307684091, 0.9898999735464259, 0.9905636258513594, 0.9907686044092946, 0.9914890073870187, 0.992110810799359, 0.9929586213646545, 0.9929586237331183, 0.9932750507313322, 0.9932750693416535, 0.9938352076800945, 0.9951599237578754, 0.9956539230775062, 0.9962050945342511, 0.9962055091046996, 0.9964355122636646, 0.9970949941746432, 0.9973690276047407, 0.997472647452058, 0.9974727353868492, 0.9977042915073007, 0.9978401949770866, 0.9981921350719666, 0.9995218397116675, 1.0007287482040468, 1.0010332858840998, 1.0012319882069993, 1.001449633726101, 1.0018436164239877, 1.0019386405040136, 1.001971757451343, 1.0020385039306583, 1.0021443244962718, 1.0023700931023276, 1.0024019256439611, 1.00246607681024, 1.00273401682041, 1.0029263710574212, 1.0030807407207052, 1.0031319310292335, 1.0034827311503802, 1.0035213890665209, 1.0037529727668137]",8.05,2.491906089642216,8.0,12.95,13.0,1.0,0.0,0.0005923289800739439,24000,0.15,0.95,epsilon_greedy,exp,0.6,0.9995,none,1600,True
e1a,q_learning__e445673e__s49,q_learning,e445673e,49,15000,23.202544195000883,completed,52,3.7204704003660614,339446,"[-1.001771425959147, -2.1252600770165424, -3.2198478412713043, -3.923893805861789, -4.68588517027592, -5.1488188524237435, -5.2831869431408744, -5.181773239146252, -4.924447674292748, -4.5843311322717195, -4.236838907724763, -3.912050119469635, -3.3687052956147343, -3.179012375238282, -2.9246412369934984, -2.5709843722711887, -2.2714653783578638, -2.0072523778282165, -1.785203628742112, -1.6157276714199862, -1.399067576767157, -1.1674110266105457, -0.9253049089079283, -0.7381433871684582, -0.632635112659216, -0.5388375928997436, -0.46577834197145973, -0.36369023163357167, -0.31036990925079333, -0.2432606734787702, -0.16355156820001707, -0.11355281582750885, -0.08338349626160303, -0.03800859142949375, 0.027215731191118635, 0.048269024687317, 0.12607553070112762, 0.15906722324501657, 0.1760909181924103, 0.21500997942810088, 0.2842837498223992, 0.31416849906478284, 0.3505943704262681, 0.3802092707398919, 0.39200379350119813, 0.45251918183435486, 0.4759171641741329, 0.4889950161165367, 0.5228261368091423, 0.5573699913197703, 0.572650666871951, 0.6066680627757347, 0.6148735988235956, 0.6277376479299758, 0.6407827382365023, 0.6566077859797991, 0.6674592094293426, 0.6718147789179303, 0.697467438287814, 0.7162711121602752, 0.7226153647353859, 0.7343429744408707, 0.7453019740612435, 0.7555719266211666, 0.7602787855086017, 0.7660501165845381, 0.7710911464239928, 0.7713979119819333, 0.7739010748324484, 0.7872430008157308, 0.7909852476953237, 0.7946830737722281, 0.8038386573078131, 0.8059432391938236, 0.8150018091769485, 0.8201724946959056, 0.8267901184387797, 0.8335140892674305, 0.8348970640499327, 0.8390676843638436, 0.840070577213488, 0.8447793377674747, 0.8497177044637323, 0.8503149303333092, 0.8522109172201543, 0.857931952839562, 0.8596970816335203, 0.8629104649933149, 0.8652121780737212, 0.8669219926612571, 0.8685581224080041, 0.8686515673864575, 0.8710501522146795, 0.8734939454177757, 0.8742872464890576, 0.8771749788741704, 0.8790153836045709, 0.879938519156003, 0.8824885659303502, 0.883905961528482, 0.8841731273698864, 0.8852978943557784, 0.8865488295759012, 0.8875752199403816, 0.8896948295771325, 0.8912732546243282, 0.8916799800187724, 0.8941825361046489, 0.8951214680179095, 0.895598874046396, 0.8963026611625937, 0.896948047832432, 0.8973475515785768, 0.8977562187753647, 0.8981820863341429, 0.8988508383929065, 0.8994898203094372, 0.8998249500450096, 0.9000898173432044, 0.9014349343096698, 0.9021753502163925, 0.9042676081128971, 0.9045298693571409, 0.904866595166814, 0.9050630029294847, 0.9055754674657933, 0.9063082903925399, 0.9066221498887526, 0.9069944464537766, 0.9075071108909769, 0.9075801604058513, 0.9077251723061432, 0.9081446582562716, 0.9082512464857433, 0.9087218028714352, 0.9087755056392935, 0.90886017097632, 0.908974967346142, 0.9090705527093813, 0.9092530046667608, 0.9095986381564171, 0.9096551123843363, 0.909836598275945, 0.9099152623642487, 0.909987089328509, 0.9101812763306825, 0.9103553775474874, 0.9104007385729985, 0.9104914437185981, 0.9105704254590253]",8.05,2.491906089642216,8.0,12.95,13.0,1.0,0.0,0.00034694200006924803,24000,0.15,0.95,epsilon_greedy,exp,0.6,0.9995,none,1600,True
e1a,q_learning__e445673e__s50,q_learning,e445673e,50,15000,22.914108492001105,completed,17,3.5192470785666647,336350,"[-1.0154085889333586, -2.2105283794108628, -3.2092138525393574, -4.0588220852332615, -4.6105233977244415, -4.772700819286363, -4.703732218844253, -4.468403308202971, -4.164796281974864, -3.7128457759231197, -3.3567477184104333, -3.0195119596211764, -2.7236403938172016, -2.4628273559575664, -2.1177248249486533, -1.8695803105185054, -1.7193573864470852, -1.527269558009773, -1.443402304179653, -1.3864401602912062, -1.2488813526540157, -1.140755830325879, -1.0190930962151339, -0.8659303269088832, -0.7402356624583123, -0.558605783101512, -0.46760320850680387, -0.35055193858164085, -0.26349026665983144, -0.18130098120504606, -0.1390537668197606, -0.07591381700237007, -0.052553643623826515, 0.010549483980540616, 0.05904548498467322, 0.09401995436154666, 0.12177131925180004, 0.15460392426189504, 0.25313322636546876, 0.28787168485055686, 0.30595443203055367, 0.3379023322994121, 0.4326379397632188, 0.48994146544416944, 0.5580677566545248, 0.5834298254665746, 0.5956342086182124, 0.6499729499143595, 0.6621577149327867, 0.6623083597567516, 0.7021616054943695, 0.7192654416810041, 0.7301186031381711, 0.7543562264760022, 0.798255483518439, 0.8211504788654373, 0.8519894780805385, 0.8774727107383282, 0.8930308099013448, 0.91836091741833, 0.925255076797329, 0.9297170794638343, 0.9382036501334544, 0.9462115114001146, 0.957562046631701, 0.9646125409535102, 0.9674736871431513, 0.9777426569452428, 0.985786230819181, 0.9918011534170493, 1.0044516414296418, 1.0071869750341642, 1.010202241513422, 1.0166738104601014, 1.024466007209544, 1.0245631061524199, 1.02956140255924, 1.0314681099842702, 1.0343696457523317, 1.036607366197317, 1.0382406284715011, 1.0419166577692431, 1.0427815368353566, 1.0434374311885224, 1.049740644328818, 1.0506956152823181, 1.0569937576720085, 1.0596555866425923, 1.0628987792870164, 1.0643255314415443, 1.067792985313582, 1.0695314873738149, 1.0703054587944698, 1.072038472634447, 1.0731520283081804, 1.0740823312707115, 1.075456070707141, 1.0774399565169743, 1.0791050345927886, 1.0795518977418754, 1.081253730417593, 1.08296299260986, 1.0832134477618955, 1.085234742805178, 1.0864732400729027, 1.0882620518552752, 1.0883606715769907, 1.0884330496911692, 1.0898204811733279, 1.090531233875525, 1.0929212523519964, 1.0932697496056307, 1.0939525566960004, 1.0945277358886225, 1.0949589595414972, 1.0971297360244538, 1.0980327385105864, 1.0989570053674085, 1.1002769243180286, 1.100962838456396, 1.1018881207441822, 1.1019285399990977, 1.1020062279717329, 1.1027850050863761, 1.1027851773929636, 1.103581736596946, 1.10398943788707, 1.1040367853309077, 1.1045062098989507, 1.1047412328444288, 1.105013716360612, 1.1051139786025106, 1.1056312828130532, 1.105694333850013, 1.1058289940640214, 1.1058871051484096, 1.1060990602431298, 1.1061924109800654, 1.107008105241767, 1.1071632719385245, 1.107258577112827, 1.1078161854609658, 1.1080733655504593, 1.1083539851493702, 1.1083712993152666, 1.1086471318263418, 1.1087578321119653, 1.10906235275045, 1.1092311712746832, 1.109556834486063]",8.05,2.491906089642216,8.0,12.95,13.0,1.0,0.0,0.0004912080001304275,24000,0.15,0.95,epsilon_greedy,exp,0.6,0.9995,none,1900,True
e1a,q_learning__e445673e__s51,q_learning,e445673e,51,15000,22.294098165999458,completed,9,3.1050120772711978,334545,"[-0.9901477046028283, -2.000871823746615, -2.992397498452421, -3.9161706150449214, -4.436651173672845, -4.545703830530007, -4.358311482164123, -4.08010207674566, -3.7991532507331707, -3.4098373790720045, -3.110221990851927, -2.819836093421229, -2.489579190225046, -2.290897762305985, -2.1777638795783916, -1.9248987745237658, -1.6881782420575149, -1.4337331764048329, -1.2980027204031823, -1.1320603086611476, -1.0569332908206373, -0.9905020057355184, -0.9126322016624692, -0.8510875897852589, -0.8048477150405556, -0.7114737681728341, -0.48436909248932947, -0.4103053580989203, -0.285854338053309, -0.17239312839554632, -0.15247493796564957, -0.06428004072886165, -0.005833700606346751, 0.08218536625959756, 0.08953379585297541, 0.1233969840168081, 0.14505242269483604, 0.19503254655681984, 0.23559182037729573, 0.2547753604723073, 0.28733401999176666, 0.30796121717463326, 0.33259623578670366, 0.35974658360651335, 0.42071254249721013, 0.428181612269837, 0.4547907753023966, 0.5079170820235918, 0.5358603364961649, 0.5531842757023143, 0.5795198322170555, 0.5881899159470734, 0.6169300370026765, 0.6552405390114988, 0.6720594900922706, 0.7043463982664383, 0.7275949459669793, 0.7474428564935817, 0.7599941142526238, 0.7757310143984854, 0.7862806084009948, 0.805448015457787, 0.823775638911734, 0.8465604821912484, 0.8635746174127983, 0.872319095404548, 0.892758862604503, 0.8985140936693738, 0.9020380734056005, 0.9168311881308426, 0.9217551781243626, 0.9284174784052169, 0.935268125246706, 0.9469631409833413, 0.952184445431078, 0.9679007551148368, 0.9689339932264937, 0.9776937322220788, 0.9777101127896014, 0.9825052432572103, 0.9847724025095199, 0.9861643504523341, 0.9941988746159542, 0.9973661930864329, 1.0013233834699815, 1.0070675312488573, 1.0100200635777161, 1.0133891046955052, 1.016442689253766, 1.0243671316454568, 1.0275351109088064, 1.0315302426672806, 1.033172400647818, 1.034656112963423, 1.0383292641140158, 1.0392634548116588, 1.0405657244346462, 1.0454693019207395, 1.0464461863537124, 1.048235389655574, 1.0505258150664507, 1.0512239679554147, 1.0525886140309701, 1.0532107284759313, 1.0555126645625228, 1.0567430722690077, 1.0571218433074805, 1.0589626474158844, 1.0610179724773507, 1.0628234114729664, 1.063735352899635, 1.064856615485242, 1.066104285134737, 1.0680972794928973, 1.0690893148578595, 1.069504928226986, 1.0698802123213889, 1.0703782855409736, 1.0714808253825523, 1.0719100730452078, 1.0723599437197227, 1.0728758907827611, 1.0734156444464333, 1.0738723822233014, 1.0749717364487448, 1.0756434302763047, 1.0757551780927999, 1.0761921476325982, 1.0765692743051123, 1.0767506543031407, 1.0768156792310495, 1.0769827590394716, 1.0770719752815656, 1.0772167521161575, 1.0773517983545473, 1.0775020267860118, 1.0778600856478386, 1.078035252807138, 1.078281480895133, 1.0784724761403917, 1.0785799612334914, 1.0787922224328326, 1.0787922520687663, 1.0789774573408066, 1.079116825252273, 1.079150546306711, 1.079393999848882, 1.0794361617426276, 1.0797001549982137, 1.0797566523835667]",8.05,2.491906089642216,8.0,12.95,13.0,1.0,0.0,0.00039690899991910554,24000,0.15,0.95,epsilon_greedy,exp,0.6,0.9995,none,2200,True
