exp_id,run_id,algorithm,config_hash,seed,n_train_episodes,train_wall_time_s,stop_reason,first_success_episode,post_convergence_std,cum_env_steps,probe_max_q,eval_mean_reward,eval_std_reward,eval_median_reward,eval_mean_steps,eval_median_steps,eval_success_rate,eval_mean_illegal,eval_mean_episode_seconds,memory_bytes,alpha,gamma,exploration,decay_type,decay_frac,epsilon_decay,reward_shaping,episodes_to_threshold,converged
e3,q_learning__479cc50f__s42,q_learning,479cc50f,42,15000,29.184009612999944,completed,16,3.2688071218718306,580004,"[-0.7907355208877328, -1.876737589459271, -2.8312526455533344, -3.68340176316793, -4.596274365403455, -5.40332639558433, -6.063710407931959, -6.436769269954022, -6.283868541397439, -5.200804538515522, -3.3499584613940097, -1.9293565682947833, 0.07611450785984922, 1.3340310321452873, 2.5508245339719493, 3.724740319943949, 4.394030460452146, 4.696528207162183, 5.156653347861532, 5.385909992934248, 5.5392267237380395, 5.64112827015393, 5.693141579864173, 5.735277233937132, 5.768053678813818, 5.7925511347586625, 5.857900463741519, 5.907930478551263, 5.92435833201342, 5.95204726092989, 5.983741630231916, 6.016644269217418, 6.054216059767623, 6.080202284876188, 6.085025350157583, 6.086232926146933, 6.090423238666455, 6.099790023562556, 6.111779873430561, 6.115327498580189, 6.120291854007674, 6.120905101588565, 6.122792259926036, 6.123022474764557, 6.123221700375325, 6.123732946450905, 6.124388554006317, 6.127485543002592, 6.130228245228125, 6.130701804401994, 6.131377189141316, 6.131579011987868, 6.131880396905322, 6.132391824551389, 6.132431669414934, 6.1345035910816295, 6.134907869554482, 6.135029556614722, 6.13849013206668, 6.138536002158631, 6.138588882461433, 6.13869101712918, 6.138848637239321, 6.1401919690646825, 6.1412904843465475, 6.141290974230134, 6.141371484865453, 6.143061638219658, 6.143116676767065, 6.143333882276531, 6.143977282032541, 6.144079998446145, 6.14414128133652, 6.144695710112064, 6.144763059551251, 6.144798718468647, 6.145667183687164, 6.145698535288314, 6.146049222451749, 6.146053965916126, 6.146343756372058, 6.146587490913066, 6.146608508304061, 6.147044511952059, 6.147194836357311, 6.147200913944607, 6.147252328301616, 6.147263173308639, 6.147414851526546, 6.147557279409363, 6.14766539724485, 6.1477196875193965, 6.14772145686074, 6.147748568106995, 6.14777078852251, 6.147802331374659, 6.147814365069284, 6.147819147520525, 6.147905854175146, 6.147986592898265, 6.147994247399191, 6.147996973477933, 6.1480030782319455, 6.148003110475793, 6.148016834881014, 6.148021021637555, 6.148023671817962, 6.1480844829272945, 6.148134818701686, 6.148135141937043, 6.148183240461612, 6.148185034045801, 6.148188253977305, 6.148192725498906, 6.148192754014775, 6.14826442750071, 6.148264478480917, 6.148265115872159, 6.148267723305572, 6.148268718342058, 6.148270947347607, 6.148278401184729, 6.148278443257788, 6.14827844756301, 6.14827886642135, 6.148281849436057, 6.148285150746996, 6.148314996285066, 6.148354222941127, 6.148354937997567, 6.1483723089575495, 6.148372378682965, 6.148374467590322, 6.148388812731613, 6.148391171231737, 6.148402242847111, 6.148404035882076, 6.1484181918286245, 6.148419167087525, 6.148427164146801, 6.148439819137838, 6.148449193704437, 6.148449193708207, 6.148459465723141, 6.14846446712026, 6.148469050225919, 6.14846951673236, 6.14846951679012, 6.148474260304036, 6.148476676420809]",8.05,2.491906089642216,8.0,12.95,13.0,1.0,0.0,0.0004969029999119811,24000,0.15,0.99,epsilon_greedy,linear,0.6,0.9995,none,1300,True
e3,q_learning__479cc50f__s43,q_learning,479cc50f,43,15000,29.097174911001275,completed,55,3.587129771837088,580680,"[-0.8638347384383434, -1.9451401587264192, -2.869669872762271, -3.780238672787132, -4.644998190530803, -5.43580642005536, -6.1540920087677655, -6.357505809101901, -6.239585644618036, -4.786400850668568, -3.3375186745989143, -1.8171854376580492, -0.24037196542992387, 1.4226745522783588, 2.494839773761498, 3.627981151106033, 4.2293882433387555, 4.712150786184651, 5.080023836510042, 5.337593596409371, 5.531998798814912, 5.68509276463774, 5.737993709484954, 5.846808731314701, 5.919420365453328, 5.969927767664261, 6.028654840974962, 6.07763632422131, 6.099313980464439, 6.135079994915799, 6.181306626904931, 6.201742383484796, 6.213632121774942, 6.230578726457372, 6.235585110478427, 6.2439474212808665, 6.253277648735016, 6.260237249194253, 6.262378470860048, 6.264553698697684, 6.267300759143661, 6.270473966977845, 6.271356250000069, 6.272234863052996, 6.273182874559709, 6.27372558760589, 6.275286547995763, 6.2777336548077765, 6.2790410659122955, 6.2807039604552735, 6.281687653480103, 6.282218798391804, 6.2835603053549205, 6.283977510077311, 6.284653490879132, 6.285227821692086, 6.285790366307122, 6.285936201741311, 6.286095098524771, 6.286631653854529, 6.286795069701511, 6.287225075521951, 6.288321674891873, 6.288622168216289, 6.289180521189921, 6.289545492513321, 6.289729799280308, 6.289773809106501, 6.290042798809325, 6.290203056491979, 6.290323908727007, 6.290488845806768, 6.2906080120993755, 6.2908815886451785, 6.290982173754132, 6.291114557598891, 6.2914512521352055, 6.291641509871201, 6.291867319790666, 6.291881908554742, 6.291914193613888, 6.292180065251712, 6.292192369241192, 6.292192381271473, 6.292331564110605, 6.292484580790256, 6.292570661455576, 6.2926102786391125, 6.292643816045697, 6.292678034850465, 6.292716597849401, 6.29278334320378, 6.2927899419131, 6.292854063290689, 6.292855679588306, 6.2928638730287565, 6.292891247546549, 6.292892622907705, 6.293012673616411, 6.293024825034065, 6.293088708588494, 6.293143286961282, 6.2931958869774745, 6.293237279962816, 6.293264999037003, 6.293309091521406, 6.293309091717378, 6.293340182908974, 6.293377628119513, 6.293377628912339, 6.29338846624547, 6.293426763258968, 6.2934773464178155, 6.293477346833355, 6.293533902659358, 6.293539138424325, 6.2935398559278, 6.293540465515336, 6.293548696143525, 6.29358164960781, 6.2935936117029225, 6.29359508514038, 6.293617980577918, 6.293640131474364, 6.293653372438793, 6.293669915212712, 6.293680451723385, 6.2936989748162, 6.293704856297896, 6.293715985547478, 6.293741588251005, 6.293744084080391, 6.293752401973624, 6.293760324197419, 6.29376444872141, 6.293784760460776, 6.293789588672538, 6.293798093755582, 6.293805172020271, 6.293816262648462, 6.293836349409491, 6.293837008867437, 6.293846576280369, 6.293856781729119, 6.293862758149319, 6.2938644995186115, 6.293869896932251, 6.29387411232291, 6.2938786579138455, 6.293879601839782]",8.05,2.491906089642216,8.0,12.95,13.0,1.0,0.0,0.00048580499982563195,24000,0.15,0.99,epsilon_greedy,linear,0.6,0.9995,none,1300,True
e3,q_learning__479cc50f__s44,q_learning,479cc50f,44,15000,28.957295645999693,completed,53,3.0843313700054993,578901,"[-1.0249953999031036, -1.9523414436488051, -2.911394997077075, -3.8304387585336173, -4.61352563537565, -5.431990014010137, -6.030116526984071, -6.1641003849373455, -5.440219944694825, -3.9854938498174035, -2.4775122646929533, -1.049107709876016, 0.3401115149707853, 1.5040730779627653, 2.420590672416482, 3.045216121115105, 3.6210666989511626, 4.152973559493037, 4.766929322778146, 4.9659716577751425, 5.087579690399077, 5.244271926738554, 5.51456332412049, 5.585972467343063, 5.673977169887785, 5.743832821279254, 5.798758029474956, 5.850234966068029, 5.896383043321417, 5.958361479187695, 5.974669058092243, 6.014505853780216, 6.020802762567089, 6.043628289098092, 6.051885034275916, 6.061443538158798, 6.0669141562445645, 6.071094670177041, 6.086252458611993, 6.0905135755895605, 6.093617556272487, 6.096681303716443, 6.102041642422462, 6.104226244573365, 6.109577909356605, 6.113043983386294, 6.115091130000696, 6.117382051162666, 6.1235855508934565, 6.125991429905314, 6.1286218447731535, 6.130105388081229, 6.132749544689386, 6.133049503873071, 6.133610094023353, 6.134821689550847, 6.135590752987296, 6.136072748913992, 6.137609467449884, 6.138646000531196, 6.1389751562033155, 6.139366006390434, 6.139819903591397, 6.140682137416379, 6.141357056356378, 6.14173474364674, 6.142210963915805, 6.142498765614851, 6.14293573773428, 6.14315818206755, 6.143212412294238, 6.1435102383031355, 6.143686537660048, 6.143835139956694, 6.144191865541948, 6.144544501755516, 6.144793476429119, 6.1451014442796215, 6.145465678621176, 6.145562031101638, 6.145728634455225, 6.145906869246293, 6.146101951908715, 6.146194040983973, 6.146250584614455, 6.146381179223034, 6.146409675775321, 6.146462704330657, 6.146572772574879, 6.146714531785119, 6.146752733066497, 6.14690006052163, 6.147001060306895, 6.147136087736929, 6.147212258546127, 6.147245917954648, 6.147367397531649, 6.147395841603055, 6.1473995730679984, 6.147492418184854, 6.1475996810533635, 6.147688075891849, 6.147785035459322, 6.147785951871666, 6.14782625888429, 6.147873691821483, 6.147948296871381, 6.14797640373094, 6.148023380629921, 6.148023444566067, 6.14804766496933, 6.14804843541363, 6.148069840795754, 6.148087965775103, 6.148092638798832, 6.148118608852871, 6.148130867484075, 6.1481617288510915, 6.1481869357136345, 6.148226046799985, 6.148241133028943, 6.148241786828768, 6.148255948686101, 6.148257757617605, 6.148272225608769, 6.14827222587033, 6.148272277392071, 6.148274227147923, 6.148297194857064, 6.148309883402832, 6.148316414325867, 6.1483164305473075, 6.148332417219401, 6.1483484997786295, 6.1483571794890794, 6.148366313017534, 6.1483680886471825, 6.148377550950914, 6.148385681790757, 6.1483862179242, 6.148394845921032, 6.148400709309168, 6.148411822118441, 6.1484201340169875, 6.148420947841814, 6.148430341193537, 6.148434545499305, 6.148435503871884, 6.148437345026187, 6.148438327757079]",8.05,2.491906089642216,8.0,12.95,13.0,1.0,0.0,0.0006161359700126923,24000,0.15,0.99,epsilon_greedy,linear,0.6,0.9995,none,1200,True
e3,q_learning__479cc50f__s45,q_learning,479cc50f,45,15000,28.232263869000235,completed,18,3.1704258389055564,581119,"[-0.8327927070026002, -1.857432127833857, -2.7227730422720167, -3.774731655447531, -4.760006167681613, -5.4473853569794, -5.9492142996072355, -5.5759106304562955, -4.877050889770918, -3.5264506825815185, -1.9141883471529932, -0.2968038454560555, 0.8258302402032077, 1.815161047479909, 2.513066414023169, 3.030355746922648, 3.6766806448175355, 4.197996731762284, 4.476779099252181, 4.703089679619855, 5.119295426660142, 5.219407168194478, 5.4419569758130795, 5.548540331850466, 5.5765427768404425, 5.609687506596676, 5.645665162492076, 5.725753834782171, 5.733050286894277, 5.773432233907399, 5.80324537687301, 5.823201811644623, 5.846513729293838, 5.866155984605523, 5.92590153404869, 5.928377200629105, 5.930571042693143, 5.933161940268328, 5.935676583974394, 5.945254062948538, 5.945513700915805, 5.952985623533288, 5.953893872550311, 5.954541998826508, 5.970009279504678, 5.974133668776519, 5.974605211647068, 5.9754687146508, 5.9757197822136465, 5.9757255767113895, 5.975989424120726, 5.980215193500853, 5.983582769443718, 5.983583585967671, 5.9890747833269815, 5.989191773240391, 5.991262291883382, 5.991272512939635, 5.993060302667866, 5.993095317848519, 5.995867192942672, 5.995924974901569, 5.99603989784436, 5.996072137444342, 5.996073694764169, 5.9960932584057804, 5.9998924930242, 5.9999723033818215, 6.000023486119142, 6.000376806841414, 6.00067725452176, 6.002051581184229, 6.002310499635931, 6.003024044845409, 6.00344962206445, 6.0038123855139895, 6.004317439065177, 6.004345035629987, 6.004765845648025, 6.004897996508057, 6.004939392785528, 6.004963815901942, 6.005189118832442, 6.005379164841591, 6.005380592049017, 6.005571545788161, 6.005927319398759, 6.006133563400288, 6.006320810241253, 6.006461920431997, 6.006529677448417, 6.006552206369169, 6.006552601060895, 6.006552826041112, 6.006664205286195, 6.006665020901821, 6.0067431404057325, 6.006836782214241, 6.006836782329059, 6.006919600106569, 6.00695205295552, 6.006984738579243, 6.007038428525269, 6.007043910354374, 6.007048064259336, 6.007093208307679, 6.007098042788323, 6.007101066788761, 6.0071053210805925, 6.00710693893161, 6.007159630897303, 6.007163782896472, 6.007179913920873, 6.007179916001176, 6.007205906396375, 6.007206224038337, 6.007221800140057, 6.007223061595877, 6.007223075589429, 6.007223123549228, 6.00722414904904, 6.007234722904391, 6.007246362445033, 6.007260427703395, 6.007271850147225, 6.007276725770514, 6.0072951585100975, 6.007302334851628, 6.007304180297098, 6.0073082760932035, 6.007308681325428, 6.007314680978707, 6.007314700835128, 6.007314747403368, 6.007318928347443, 6.007325119101698, 6.007330440104076, 6.007330442729742, 6.007331587197772, 6.007335907443059, 6.007335950589834, 6.0073398155149205, 6.007342402880841, 6.007342433912238, 6.007342433913908, 6.007346370961149, 6.007349686562767, 6.007352751846122, 6.007353505504246, 6.007353525259313]",8.05,2.491906089642216,8.0,12.95,13.0,1.0,0.0,0.00039037898997776213,24000,0.15,0.99,epsilon_greedy,linear,0.6,0.9995,none,1300,True
e3,q_learning__479cc50f__s46,q_learning,479cc50f,46,15000,28.739589832999627,completed,12,3.5891363863748618,580492,"[-1.0097512654683893, -1.8822220312800915, -2.9460287693489757, -3.9128008139552364, -4.886187472771141, -5.717645147979982, -6.208667913041121, -6.0058796430990835, -5.401335848091098, -3.790455595018369, -2.4583987316001963, -0.8902606659428616, 0.7707791873405497, 1.8849038905920483, 2.671966886583985, 3.2885159756013875, 4.001789049032985, 4.5188773003842595, 4.849911327274774, 5.109819809358006, 5.282605833796269, 5.541477987069728, 5.6617217095638965, 5.734737866886575, 5.81283397900755, 5.858200832491065, 5.8705383679513, 5.911152008588906, 5.92456687768512, 5.934567000542765, 5.95270701127665, 5.9663070683900035, 5.972796224333206, 5.984146237128891, 5.992485020925966, 5.994942273297671, 5.998046313471239, 6.006432992166551, 6.0095740001300255, 6.011334562225699, 6.014229015218314, 6.01515377655254, 6.017460389187252, 6.021255456638613, 6.021976668530636, 6.023241143170508, 6.024895758230546, 6.025962748250452, 6.026961308705951, 6.027924191487813, 6.028944282303043, 6.029592696795607, 6.032336001843081, 6.03339310543109, 6.034152922289299, 6.034524731182566, 6.034967933837694, 6.035525732136066, 6.03659528429235, 6.03695905304329, 6.03739376767099, 6.037842899851975, 6.038087335289636, 6.0387635825895245, 6.0387645431856924, 6.039039812332518, 6.039040512677394, 6.0394236004620625, 6.039643272288652, 6.039711906844102, 6.04009949493388, 6.040149205912969, 6.040352559676462, 6.040512031378531, 6.0408332641551175, 6.040865559731881, 6.040972626969545, 6.041229803951508, 6.041241030859521, 6.041275835896357, 6.041289363031988, 6.041367638516919, 6.041425925151757, 6.041509935126152, 6.041510109341832, 6.041689392475609, 6.041711973699295, 6.041865478842504, 6.0418730448612505, 6.041974866136739, 6.041974892731535, 6.042038084308617, 6.042038121617363, 6.042070385962851, 6.042123300591422, 6.042144777106933, 6.042175556491068, 6.042195121619731, 6.042215180614349, 6.042242529110322, 6.042255527677894, 6.042263359590211, 6.042263374810588, 6.042326345109531, 6.042326379908197, 6.0423396751517355, 6.042342181674803, 6.042387425463698, 6.042407136020606, 6.04242154794239, 6.04244446154561, 6.042479368084414, 6.042481794763815, 6.042501417412352, 6.042501440740169, 6.042539277369007, 6.042549517137621, 6.042564112777589, 6.042616734253366, 6.042625179718574, 6.042630479325369, 6.042632796775905, 6.0426376351781625, 6.042654322766608, 6.042655040969178, 6.0426610635431945, 6.042683685987826, 6.0427063385259165, 6.042717270525203, 6.042724667288607, 6.042729619927631, 6.0427448661841145, 6.042749822177468, 6.042756250776735, 6.0427617893386, 6.042761789428445, 6.042763262891756, 6.0427659313456115, 6.04276647553451, 6.042771479071862, 6.042777274028557, 6.0427799320047795, 6.042783652941653, 6.042783742399718, 6.04279005234711, 6.042792803948078, 6.042795352043767, 6.04279919131497, 6.042803062507839, 6.042803800863513]",8.05,2.491906089642216,8.0,12.95,13.0,1.0,0.0,0.0005302769700392673,24000,0.15,0.99,epsilon_greedy,linear,0.6,0.9995,none,1200,True
e3,q_learning__479cc50f__s47,q_learning,479cc50f,47,15000,29.150802422998822,completed,67,2.9945784344378095,578970,"[-0.8620981415225535, -1.854396686546314, -2.811765692642116, -3.67681158009746, -4.624044794591279, -5.171494748477067, -5.756760128297928, -5.676086281927321, -5.076266921297784, -3.8474130898330783, -1.856817508028604, -0.06687571650192033, 1.0411933750258011, 2.1297127376872864, 2.938838773061866, 3.6910194387865434, 4.422882824409991, 4.647966935187382, 4.877207648695433, 5.188311581495808, 5.328286175665959, 5.471382190298416, 5.582157873298518, 5.663210290105485, 5.717268129652172, 5.740480056253174, 5.761093506565442, 5.782598519729546, 5.792449319788576, 5.799552900497023, 5.807064809691143, 5.812289687923362, 5.8130383261668195, 5.813773423569966, 5.819627960130396, 5.822218898294755, 5.829397496476476, 5.8364872450211305, 5.839725774067896, 5.840686383429118, 5.84573397947945, 5.845888701113258, 5.8464014746467114, 5.846541315295067, 5.8475766651503145, 5.848165987922765, 5.8493372238791554, 5.850716220257112, 5.851706081334055, 5.852869366033774, 5.853310320816975, 5.853968628408053, 5.854850550263448, 5.855844112709219, 5.856801388272964, 5.857060750354764, 5.857192692028316, 5.857531825803297, 5.858284314300218, 5.8586480843376405, 5.858856503056807, 5.859001542768752, 5.859134232421289, 5.859543918805316, 5.8599690017593025, 5.859973838250292, 5.860041228341805, 5.860096585802651, 5.860196970990547, 5.8603101718731265, 5.860321423123071, 5.860334565672184, 5.860576385981757, 5.860640285408178, 5.860724358953765, 5.860757800197633, 5.860832525855257, 5.860918307496896, 5.861033315759557, 5.8610338832001485, 5.861133202457983, 5.8612306118007815, 5.861234234786045, 5.861260839365161, 5.861293416598168, 5.86129418942366, 5.861301966058476, 5.861316893538933, 5.861387710764117, 5.86140232404115, 5.86142660843124, 5.861502977826004, 5.861532266984156, 5.861564442314917, 5.8615827591094565, 5.861583997475315, 5.861595473682944, 5.86161983362211, 5.8616212760658355, 5.861641521155184, 5.861655473751485, 5.861656547582586, 5.861677732627625, 5.861700368805829, 5.861709818063513, 5.86171114661191, 5.861715188665339, 5.861729735193439, 5.861751253864012, 5.861751948130857, 5.861772126010749, 5.861772676142731, 5.8617788423954975, 5.861782499717708, 5.861788484092, 5.861799114963068, 5.861804012459175, 5.861819939529036, 5.861832293155186, 5.861841315336166, 5.861843263802399, 5.861856263695004, 5.8618660121882895, 5.861866042167171, 5.8618707413627105, 5.861872152739105, 5.861875670751115, 5.861885444903224, 5.861885463296184, 5.861886247776178, 5.861890817055257, 5.861893919041322, 5.86189584254254, 5.861902116027658, 5.86190820671499, 5.861910549534297, 5.861912592198528, 5.861915143580423, 5.861917042291666, 5.861918875839734, 5.861921612266205, 5.8619226555914965, 5.8619259308597504, 5.861927558464235, 5.861927992734693, 5.861928131420508, 5.861928135075732, 5.86192813588135, 5.86192929498578, 5.861929341926275]",8.05,2.491906089642216,8.0,12.95,13.0,1.0,0.0,0.0004230399899279291,24000,0.15,0.99,epsilon_greedy,linear,0.6,0.9995,none,1400,True
e3,q_learning__479cc50f__s48,q_learning,479cc50f,48,15000,29.504104485000425,completed,1,3.473384516577455,579190,"[-0.8255657887002922, -1.9084031050516486, -2.889042737674302, -3.768268950372937, -4.56291888021014, -5.469815144479298, -6.035366730118499, -6.141275893671689, -5.827662236665034, -5.113398652157704, -3.3768076220351815, -1.5739782829591555, -0.25150322907159023, 0.8850927601269376, 1.829650358307701, 2.8417793294936233, 3.5274334770692723, 4.131785310272234, 4.583455203910022, 4.840170101324893, 4.955227340503783, 5.061256827402707, 5.143792117845198, 5.229707436479809, 5.30730083866997, 5.350702498675644, 5.431577778042738, 5.458303008254772, 5.483214014327641, 5.498817639753382, 5.525099020826654, 5.533595427992379, 5.552071887822033, 5.5585304938600615, 5.566859989900632, 5.588782145505338, 5.600063006130966, 5.601281689818851, 5.604565130798298, 5.612436060549395, 5.615130832702633, 5.62837081867053, 5.628574255439671, 5.633487711857257, 5.635852918201289, 5.637202808000926, 5.638222999983061, 5.638713406106463, 5.644599143042184, 5.6489534753813135, 5.649126120487469, 5.649742016075607, 5.6500010115976265, 5.65034725404935, 5.65054304107756, 5.650737819509155, 5.650912070489105, 5.651871117889447, 5.652330830937015, 5.655713672583402, 5.6611242789611245, 5.661311876282936, 5.661622571798403, 5.664084310228363, 5.664084625137053, 5.66427124206076, 5.6644341310184085, 5.666604273473724, 5.66682529416774, 5.667101321769595, 5.667137973282779, 5.671095445320286, 5.671139637822193, 5.672095191130278, 5.672219368684195, 5.672219424365863, 5.672313693022113, 5.672339482493781, 5.6723436829244855, 5.6731780676207455, 5.673274404363179, 5.67399094575575, 5.674040188474001, 5.67410776868225, 5.674232920950828, 5.674982310354793, 5.674982312711898, 5.6754910424835066, 5.675563941772727, 5.6756105264053085, 5.675623731498635, 5.675645961556089, 5.675662305401089, 5.675669911239413, 5.675697701763235, 5.675708744570993, 5.67579890894101, 5.675836738680679, 5.675857373355069, 5.676693648591035, 5.676710604764299, 5.676737197315751, 5.676751278884855, 5.676767340573546, 5.676776480868053, 5.676781913341517, 5.676807970103864, 5.676822715111904, 5.677638744827758, 5.67766122734696, 5.6776643367636215, 5.677860195428743, 5.678030893609291, 5.678042490736102, 5.678048719281952, 5.678071743182305, 5.678078552602583, 5.678228800531585, 5.678254235624291, 5.678254338404345, 5.678376219242661, 5.678480444918287, 5.678485618296132, 5.678502472806733, 5.6785905525182745, 5.678730187768786, 5.6788294676271915, 5.678868992264939, 5.67887357305946, 5.678917420382148, 5.67891884760696, 5.678953180851492, 5.67895364044635, 5.678956409004638, 5.678956632374539, 5.6789580065605465, 5.678962737635403, 5.6789714102272715, 5.67900042035362, 5.679003127176519, 5.6790142664421674, 5.6790142664423895, 5.679015139530981, 5.679015881656428, 5.679016531188808, 5.679018061723356, 5.679022703727132, 5.679027548111792, 5.679051578482204, 5.679054591720974]",8.05,2.491906089642216,8.0,12.95,13.0,1.0,0.0,0.00041311799997856725,24000,0.15,0.99,epsilon_greedy,linear,0.6,0.9995,none,1300,True
e3,q_learning__479cc50f__s49,q_learning,479cc50f,49,15000,29.175475385000027,completed,52,2.833566657059615,578143,"[-1.0523531048788404, -2.1143620997505126, -3.116647151341357, -3.9348741927074533, -4.834534391510712, -5.416059259645629, -6.0177015271957215, -6.4528390879845565, -5.810798237014649, -4.999480797090906, -3.4885015357563427, -2.11065616398285, -0.8444454633513147, 0.34035042133500687, 1.458569512992916, 2.184277127094567, 2.4691452940069967, 3.018069555275711, 3.4112404050509553, 3.718383266024966, 3.8920325773915034, 4.021909586569907, 4.182274739223456, 4.324194426514856, 4.365191974701244, 4.5010219756738925, 4.639512327401517, 4.732562334324265, 4.837335744003352, 4.907132219841363, 4.939465153095861, 5.050876088138648, 5.143193756583146, 5.17255959930691, 5.19953337250366, 5.218097894502078, 5.2337105279879195, 5.264995915312534, 5.2688247385939535, 5.313819024663315, 5.333390117097692, 5.367892227772074, 5.401815044998799, 5.402642389192803, 5.412074133414995, 5.4127201500492275, 5.426839395395496, 5.43743657857645, 5.441069199623427, 5.441892241419845, 5.443150657063014, 5.458094166489912, 5.458462866102371, 5.462937220334061, 5.48338508663206, 5.4873845240775, 5.4874065207067275, 5.4877011276118655, 5.491240541305917, 5.491312299153875, 5.497134934177813, 5.50243679014317, 5.507683304343392, 5.515720134538829, 5.521328685321149, 5.523454462229839, 5.528792307575469, 5.532558959514931, 5.532651025941184, 5.532676706846156, 5.535750341407323, 5.5373434112867335, 5.539943967623813, 5.543861692944236, 5.545146876385133, 5.545361517021235, 5.545509089654219, 5.548467698358318, 5.5493814003130035, 5.550169549775741, 5.550186127862136, 5.552192837022437, 5.55327385345367, 5.556728958795278, 5.558820432946231, 5.559399508127379, 5.559975671744117, 5.560451366643396, 5.56051306581506, 5.560567578379366, 5.560600605387026, 5.561097112008514, 5.564029037360487, 5.565906914867292, 5.565949156572149, 5.565952081219381, 5.566205169172899, 5.5662744646902365, 5.566306708415757, 5.56633481230055, 5.566755921540917, 5.566785815926952, 5.566997297757464, 5.567562762551918, 5.567573374500054, 5.567911745247048, 5.568181234003732, 5.568795283937524, 5.569324294959874, 5.569324311479671, 5.569545796500152, 5.569698531303853, 5.570164638977262, 5.570302306681261, 5.570413206605589, 5.57079386165876, 5.570984941710972, 5.571052988240879, 5.571114599949886, 5.571466494290755, 5.571471958664955, 5.571479146532468, 5.571527947630946, 5.571708556724589, 5.571724951746166, 5.571725838678036, 5.5717836783773285, 5.572082377281902, 5.572082940942929, 5.572165930392774, 5.572196675692649, 5.572821573171038, 5.5728216218289, 5.573113556352505, 5.57311355766842, 5.573316517981572, 5.573339304237815, 5.57355937711866, 5.5737018990737175, 5.573841388911717, 5.573944606066139, 5.574013113785129, 5.574051052177566, 5.574064898045227, 5.574065452878298, 5.574069294791763, 5.574128469492206, 5.574171221186401, 5.574171362552925, 5.574177158080435]",8.05,2.491906089642216,8.0,12.95,13.0,1.0,0.0,0.0003350470000623318,24000,0.15,0.99,epsilon_greedy,linear,0.6,0.9995,none,1600,True
e3,q_learning__479cc50f__s50,q_learning,479cc50f,50,15000,28.417516211000475,completed,61,3.62042815147601,575154,"[-0.6667186149145399, -1.6371932049639466, -2.537865541876525, -3.4125549849348515, -4.350271409213998, -5.218251032190211, -5.937849234913258, -6.5537072812860355, -6.1764449813081965, -5.238817791968133, -3.7011771032841354, -1.9861262165634654, -0.5333979686716098, 0.7168590522345876, 2.2194155532257773, 2.989262556203966, 3.507936359313877, 3.938487217957989, 4.321525275489738, 4.628603489702324, 4.829780620783407, 5.0226851792487635, 5.126002710726533, 5.188580287064512, 5.239437743532728, 5.309292385591856, 5.399399303705612, 5.448322063266675, 5.4928525748625, 5.519813874505915, 5.549290070047274, 5.554020471592556, 5.564199963574734, 5.582502485500635, 5.591982236961694, 5.628382270475345, 5.634871013735171, 5.649218381915204, 5.651843174970221, 5.6637951926470445, 5.6670700343568035, 5.674637501151823, 5.684995311148366, 5.687357037106556, 5.692121792032432, 5.699696438057859, 5.707949784792871, 5.710093238583783, 5.7160776951099415, 5.7173747091420895, 5.720515815978432, 5.721334961070411, 5.721578494082629, 5.721787029845233, 5.722162032464977, 5.726281084044979, 5.726896828491837, 5.727190660248425, 5.727294870656355, 5.732442554605603, 5.732705971318058, 5.7331271784483055, 5.734736222395401, 5.7359199506050205, 5.7373128228366435, 5.740058760896721, 5.742041373085927, 5.742330684573374, 5.742371954304299, 5.743256805442163, 5.743392525149509, 5.743393639705591, 5.743412050519383, 5.744153991067564, 5.744936459387126, 5.7455597652863855, 5.745560073031615, 5.746198131970481, 5.746653121497753, 5.746780204803214, 5.746780980169617, 5.747425061682804, 5.748134396958337, 5.748134564018218, 5.748216279351677, 5.748237408915514, 5.748491337005823, 5.749245420960402, 5.749773612847976, 5.74978888365001, 5.749814514206916, 5.749825529559521, 5.750730760106468, 5.751096224899302, 5.751187805390777, 5.751264635682022, 5.751329737226546, 5.751799420267943, 5.752192882181362, 5.752327922521362, 5.75243599851462, 5.752445082544939, 5.7528289980519665, 5.752947142708582, 5.753228990550955, 5.7532822936579375, 5.753308997718294, 5.75334713970236, 5.753381142141619, 5.7534603549565855, 5.753460504937999, 5.7534891875249805, 5.75348924649168, 5.753492248344076, 5.753519106690391, 5.753544684556603, 5.7536852886987315, 5.753945207263303, 5.754023650051964, 5.754025177802408, 5.754228997750431, 5.75422899835549, 5.7542324433887915, 5.754444274386805, 5.7544468694461015, 5.754449044042461, 5.754462371574312, 5.754462397398415, 5.754736382068552, 5.754839039181905, 5.754839039385777, 5.755123297468619, 5.755155825991658, 5.75515625958445, 5.755157061993547, 5.755165838928886, 5.755167694989682, 5.755233093898784, 5.755239475064401, 5.755255421174107, 5.755260398208063, 5.755260814557976, 5.7553252543436555, 5.755325608224118, 5.755373422412374, 5.755397695611521, 5.755414806638886, 5.755418137679701, 5.755465739833887, 5.755465896899259]",8.05,2.491906089642216,8.0,12.95,13.0,1.0,0.0,0.0004762870098784333,24000,0.15,0.99,epsilon_greedy,linear,0.6,0.9995,none,1400,True
e3,q_learning__479cc50f__s51,q_learning,479cc50f,51,15000,28.393876240999816,completed,19,3.560674093482862,579942,"[-0.9178103442521844, -1.803174207002116, -2.8140017398434547, -3.8705559320652148, -4.825298773118788, -5.5062209477663115, -5.908356171998766, -5.669475701851021, -4.865173941140496, -3.4797491892753034, -1.8442959625918296, -0.7957909250255955, 0.4886921335878967, 1.6285457388309226, 2.268197931048008, 2.8750826835908176, 3.7925183582319812, 4.307806210836117, 4.529019137961248, 4.7763431227894015, 5.044383454518649, 5.104656763837032, 5.1535928794971, 5.214262923944361, 5.292717329962886, 5.376021769873086, 5.457068196656723, 5.504422700723628, 5.542625431755131, 5.593834554434176, 5.603234701894212, 5.625970043213921, 5.645704500442917, 5.655589446824679, 5.662256582328127, 5.667505714084016, 5.679163937321683, 5.683564868934645, 5.690405536002567, 5.694862438605705, 5.696289364282669, 5.698302331484926, 5.6987815770945245, 5.7007213163025705, 5.701453941901507, 5.702304430108767, 5.703387831510269, 5.703672815449531, 5.704481755595159, 5.70515362615074, 5.705279721677883, 5.705487361025719, 5.705653248624012, 5.707691600773604, 5.7078652753400325, 5.708287392898082, 5.708443189339763, 5.708559348141098, 5.708889180069597, 5.70923120460547, 5.709311182085103, 5.709475730321458, 5.709649623154884, 5.709694779332982, 5.709751479024003, 5.711316575743838, 5.7115130516911545, 5.711619651787271, 5.711632703516547, 5.712989932886821, 5.713105300562968, 5.713182886241692, 5.713278172830427, 5.714462282108654, 5.714467923912124, 5.716274127947434, 5.716276641104318, 5.716969762373, 5.717008179216378, 5.717055498991173, 5.717674036493741, 5.718190797871888, 5.718204706261052, 5.718240144110241, 5.718276155053464, 5.718279454629888, 5.718286373300489, 5.718739132809424, 5.7187737640830125, 5.719147425018905, 5.719456482434398, 5.719485939806495, 5.719502136520892, 5.719507582612626, 5.719517644137553, 5.719530330417501, 5.719538704958022, 5.719545187469557, 5.719548474850778, 5.719569330231986, 5.719582468370537, 5.719593700139857, 5.719601515031291, 5.719603376010261, 5.719608686039272, 5.719615020696654, 5.719615681770863, 5.719621117111743, 5.719627038082513, 5.719887374577967, 5.7198907037138635, 5.719902198671821, 5.720314872678671, 5.720318181804205, 5.720320380586617, 5.720481105443126, 5.720487214638376, 5.720488146951293, 5.720492888933522, 5.720497447054304, 5.720503659663892, 5.720505837533589, 5.720644875647616, 5.720764396607755, 5.720764426386079, 5.720771637846962, 5.720771641978543, 5.720872387616683, 5.7209604326060495, 5.720960995049194, 5.720961757097517, 5.721094545631582, 5.721096054587592, 5.721190886330394, 5.7212871353693355, 5.721287431238474, 5.721288737664192, 5.721313276753764, 5.721314835458274, 5.721315744400597, 5.721336065264818, 5.721336456206557, 5.721336456223198, 5.721353759440045, 5.721368126055325, 5.72136835181434, 5.72136933767624, 5.721370746531473, 5.721371039170875, 5.721383975133525]",8.05,2.491906089642216,8.0,12.95,13.0,1.0,0.0,0.0003856889999769919,24000,0.15,0.99,epsilon_greedy,linear,0.6,0.9995,none,1200,True
e3,q_learning__8bd08289__s42,q_learning,8bd08289,42,15000,20.93628915699992,completed,23,2.5692605940231132,250576,"[-1.622800114044321, -3.0653337621190593, -4.2663746144901005, -4.894508009300517, -5.083114435735264, -5.039201600623988, -4.887902401965877, -4.647638025807908, -4.204917619803769, -3.721413940783693, -3.251015450088474, -2.697417872246255, -2.231516204293649, -1.8443656905918653, -1.3777115945420004, -1.0003168726850236, -0.610672077061096, -0.1798225926310739, 0.23528553854333425, 0.5008927103057965, 0.8451735165466547, 1.082633570286992, 1.3760621567329614, 1.6015466000688992, 2.0284964929154143, 2.339532684107066, 2.5458802817022446, 2.685196822319028, 2.7971783756937643, 2.946911628276523, 3.0635540867702384, 3.2975127525660453, 3.5024027540271243, 3.727375543646519, 3.880643978977848, 4.0265545596269465, 4.063356200964927, 4.189938844450826, 4.324733223299169, 4.390415002701545, 4.501789734640245, 4.6175586044173915, 4.685271041641013, 4.761652716311707, 4.8241016465434, 4.859898667854538, 4.994675718123171, 5.111475348051895, 5.1616696199370145, 5.262195909660772, 5.329289970308122, 5.3767890786850705, 5.411105114615667, 5.433526989171497, 5.481491295717617, 5.522379092844816, 5.535077687585633, 5.543844612297246, 5.54875086118933, 5.593679450245924, 5.635422966884814, 5.662396396458933, 5.715662399223048, 5.744563271954227, 5.774352583050942, 5.777244376281556, 5.793237719649032, 5.82864686515959, 5.833934500478842, 5.848346118022089, 5.879715274450851, 5.891442104922322, 5.908046572245736, 5.924565409369918, 5.936717304867669, 5.9434374312523515, 5.951871241088885, 5.952943304577361, 5.966247302254564, 5.970135717067787, 5.971497359478923, 5.972183374606761, 5.97268136044268, 5.975837136457842, 5.976396908758489, 5.98312686460368, 5.992488243363405, 6.002489728992476, 6.005676635306824, 6.0073661588235, 6.010200563445671, 6.01102132991649, 6.015184062117081, 6.027898799868926, 6.037533408726049, 6.04977121911344, 6.052778885249426, 6.054359844316937, 6.055196534347938, 6.059591498718516, 6.060659308655412, 6.060757315262014, 6.060783438285134, 6.070778246024224, 6.07761856923499, 6.0787532646156786, 6.085835073964582, 6.089597720890861, 6.089629446059641, 6.091226636838675, 6.092751036453456, 6.095612880936467, 6.10257367051014, 6.109523888727099, 6.109821028807732, 6.11108641257247, 6.111328870500276, 6.111968117653267, 6.113599446501468, 6.114886079683026, 6.118673848783836, 6.119703100131657, 6.119832476340502, 6.120483656654989, 6.121080047747812, 6.124277510954142, 6.1271474175099865, 6.127695958281034, 6.128006145064702, 6.128007915126641, 6.130332584858396, 6.132312088409344, 6.134264653013261, 6.135709282477151, 6.135899045945478, 6.136192015798773, 6.136501338984222, 6.136901185861708, 6.138098081838251, 6.13936549188217, 6.139366070528519, 6.140364151678375, 6.140693208664517, 6.14071453920586, 6.140891654794671, 6.140907052481231, 6.140984081489297, 6.141008938093689, 6.1410187609043225, 6.14183477234488]",8.05,2.491906089642216,8.0,12.95,13.0,1.0,0.0,0.0003046599998924648,24000,0.15,0.99,ucb,exp,0.6,0.9995,none,1700,True
e3,q_learning__8bd08289__s43,q_learning,8bd08289,43,15000,21.506919256999026,completed,2,2.408401959806543,251063,"[-1.6454375567549169, -2.9875524558000923, -4.149996119984811, -4.818423017047021, -5.024434493818811, -4.922259217417655, -4.671053934896383, -4.349161229393068, -3.865835116670981, -3.3076165167354414, -2.813924280234971, -2.4050222188490413, -2.1434896395833816, -1.7145366183521598, -1.211540921615925, -0.7915363161193824, -0.43817604918116476, 0.18182907278250335, 0.6422884930543636, 0.8809880369345392, 1.2049469359024862, 1.5701384625594577, 1.7849967127504436, 1.9986382784309749, 2.247921884316008, 2.4468877623812832, 2.5691759625806436, 2.863017300647684, 3.061116299945845, 3.2036345619733884, 3.332710713086405, 3.4216683229248526, 3.47342274071652, 3.559180535709919, 3.679030483550687, 3.785013226672175, 3.8419296554526423, 3.9064153436059126, 4.039436140480851, 4.159312750253362, 4.212617443666457, 4.31791646091422, 4.39447354617541, 4.455453523723225, 4.5425824405458055, 4.722740735960032, 4.827321877639536, 4.852628068431546, 5.002558940401865, 5.051318905173755, 5.123530379362972, 5.175327456137022, 5.202723469126897, 5.331314070458373, 5.3426720234275935, 5.400069575829826, 5.483249290749587, 5.532008560158954, 5.5730213032559845, 5.596528068473931, 5.601869041481683, 5.634321516154236, 5.637466108182172, 5.684827963103531, 5.689439940279643, 5.709479245766867, 5.7510518781291164, 5.780868404489197, 5.815584568721759, 5.834807862863587, 5.861897704510061, 5.892411534613726, 5.927956190573494, 5.9327530807759405, 5.954780401640834, 5.964732399440271, 5.995019993593401, 5.999674499068586, 6.00902402963759, 6.019250843871527, 6.049630341669433, 6.0537369287975995, 6.0796859453912315, 6.082282460805492, 6.085239697026044, 6.097581504736681, 6.102188460681942, 6.113175873046332, 6.116343862967353, 6.117173580356927, 6.129035092294531, 6.130738403707342, 6.137943691027039, 6.157179137538463, 6.165235074667504, 6.176640101744032, 6.190117902989573, 6.190385885985476, 6.191200341411482, 6.200653435655637, 6.208953873300905, 6.213618689076351, 6.225819983806193, 6.229290921663132, 6.230305113869391, 6.232544753929135, 6.237369889804458, 6.241696420507078, 6.2452937871803496, 6.245669795849318, 6.247510299718808, 6.248643333990949, 6.248660931375082, 6.250533771710235, 6.253852920771485, 6.2562619341403956, 6.257525144004371, 6.258102742539399, 6.259343051404701, 6.262075442322976, 6.264075691856745, 6.266936378092843, 6.269421221232042, 6.269750708498524, 6.269811841976085, 6.272035850807658, 6.272941029806024, 6.273838077270926, 6.274971752191951, 6.275895999070239, 6.276883770709201, 6.277863149007809, 6.278791482254915, 6.279063176596998, 6.280508308749118, 6.2811634910917356, 6.281469308423571, 6.281989344617413, 6.282419779116994, 6.283639840681176, 6.284110949312, 6.284672961070513, 6.285455043758857, 6.2854553488965355, 6.28545607678877, 6.285855445100203, 6.286396145395347, 6.286532660804773, 6.286792801201387, 6.286855808445121]",8.05,2.491906089642216,8.0,12.95,13.0,1.0,0.0,0.0003045490000477002,24000,0.15,0.99,ucb,exp,0.6,0.9995,none,1900,True
e3,q_learning__8bd08289__s44,q_learning,8bd08289,44,15000,21.32249915600005,completed,4,2.3680160472429237,252126,"[-1.6650161538586488, -3.2879839234663084, -4.354498607017702, -4.901221456557197, -5.1590997679562225, -5.11138630022406, -4.786063307266541, -4.3376856838643745, -3.9567242582417705, -3.5773449240397985, -3.0575648762366137, -2.6678031442847767, -2.16095431078201, -1.7518137611107212, -1.3165089177126312, -0.8944125737773372, -0.45975035627805055, -0.06909456859929115, 0.3389922289866512, 0.8285746143367884, 1.1963708873646022, 1.5377421954779635, 1.8068604541588684, 2.051969547702446, 2.215316300945896, 2.524071146247894, 2.6931973267896234, 2.8483907748955137, 3.0725381886011127, 3.246377906660873, 3.3397026610970197, 3.5274121394741993, 3.590736094488833, 3.738241220948479, 3.8664968187012883, 3.981421105766626, 4.043023457482513, 4.116817285485809, 4.20006717130752, 4.242024220854774, 4.33812379859403, 4.427508595952145, 4.485668851466254, 4.548741918209637, 4.658751445032177, 4.744239948129673, 4.76930601603929, 4.8732031469301935, 4.940020485212971, 5.004526308389459, 5.065149979951548, 5.107943553603362, 5.16590354753615, 5.207155934290824, 5.227097869602375, 5.316231233655841, 5.374973738651339, 5.378205047644671, 5.440909374283085, 5.4603081645707565, 5.48120070345794, 5.482761096736371, 5.531243512496749, 5.564316992913472, 5.582436810879628, 5.601665008046771, 5.649570626487238, 5.674537930082917, 5.693277785610376, 5.716314799898606, 5.739807158165394, 5.749792205549678, 5.77482650755101, 5.783355950125066, 5.809819710053443, 5.837704169420686, 5.843338930098367, 5.848078200591185, 5.86472510095376, 5.876882561825314, 5.902191011037996, 5.9050715075246085, 5.9177108772932145, 5.923914016738506, 5.940137341450994, 5.944618109366905, 5.962092518301405, 5.9818812926817815, 5.9900325065065685, 5.995955431665036, 5.997706219835456, 6.001437380185411, 6.010158692956327, 6.020359240328164, 6.025911318695145, 6.031429069144918, 6.036678309223276, 6.048415783123398, 6.055981979798713, 6.061501042597044, 6.063497227441655, 6.068669433694347, 6.070136646786173, 6.074126764812941, 6.0807008951445605, 6.085466701565469, 6.0899292742992435, 6.092743982089843, 6.097298433680632, 6.101268564826337, 6.101649659468384, 6.102099285194645, 6.102476762676321, 6.103116246098547, 6.1038678471668835, 6.103900978685711, 6.105465801189815, 6.107020508832322, 6.10803514187081, 6.110542438538143, 6.1109454598235535, 6.115200331815515, 6.116800205710837, 6.121503071346122, 6.122299716917457, 6.124131151944739, 6.124524494610016, 6.124736779275553, 6.125082692958788, 6.1253289814825385, 6.125433936751412, 6.126104267608756, 6.1285978442693505, 6.128843735934674, 6.12915693336179, 6.131467234204807, 6.131496153331125, 6.1318293081379895, 6.133059797876444, 6.133102538671432, 6.133718993911345, 6.134207903471604, 6.134320362323485, 6.136304686733883, 6.136320678432525, 6.136370907896661, 6.137642847761182, 6.13775499068794, 6.139013277339734, 6.139312013406847]",8.05,2.491906089642216,8.0,12.95,13.0,1.0,0.0,0.0005886029999965103,24000,0.15,0.99,ucb,exp,0.6,0.9995,none,2100,True
e3,q_learning__8bd08289__s45,q_learning,8bd08289,45,15000,20.48716255599902,completed,9,2.3580500418778225,251809,"[-1.5641084358734727, -3.119358747935179, -4.23789210383409, -4.9657217826977105, -5.255864427454094, -5.138983552591112, -4.951256372318475, -4.721421408357036, -4.4682248002953235, -4.123528561605633, -3.5347644787898056, -2.964464617690042, -2.526866768707865, -1.9445742232966832, -1.468711639244165, -0.9288236888719694, -0.4025950081999513, -0.06584128287900713, 0.2842475294847814, 0.6793725397517663, 0.9276651757532142, 1.2175862545628713, 1.4801985707686152, 1.7541703058292195, 1.9100138032845697, 2.171743310365521, 2.3991913612178544, 2.557603756712981, 2.7947427561818006, 2.8926982271813206, 3.0642090339389787, 3.13597512064119, 3.242605996748202, 3.4048931234600506, 3.5492478201137576, 3.6282268219356255, 3.7266126583789267, 3.788938779771747, 3.9821865386429347, 4.143446126284109, 4.268100067360346, 4.328965449008018, 4.420906736752315, 4.449032182568008, 4.478009359059959, 4.505863208662115, 4.5686163232392625, 4.624910464190327, 4.656907953283412, 4.738240764075717, 4.8018430360111894, 4.850012549382313, 4.916171074048084, 4.976217272549141, 5.059778779854853, 5.138227942483239, 5.183150746445498, 5.236857360910407, 5.274686245711142, 5.283324569731434, 5.330335290772226, 5.3380968077713105, 5.367760196517537, 5.424891814636875, 5.485998044266075, 5.500735017487352, 5.527526128004524, 5.569428522807255, 5.597967481321009, 5.625955416930869, 5.646954475005543, 5.682549114979446, 5.700769015698516, 5.705461699734497, 5.7167738255790415, 5.725776912638435, 5.740618318899682, 5.765931300586194, 5.773251506242651, 5.789903163292556, 5.79098726818801, 5.800299483745602, 5.801906905602276, 5.804271185084269, 5.806299616343255, 5.825530807426918, 5.834888837490221, 5.844068017303337, 5.853821662804609, 5.861333985879616, 5.872434831460552, 5.880632297729115, 5.893455884580832, 5.8966047813496525, 5.9047183287244485, 5.904745866523474, 5.906604480857934, 5.909033223911671, 5.909040973799067, 5.913215661634045, 5.9175828793695295, 5.921577971635644, 5.931697073383839, 5.935124380230561, 5.935906838894877, 5.941270893768927, 5.945413304811201, 5.949401826039677, 5.952865861792914, 5.958825584060175, 5.95938841287484, 5.961083336825197, 5.962656078157697, 5.963674409087132, 5.964214951376901, 5.964765051224975, 5.964768609666383, 5.966765101437695, 5.966772907479528, 5.971208176254038, 5.974661202951142, 5.978826394195882, 5.981827836504231, 5.983655043312449, 5.985312212914315, 5.9854226205221694, 5.986867911830816, 5.986868533229976, 5.9885868833293525, 5.990032968700094, 5.991182380729425, 5.993743582269599, 5.994968883079493, 5.995803054381459, 5.99614490759682, 5.996608405322317, 5.997847343246856, 5.99855851927903, 5.999159020384277, 5.999700759356878, 6.0000199162016825, 6.0002562793913174, 6.000748876670319, 6.001049455187042, 6.0017148678905405, 6.001781034839471, 6.001977095775052, 6.002232481675055, 6.00234911013457, 6.002959549150323]",8.05,2.491906089642216,8.0,12.95,13.0,1.0,0.0,0.0003789920000235725,24000,0.15,0.99,ucb,exp,0.6,0.9995,none,1700,True
e3,q_learning__8bd08289__s46,q_learning,8bd08289,46,15000,21.33998232600061,completed,3,2.638389660379983,251707,"[-1.8092211694390647, -3.406178325317457, -4.482963416607985, -4.918599872059809, -5.146889749048128, -5.007711713079771, -4.712761164311972, -4.358860858023946, -4.100236340803019, -3.892091091927318, -3.5530873654595214, -3.2652346060171906, -2.8046822525600006, -2.382444796504958, -1.8911420002450068, -1.4626301453657622, -0.9396817147114905, -0.6665438288720413, -0.1607817939616348, 0.17482914724857027, 0.37144624525682013, 0.8138300748514437, 1.1622141206861412, 1.5053886481502086, 1.7294989964189604, 1.8824294107339257, 2.0685222087986226, 2.393628204277827, 2.6329752035499823, 2.8444203840724103, 3.0490199825838125, 3.167669998425404, 3.3411339377924323, 3.485091375333411, 3.543733178183382, 3.8047541269993146, 3.9205534679475202, 4.018201679504171, 4.128022342803541, 4.199284589262085, 4.305650781862488, 4.466434623402709, 4.564561159787791, 4.640845422977176, 4.7355693430529, 4.830693534667701, 4.84957063101497, 4.947644935681036, 4.960652562822988, 5.050983556871315, 5.093020257390085, 5.104179772576202, 5.150183066920984, 5.171037607928883, 5.263720662442609, 5.355124782948805, 5.375216449326247, 5.415088222018728, 5.459107131860463, 5.5039188267773875, 5.524364021009612, 5.533720947369238, 5.551894291042435, 5.585532725942651, 5.624009220063221, 5.644534733758324, 5.694127497216241, 5.728768381681097, 5.750293048280195, 5.770034572126479, 5.787921161371028, 5.806265193740453, 5.823800063587741, 5.830312096689851, 5.846451482516098, 5.854920429596177, 5.857294547846261, 5.869147377692652, 5.883791822179889, 5.888169535284943, 5.9009669016029855, 5.9107487933004945, 5.914548122480881, 5.919799508920112, 5.9410358358405535, 5.945966363842475, 5.95268849440377, 5.954554485277728, 5.958483759441093, 5.961428684830091, 5.965502396866091, 5.9695694982479734, 5.976355541284184, 5.979580172397749, 5.9834715425963445, 5.9834847423745865, 5.985107128903909, 5.9893360129125774, 5.991889133097037, 5.994331557798437, 5.996567640942626, 5.997262362612249, 5.998335215714038, 6.001958897927015, 6.0068022123161375, 6.010200536288967, 6.012350980821572, 6.01363708157913, 6.014239564455145, 6.015688467423351, 6.01703808812449, 6.018314859270324, 6.019955297518416, 6.020516360012097, 6.021522855531088, 6.021826070456212, 6.022801871639132, 6.023461995217741, 6.024591129531776, 6.025362137360017, 6.025871886131486, 6.026013175441428, 6.026760994837742, 6.027320053103968, 6.027901805849682, 6.02900599758963, 6.029785616850048, 6.030613653746254, 6.030900259729539, 6.031158204070751, 6.031730310752293, 6.032847904703442, 6.03308216748098, 6.033163923288465, 6.033808006325544, 6.034215887545212, 6.034835193852744, 6.0353146754152505, 6.035937406504021, 6.036199090173975, 6.036495964915649, 6.036835784342319, 6.03710585442275, 6.037337697787538, 6.037365356480984, 6.0377649620875635, 6.038020551536809, 6.0382365748251505, 6.0386008439248, 6.038994905200016]",8.05,2.491906089642216,8.0,12.95,13.0,1.0,0.0,0.0004519960001016443,24000,0.15,0.99,ucb,exp,0.6,0.9995,none,1500,True
e3,q_learning__8bd08289__s47,q_learning,8bd08289,47,15000,21.201712923999366,completed,8,2.5149751489825896,251094,"[-1.4841955901400101, -3.0564491482342357, -4.2655924829978416, -4.938278317939748, -5.178230512950718, -5.065551147339412, -4.830321505248643, -4.5194690986566295, -4.332363085194713, -4.015973866905632, -3.536535243294758, -2.9602400084674882, -2.5160286075162426, -2.117060750022334, -1.6516345077805388, -1.117948999868463, -0.661805876504774, -0.25760969440688924, 0.18369428291466658, 0.6524114529360506, 0.9408116616790547, 1.1449814655951953, 1.456705026009961, 1.7212597218388723, 1.8564229271859027, 2.0876788088990987, 2.269536095525766, 2.4485618317510336, 2.587409188077719, 2.8303101610647103, 2.962763166144343, 3.117193785092979, 3.2742413995371353, 3.334282338556281, 3.512930263570264, 3.6499698957797215, 3.814770291005308, 3.9891314034678595, 4.091467995377423, 4.143580248834352, 4.2760125452790225, 4.34316184384688, 4.435036137769182, 4.506527389052292, 4.5678581174712924, 4.577240660123454, 4.609556482101115, 4.748626547067664, 4.791359513145611, 4.817696529950536, 4.901761551009, 4.947261497411082, 4.971401645326389, 5.042450168660253, 5.063420506284678, 5.120950506923303, 5.15972961327299, 5.198335587366638, 5.209465857888839, 5.25428639012684, 5.279211550003077, 5.294341452070446, 5.340121284999554, 5.3598145185681085, 5.3828157003117445, 5.3956908026203445, 5.428114626905189, 5.474983084167561, 5.483440568257506, 5.495294038513678, 5.507561815779367, 5.511766670378015, 5.523122604080324, 5.557876456245837, 5.566325494360342, 5.58316660984457, 5.595395669045644, 5.617373182961768, 5.632561363517322, 5.647359104846919, 5.650910956020229, 5.66234087667728, 5.669981462025623, 5.683138014254311, 5.692156537997606, 5.714667262608216, 5.724621471724777, 5.732135975257245, 5.739939749768634, 5.743837494082324, 5.751034860714016, 5.75211430263357, 5.758624706564151, 5.77199090518303, 5.775013057182236, 5.778162515123823, 5.780197355684548, 5.7847247479994985, 5.787047837326806, 5.7893503691693144, 5.793750800374688, 5.797314610540631, 5.800679998386758, 5.805422429701858, 5.807870095291579, 5.809710262651204, 5.813154654479898, 5.815494220298064, 5.819093014247297, 5.822464452077826, 5.823539976289428, 5.825307934165702, 5.825317731172519, 5.826059328101231, 5.826597077001891, 5.828825667276927, 5.829268566259204, 5.832174235319715, 5.833070471534119, 5.8341756253617065, 5.834459514802821, 5.837189809197577, 5.838063765438203, 5.839225033210991, 5.840451136457902, 5.841784825195876, 5.843909839244448, 5.8447988440263305, 5.847052448098753, 5.847495198845823, 5.848912689456061, 5.849800028114527, 5.85015162203544, 5.850436339573522, 5.85073013188574, 5.850898831649606, 5.851006843455612, 5.851711230611831, 5.852254725489057, 5.852371418306522, 5.852814766698022, 5.852971472099336, 5.853339008825511, 5.853588916325042, 5.854906312211659, 5.855669493149059, 5.856081759215295, 5.856888857855994, 5.857372030625631, 5.85768329670743]",8.05,2.491906089642216,8.0,12.95,13.0,1.0,0.0,0.00030408299997361607,24000,0.15,0.99,ucb,exp,0.6,0.9995,none,1900,True
e3,q_learning__8bd08289__s48,q_learning,8bd08289,48,15000,19.599070633999872,completed,8,2.346294951620533,251667,"[-1.7501347542874666, -3.26582811721326, -4.412421004161514, -5.129112965680606, -5.501533532656809, -5.412230277467051, -5.139240173600621, -4.779237053262645, -4.3705252464184285, -3.8177803398026784, -3.1912496905898275, -2.750548756887274, -2.3625951801045866, -2.060248118606742, -1.6897115606792192, -1.4014305939877818, -1.0259030151814834, -0.6622425059506304, -0.3383436499368536, 0.10138653664957754, 0.4410482828629028, 0.724469056907654, 0.9792574330907807, 1.169144964892309, 1.3959731848223653, 1.6518586679777707, 1.9130941645508748, 2.07135584291371, 2.318183281112758, 2.4595766498264613, 2.6301376563755166, 2.801885362625088, 3.0205826564643865, 3.1537584099163967, 3.237163787355596, 3.350754869881113, 3.3724876709081673, 3.4317018132047696, 3.5230114340245375, 3.6613373643141984, 3.712787793544313, 3.804060694017946, 3.8926115443052, 4.032775759848912, 4.143481419899446, 4.183819798324249, 4.312484555447729, 4.361582146066595, 4.407136028008829, 4.505472514797689, 4.57519079195569, 4.643748578805775, 4.715364549449755, 4.771386568107408, 4.850848452265539, 4.906935100380612, 4.976136170183856, 5.018090213976226, 5.069347946855844, 5.129368223733942, 5.183661524929719, 5.207839816480868, 5.215958872586162, 5.26483728690474, 5.2925865989434735, 5.300051476762328, 5.339096769782044, 5.339709195238319, 5.357691602376534, 5.374198630487972, 5.378257811169411, 5.392350727094388, 5.419415508815461, 5.428058658557447, 5.456587949157309, 5.473608903415192, 5.484995700017431, 5.497902594524242, 5.513289596719724, 5.516634730041127, 5.523337286870406, 5.530124260464256, 5.542752485337278, 5.550311366952034, 5.554963674934233, 5.564461207404384, 5.566455815694413, 5.5709228798507215, 5.575244090534041, 5.580021977323933, 5.586600775808947, 5.586916464044652, 5.592615456350063, 5.597133312102359, 5.597159476831766, 5.601769443180996, 5.607425387358524, 5.612107120409538, 5.612903764418572, 5.61631072542664, 5.619754991585781, 5.624167448340136, 5.627039187466702, 5.628051786449224, 5.628848726690534, 5.634730767641553, 5.636888047019304, 5.637976121269387, 5.638014161949985, 5.6387386535131245, 5.638758992715751, 5.6427691075314135, 5.644750015347426, 5.645765036221996, 5.647677997150677, 5.648185241576417, 5.649858164060179, 5.6511548165542, 5.652029313170221, 5.655001133694979, 5.655989608320098, 5.65721761725936, 5.657867952230452, 5.658073123917291, 5.659729635430791, 5.661493981611373, 5.661669236221181, 5.662614424625041, 5.663300668647425, 5.664778629400719, 5.665773439846602, 5.666549388976095, 5.666962357250748, 5.668019881503509, 5.6685139417113595, 5.669157847149689, 5.669914960711764, 5.670314053473204, 5.67054991237831, 5.670802682789724, 5.67096717242994, 5.671357304166384, 5.671435573321161, 5.671868909564089, 5.672600965680782, 5.6730178191571925, 5.673434714406852, 5.6736794658053755, 5.6736795294294415, 5.673712358908893]",8.05,2.491906089642216,8.0,12.95,13.0,1.0,0.0,0.0003153380099502101,24000,0.15,0.99,ucb,exp,0.6,0.9995,none,2000,True
e3,q_learning__8bd08289__s49,q_learning,8bd08289,49,15000,19.58899263800049,completed,6,2.4121359828998035,251300,"[-1.5522501930952886, -2.929474918168689, -4.206263797692773, -4.897430680230731, -5.253179663354276, -5.306718144165714, -4.997692957183983, -4.832211169894142, -4.469056593874465, -4.094850512116138, -3.713123559803437, -3.367196927522599, -2.8944754226164204, -2.528958019179419, -2.244949190290878, -1.789625351305467, -1.422690488183924, -0.9944180718263385, -0.653365032267102, -0.1986041470099581, 0.1323646237473214, 0.600873006463629, 1.0032566537844128, 1.2132363929954755, 1.410888825330034, 1.66253095441039, 1.8458492197671503, 2.11675222559124, 2.2421364719051016, 2.3559324226306435, 2.5415054211057653, 2.7044979147792048, 2.9464557698446683, 3.054158763362294, 3.162442572879088, 3.2979446729791366, 3.3383885512550013, 3.3930491183309113, 3.5195055346969712, 3.5803119606970726, 3.6387684965514904, 3.7278235403105247, 3.806719157882744, 3.894666832354051, 3.9710220878269817, 4.017926472868569, 4.132821022553387, 4.311569223449971, 4.318516548357194, 4.355431046272819, 4.398457754091227, 4.4795991199680945, 4.553547576746807, 4.645391834237299, 4.692674219363101, 4.739523821897802, 4.764953269326928, 4.805113011693986, 4.858578367860281, 4.9048754524338785, 4.940137121031788, 4.971161417886665, 5.007334912771162, 5.049635079482597, 5.0953471433799296, 5.142800663106013, 5.175090077894507, 5.180848303371691, 5.20942707500868, 5.228220786520364, 5.244100400467366, 5.258156197118359, 5.28717978984808, 5.287570200316501, 5.309410461478598, 5.344921806155859, 5.351043275601877, 5.372270695414034, 5.394468864859349, 5.403783924382909, 5.4263594943258315, 5.431514538597286, 5.434977144720441, 5.440125837020563, 5.448514103496216, 5.453897470455371, 5.462052244621697, 5.4701476064672105, 5.475194338851377, 5.477680870006564, 5.484030559968862, 5.490772203691192, 5.492002937019391, 5.502603468931412, 5.505136669432733, 5.506043809497098, 5.509716606623747, 5.5127351250138, 5.514898042350691, 5.517105252823777, 5.520708400793958, 5.524243730593742, 5.524264007768243, 5.525329649070629, 5.52690971745614, 5.529227091034928, 5.538293403252918, 5.540134767856781, 5.541784812614823, 5.544250693962315, 5.5472707000702846, 5.552188890675124, 5.553680214694492, 5.555022192184518, 5.557071523591123, 5.557505990607392, 5.558163228744449, 5.558297837229983, 5.558880423575251, 5.559487563671104, 5.559689612704409, 5.561366417746414, 5.562684108733255, 5.563320118437916, 5.563645767801085, 5.564156376350678, 5.564822155229468, 5.564824679064058, 5.565167017605616, 5.565169552310654, 5.565217510986546, 5.565908519370354, 5.566151800545518, 5.5668220578502, 5.567354587998043, 5.567591059696351, 5.568034318286553, 5.568401511800006, 5.568720658701641, 5.568964843904211, 5.569302096098636, 5.570005291265634, 5.570122021162737, 5.570370218568955, 5.570661587512294, 5.571038929869358, 5.571204093954247, 5.57135556382883, 5.571694430646471, 5.572135649487356]",8.05,2.491906089642216,8.0,12.95,13.0,1.0,0.0,0.00025429199999052796,24000,0.15,0.99,ucb,exp,0.6,0.9995,none,1800,True
e3,q_learning__8bd08289__s50,q_learning,8bd08289,50,15000,19.083812838000085,completed,4,2.7800000000000002,252000,"[-1.5741910539361292, -3.218560411485481, -4.421218623188952, -5.048117504940388, -5.206587575291407, -4.965663295933362, -4.650010708236494, -4.189164437660045, -3.822185876565216, -3.489892182588646, -3.1728028016650907, -2.710061068746582, -2.3123226528566856, -2.0024341838198243, -1.5603548696008718, -1.2897935475826618, -0.9469456751384707, -0.6829391315325931, -0.2797601918385622, 0.12762492058606376, 0.35897919711241066, 0.6631832574257698, 0.9196353333635454, 1.156259563115466, 1.4091447623503668, 1.5589108401138037, 1.736074957879296, 1.9288403812273713, 2.1872084332168953, 2.300067809575261, 2.4962414566061404, 2.5508421769918654, 2.711526638793413, 2.890076556711556, 2.977459435792433, 3.1319955130408434, 3.3750741260770054, 3.5348807619263103, 3.6489243607949904, 3.854890422301612, 4.0609854417529885, 4.1546831203007475, 4.195953442266185, 4.256062416255948, 4.3323742014839, 4.470821886480602, 4.517794194935305, 4.538821658594998, 4.646273954940491, 4.740849388170321, 4.761317945087777, 4.775722921125906, 4.809251510423009, 4.849826720991368, 4.855824893503718, 4.896959574281604, 4.953062845519843, 4.980298905747485, 5.030812524362768, 5.059385853852626, 5.09492084610703, 5.138944225446227, 5.205502148192122, 5.231886392948149, 5.290456337529632, 5.306625454268064, 5.32490668206839, 5.330495160319336, 5.383650568891669, 5.3969858032605105, 5.442653674045606, 5.467724380788718, 5.495251672542213, 5.509786501799298, 5.51851376722576, 5.532367833540584, 5.544564525478906, 5.550220081314853, 5.560932446120865, 5.577564863994085, 5.578922574887501, 5.59849973562358, 5.602051654436352, 5.604821088940036, 5.626508955006112, 5.633960607531199, 5.641864827440014, 5.651251962516202, 5.657417523363988, 5.661141067274582, 5.667359146618596, 5.6675966371162, 5.668761235243367, 5.66970441590605, 5.6712845694786305, 5.671386188537161, 5.677591853935177, 5.679651357441072, 5.67968251690655, 5.68388572607173, 5.684240415098437, 5.690148925364349, 5.6934545439299455, 5.6971998069516365, 5.69881428760852, 5.703850699144543, 5.704707506943792, 5.707648047143965, 5.711613535029209, 5.711761088359856, 5.712053209530294, 5.713890245414121, 5.714939675874118, 5.715853242363193, 5.71677114894594, 5.717582375704882, 5.721002080912342, 5.721010011527842, 5.723672182858284, 5.724817314917202, 5.725084915689985, 5.726147974176127, 5.728316771821112, 5.7296699531564865, 5.73387221228084, 5.7348425431574865, 5.737753235150087, 5.739093312858611, 5.739559360056222, 5.741975879690394, 5.74228900558767, 5.742647736337415, 5.743002891354394, 5.743250803113702, 5.743524548558051, 5.7438722379938865, 5.744792088875402, 5.744793836450586, 5.745982109884562, 5.74598438362733, 5.746008258583518, 5.74660982952136, 5.746806320981632, 5.746936400256318, 5.747115724568399, 5.747970774549975, 5.748291670181984, 5.748547195739459, 5.748989335332724, 5.7491371869695955]",8.05,2.491906089642216,8.0,12.95,13.0,1.0,0.0,0.0002475349999804166,24000,0.15,0.99,ucb,exp,0.6,0.9995,none,2000,True
e3,q_learning__8bd08289__s51,q_learning,8bd08289,51,15000,18.812560741000198,completed,12,2.562342678097526,252129,"[-1.7599541365784952, -3.1167340873681884, -4.292360287132277, -4.869710064823437, -5.025120047081634, -4.821750556840639, -4.4424250818391835, -4.218970731959417, -3.842285248142585, -3.4498189475465617, -3.051105483045556, -2.7397152512272607, -2.5126240216069573, -2.122434555992042, -1.752804736806005, -1.459434954966046, -1.2112757025786383, -0.9054707810173757, -0.6100413721039943, -0.29109326300389676, 0.09969300553690828, 0.3216725638734188, 0.5816651922800836, 0.8175286710159564, 1.075749391364298, 1.2881453918630255, 1.479939347989287, 1.6239338881086656, 1.7964793816658826, 1.9113034223638037, 2.0439208004060556, 2.2052688941085274, 2.4195370126395037, 2.734362758628217, 2.8853893461107623, 3.0412445311067797, 3.269552357419037, 3.3643606077317587, 3.528034872207028, 3.5931886892679907, 3.663190974405969, 3.7528140516527637, 3.925720936988948, 4.012804306212889, 4.12815950869621, 4.215777951337855, 4.272571659839779, 4.295056560013153, 4.380779517098968, 4.523416545746821, 4.560783477528195, 4.666243447476791, 4.714998812306484, 4.759715572562366, 4.816540291086098, 4.859101959983412, 4.91057948327774, 4.923608215001244, 4.977947631284831, 4.9810893820602375, 5.051252606898513, 5.073312091043283, 5.097892373543151, 5.125505037197807, 5.1844032341269175, 5.206753215800385, 5.209403103704797, 5.237128462914731, 5.25939877234171, 5.313946358615273, 5.322282450183973, 5.343306276893176, 5.358995926287174, 5.375212938837357, 5.389888623498186, 5.43358258735285, 5.44691264421826, 5.462401982388584, 5.4767487414544105, 5.49178513303228, 5.503084238182121, 5.526346416147519, 5.538080779853774, 5.543028621496006, 5.560678275956707, 5.563480200061892, 5.5706960402773085, 5.583771110750652, 5.586625964884545, 5.598626541165784, 5.612399731523483, 5.61871442072021, 5.624429094524507, 5.631545466344126, 5.6380686454964115, 5.6381035592137945, 5.642590909771471, 5.647340388713336, 5.649155261645254, 5.654201370575464, 5.6557995725136845, 5.659648365116383, 5.663438443601314, 5.664700799601345, 5.6654622355406055, 5.667131123051902, 5.667371489091019, 5.668264611141248, 5.6742733499495595, 5.675739529130508, 5.680215063020244, 5.685021787611999, 5.686415823784509, 5.688551181643222, 5.690702419692081, 5.693170337534935, 5.696887548999009, 5.69855298721251, 5.70025032874725, 5.701236228601977, 5.701904759353142, 5.7034078512494855, 5.703671541829304, 5.704562708759359, 5.705209033796124, 5.706047324705444, 5.706155713632128, 5.707495052826636, 5.707698966039222, 5.708243518600591, 5.708985751593464, 5.709479172011419, 5.70998850776179, 5.710384987045734, 5.710533310941473, 5.710812931215541, 5.711145078554159, 5.711475077716712, 5.712076187667993, 5.712858416045616, 5.71330956187089, 5.7134847438805405, 5.713695525523539, 5.714240926017281, 5.714389414946406, 5.714550644807528, 5.714970982458724, 5.715330844540956, 5.7157260985012535, 5.716198033706063]",8.05,2.491906089642216,8.0,12.95,13.0,1.0,0.0,0.00025872801010336845,24000,0.15,0.99,ucb,exp,0.6,0.9995,none,1900,True
e3,q_learning__9262edec__s42,q_learning,9262edec,42,15000,18.863324108000597,completed,68,3.0819474362811574,335520,"[-0.98868822900771, -2.0297615665799564, -3.046537633512926, -4.125954118267338, -4.977942911389162, -5.316244514280628, -5.173979208228005, -4.7429467024949234, -3.9803991250170556, -3.235328329927308, -2.4131524865185043, -1.6503823262429014, -1.0233137861202093, -0.48328891659453516, 0.054840537180313564, 0.5267455190962879, 0.9358581355150061, 1.3917990747783697, 1.7047131720849116, 2.146985121380083, 2.3788389756728336, 2.665075217558572, 2.8354955791457894, 3.0788100691834686, 3.222260489765176, 3.310235065886415, 3.488851505184127, 3.6252013434589645, 3.777685460704286, 3.8898135535084175, 4.086039351410539, 4.210243222672023, 4.287216889087265, 4.364543581660627, 4.4095812185881975, 4.4966860502214745, 4.5666955159437554, 4.694454331151984, 4.844441150634618, 4.95720884973839, 4.960364541995426, 4.990292874751704, 4.991117344245873, 5.056656981159721, 5.104544984685804, 5.184924186585983, 5.247852842868885, 5.31079268321638, 5.372157044472463, 5.451643704864515, 5.4658835112906505, 5.491815416690526, 5.497435545212515, 5.531762985436213, 5.594152351676893, 5.598189612677545, 5.621823794379959, 5.640526007014131, 5.674082087994814, 5.710811391925101, 5.721556491829785, 5.741877351846735, 5.758646739360503, 5.798484250505472, 5.80549918486997, 5.811414099316159, 5.822155271744206, 5.832299838397966, 5.851269046860566, 5.851369165799919, 5.859685614430982, 5.8854546088112505, 5.892115620851416, 5.902748230168146, 5.914422529092831, 5.914965840800022, 5.922769863764782, 5.934470775357292, 5.9518855272063655, 5.956845681206894, 5.966307892255363, 5.9776420295999575, 5.987991836780305, 5.997639960176636, 6.010853824437303, 6.025019750489637, 6.026080336708571, 6.026190796613731, 6.030442903299436, 6.035060284276316, 6.0407092090227525, 6.0473050236421555, 6.050349910471626, 6.059896959091825, 6.065310712433272, 6.06574372803241, 6.069880703486126, 6.07167651941771, 6.073277572272324, 6.0764872582146285, 6.077734853497997, 6.08447761710718, 6.08873217441804, 6.089545502276902, 6.089558631762643, 6.092888373969776, 6.094698204288261, 6.098535556598824, 6.1020771026284875, 6.103812610839496, 6.10381638009588, 6.107937107388784, 6.109324269966722, 6.110046172951722, 6.110281099927939, 6.11450135003021, 6.115717521615476, 6.11687261905019, 6.118584333414341, 6.122061681581348, 6.123007606644292, 6.124132618031299, 6.127728459070454, 6.127728585516012, 6.130047284950222, 6.131558843542687, 6.133632072263826, 6.1339317454801, 6.135395375739647, 6.135395741650552, 6.135797879170127, 6.136307782344359, 6.136420175575385, 6.137479922493903, 6.137823914162329, 6.13889513485062, 6.138941386931441, 6.140034268249144, 6.140721780336871, 6.140887552432982, 6.140931778897277, 6.141050687245707, 6.14201379367601, 6.142589008611813, 6.1430395967450835, 6.143284898021614, 6.143393281411984, 6.143497732143664, 6.143858281524144, 6.1443793417726456]",8.05,2.491906089642216,8.0,12.95,13.0,1.0,0.0,0.00030596200011132166,24000,0.15,0.99,epsilon_greedy,exp,0.6,0.9995,none,1400,True
e3,q_learning__9262edec__s43,q_learning,9262edec,43,15000,18.732515607000096,completed,17,3.490615991483452,334068,"[-0.8904878570391899, -2.11366192614014, -3.1382901502700076, -4.089349701347989, -4.692345800600069, -4.840495722445515, -4.6375983526135505, -4.39902165221862, -3.847145876121512, -2.8905405838545115, -2.073584489949393, -1.4137215790073705, -0.8653113832602053, -0.21676149710531104, 0.3117444489324955, 0.8649785926173792, 1.511113629030767, 1.8246198268046405, 2.256251856127609, 2.468757144876316, 2.8057435257137557, 3.0335987134428275, 3.1789485593322597, 3.4362823831288454, 3.5822006334256935, 3.71819974439502, 3.8604484779177017, 3.9088141564969336, 4.174726604085874, 4.315095889397662, 4.47268485748607, 4.60639182981432, 4.747546125197973, 4.819412631428808, 4.858306033988041, 4.98219257184208, 5.009528581881841, 5.102254664687343, 5.169946515113894, 5.252696270592517, 5.348681270728923, 5.427079928229931, 5.493550981909821, 5.535815503549055, 5.569325142299984, 5.613572352515669, 5.62213247184053, 5.656758599130549, 5.699980355902332, 5.726889599745062, 5.7525142883023905, 5.783497314953434, 5.788896975017236, 5.831182174043436, 5.87742243182964, 5.892611199257343, 5.908036641666527, 5.911858172382181, 5.945643967403758, 5.966028963254181, 5.978141585811245, 6.002678492207538, 6.016501345167449, 6.030524570188636, 6.052830412503307, 6.055694743168612, 6.074105483022252, 6.080685521146726, 6.08953430900406, 6.095125322176713, 6.107633466844277, 6.112180437926693, 6.115112979317761, 6.12511156866108, 6.134113668988129, 6.1480287363812005, 6.156078271597965, 6.157149995339007, 6.162036776888381, 6.17790973253486, 6.181405537714611, 6.1937461206854145, 6.200400388199305, 6.2017137204756825, 6.206992906941176, 6.208429557640729, 6.209867132908429, 6.219963383092083, 6.2213239280706825, 6.224699369240437, 6.227338514998619, 6.228289744106764, 6.229100965477202, 6.235190210671738, 6.236304503977926, 6.240583372098155, 6.245184095144251, 6.2512833405547745, 6.251290164329409, 6.251511965110938, 6.2517812921752105, 6.252298829304501, 6.254988108456791, 6.256670052146079, 6.259784762262444, 6.262056300344654, 6.263217407490973, 6.265659277098275, 6.266864781622099, 6.266865946856296, 6.268008697505294, 6.269051025815469, 6.270352347766959, 6.27103447882497, 6.273351874378359, 6.275184305726814, 6.276968361982833, 6.2800744290817, 6.280835771777919, 6.281236335001623, 6.282137360650508, 6.283345262550038, 6.283407549375427, 6.283859746256246, 6.284112979417367, 6.285072070714119, 6.285901708283743, 6.2868865542636, 6.287051658582101, 6.2876981130617375, 6.288309325736097, 6.28830933993054, 6.288491082102152, 6.288491148346611, 6.288661769385092, 6.28890276893495, 6.2890527278425195, 6.289094158275125, 6.289246125958769, 6.289246158695998, 6.289671205262548, 6.289849188987074, 6.289922922301359, 6.290099079980863, 6.29013163532947, 6.290170736969964, 6.290691736245543, 6.290708095808907, 6.290708104426882, 6.29103416792699]",8.05,2.491906089642216,8.0,12.95,13.0,1.0,0.0,0.00044018100992616383,24000,0.15,0.99,epsilon_greedy,exp,0.6,0.9995,none,1400,True
e3,q_learning__9262edec__s44,q_learning,9262edec,44,15000,19.924559911998585,completed,45,3.3591070241955667,336817,"[-0.8512762051546486, -1.9658484852054816, -3.2981763512041415, -3.992293942081665, -4.688425601154368, -4.907608697267587, -4.643453894833248, -4.122895317465107, -3.6480731382784257, -2.9163510148221237, -2.094383930384648, -1.5822413453353488, -1.007096062750528, -0.6674714911168768, -0.2015656113103475, 0.24092105736899724, 0.7942559067158167, 1.1920078543534118, 1.6802076247921671, 1.9112559162970415, 2.178166419674741, 2.482590590653816, 2.6931263607629874, 3.0121896088137774, 3.211384836808206, 3.48596956337903, 3.680781308784103, 3.883439918063706, 3.980277251674844, 4.1027306616771755, 4.219888554067412, 4.291515610569945, 4.411624585337689, 4.499037867521508, 4.596525182083054, 4.701577793525419, 4.794262690774048, 4.904770502649949, 5.011851336639484, 5.047774402220989, 5.0973232279686815, 5.186555366442863, 5.252789908351696, 5.270316897340448, 5.304469975335888, 5.37648353269238, 5.385618089809757, 5.423934670963459, 5.432378049605805, 5.458681734304372, 5.503608865294913, 5.535961002049467, 5.579401658422845, 5.62178545667166, 5.64355310670452, 5.723745367032312, 5.766148709726611, 5.797114204133126, 5.7996121381114, 5.822090986809724, 5.86500207035443, 5.88791238388141, 5.899947141136872, 5.907396252694465, 5.915450092175503, 5.939091640064457, 5.94269760705372, 5.977717335867142, 5.984964070473324, 5.9932355212553325, 5.994146614751881, 5.995981788060612, 6.000730373028069, 6.006821152303923, 6.01180441633831, 6.018932744627484, 6.027475328475088, 6.028993650751387, 6.0325420648377825, 6.032573066009865, 6.040435695693988, 6.042863370067432, 6.043002435841369, 6.047737251222552, 6.052985356293296, 6.056910772610661, 6.064262404358042, 6.066070203695552, 6.078247827570121, 6.085180519880269, 6.09284693700281, 6.094620563977665, 6.098473205529286, 6.1049677974930034, 6.1082252671973984, 6.110048758466121, 6.110554224696557, 6.112034227746834, 6.114136564760864, 6.114523512437143, 6.117040445596785, 6.117234537092882, 6.119570714206052, 6.1207772507746245, 6.1209370203171565, 6.121888807447212, 6.123088307038008, 6.124794233192303, 6.125430667869147, 6.126100082581147, 6.126215494349095, 6.126226477102676, 6.126241582730866, 6.127487704327214, 6.128407276355173, 6.130047434441052, 6.130105287671152, 6.130879466695872, 6.131508836992771, 6.1329415582425115, 6.133620066032716, 6.134174069901436, 6.134675961284519, 6.1351040277657525, 6.135523528824909, 6.136639028828457, 6.136641535198765, 6.13675621045383, 6.136862292129483, 6.137339691985412, 6.137688797123208, 6.138061831838616, 6.1388085573739595, 6.138980430288345, 6.139758395635163, 6.140061689834256, 6.140284386973734, 6.140317237606487, 6.141052303729423, 6.141150849588666, 6.141448311961905, 6.1424432144678285, 6.142528247025889, 6.142553129129943, 6.142733075482344, 6.143347727095292, 6.143680764719045, 6.143998466839599, 6.144660954574984, 6.144782845662876]",8.03,2.4759652744745915,8.0,12.97,13.0,1.0,0.0,0.00031005299990283675,24000,0.15,0.99,epsilon_greedy,exp,0.6,0.9995,none,1800,True
e3,q_learning__9262edec__s45,q_learning,9262edec,45,15000,18.96959640899877,completed,30,4.044885659694227,332031,"[-0.8893338149689017, -2.10216625087978, -3.180292852379369, -4.166900336434543, -4.910454986331707, -5.195743906700129, -5.07375052900776, -4.265437236494722, -3.9054268083968133, -3.325731551309001, -2.8209503550830997, -2.5301948885206107, -1.9288965843228483, -1.3139584397449415, -0.8914836748030256, -0.447793421695363, -0.10659576544069789, 0.17867970307443173, 0.6065850086771023, 0.9606112660306544, 1.190603133302236, 1.5121372638541026, 1.7518034729185397, 2.245398762304644, 2.4955050189146726, 2.631756767860194, 2.9808611700438306, 3.152724164009064, 3.311082193278953, 3.4940625915531656, 3.663441455574068, 3.790289254746588, 3.883432717107611, 3.934840268039794, 4.105630667997049, 4.242235752955517, 4.32849304860514, 4.44909608319922, 4.530164669540795, 4.592631618089523, 4.665179275960526, 4.731241646802124, 4.816771012148734, 4.838032408697562, 4.882231239557364, 4.917527827744308, 4.9643657270575945, 5.028414470356726, 5.050431788098141, 5.07924799833089, 5.114010603092035, 5.185881295032814, 5.1939214960301054, 5.205070372650824, 5.22799607801844, 5.232221258930531, 5.294012672370499, 5.314727145047055, 5.351533552526188, 5.3600413174249315, 5.4129686581082215, 5.423052981035093, 5.438772131643274, 5.495558403162332, 5.533370555797538, 5.535338874153677, 5.5589211376993894, 5.573916374276606, 5.616330256558583, 5.654704604425513, 5.669383919480415, 5.675064129882504, 5.680453967496788, 5.691869284358904, 5.7205275427555735, 5.722018289689519, 5.722218909966917, 5.72435171521169, 5.733509240314513, 5.740626635996922, 5.748315230862428, 5.748798774877702, 5.776492644097758, 5.792464612681609, 5.806571859026391, 5.825503545107375, 5.828940644763053, 5.8291233721803986, 5.845261663679571, 5.857882780357813, 5.859668923576117, 5.867576968295654, 5.874750881372296, 5.8865822494038555, 5.892385320150415, 5.901923064815789, 5.906536098980728, 5.910006962767897, 5.913568289774747, 5.91763519298399, 5.922853571023999, 5.9262890821471945, 5.930192578546805, 5.932586745220386, 5.936020333714245, 5.936246439084289, 5.937410445810414, 5.9422689989337, 5.945513871103358, 5.9457125806201585, 5.947670218068776, 5.94770860655336, 5.950431468879116, 5.950683043178916, 5.950861979317538, 5.956365094412025, 5.959664268441477, 5.960167236400342, 5.960809997173891, 5.9675762654773585, 5.96945520479368, 5.973911513801435, 5.97570719224039, 5.976762913327662, 5.980347386936525, 5.9806058861601485, 5.981646728969555, 5.98414358918754, 5.984736007913447, 5.986013285463149, 5.986626731927439, 5.987775125045196, 5.989335896659317, 5.990662348472709, 5.992114878375086, 5.99311277901305, 5.9937683587498, 5.994172848089648, 5.994865055148069, 5.996006841324306, 5.9960333369076135, 5.996333332831449, 5.9969053310850535, 5.997347344647935, 5.997502171676965, 5.997868028592828, 5.998258206212308, 5.9991716317340185, 5.999307030891429, 5.999307194503633]",8.05,2.491906089642216,8.0,12.95,13.0,1.0,0.0,0.00035540101014703396,24000,0.15,0.99,epsilon_greedy,exp,0.6,0.9995,none,1300,True
e3,q_learning__9262edec__s46,q_learning,9262edec,46,15000,18.857138108000072,completed,12,2.7726341266023544,336403,"[-0.8610863298046739, -1.9712314221503136, -3.329162662116502, -4.181229286148258, -5.09297038858759, -5.360878859427361, -5.44059525426603, -5.042540678421353, -4.408298248103914, -3.646800449528393, -3.009743275528041, -2.305540218789981, -1.5441263803111487, -0.9151123152550956, -0.26694478786104886, 0.45799471781863993, 0.8824132797519358, 1.3819612399667756, 1.721865840313633, 2.0361144800215243, 2.4673390885011495, 2.7095844500274606, 2.9291807071307643, 3.171443215053872, 3.40483267918755, 3.635880330532254, 3.7314876569336946, 3.9641694716036358, 4.043766948549816, 4.197302533761068, 4.299642503388321, 4.395741667703834, 4.475091100802641, 4.632827702009252, 4.7011436843396, 4.794958625725766, 4.830816282762253, 4.882157120724995, 4.946682152414748, 4.992906501208868, 5.023538862801064, 5.061836545405121, 5.161020242848029, 5.199934695507368, 5.22294328708064, 5.27039852972172, 5.287406062435149, 5.322911431088314, 5.339241748418095, 5.374462621368582, 5.413228314100029, 5.4657909778420635, 5.50827722416602, 5.527248122955054, 5.553681937828118, 5.58593052053856, 5.6193229402691305, 5.6659593234698615, 5.673162332435011, 5.702926987520801, 5.721613123770134, 5.740214902904583, 5.745823631983057, 5.749400034149088, 5.781422492136644, 5.79804207696927, 5.812698676871701, 5.825561243873776, 5.84048430234921, 5.852535591962093, 5.861412707875998, 5.872262155394666, 5.889569735285067, 5.902418331349681, 5.9175704146333565, 5.924358086338901, 5.927768869705152, 5.938327570887244, 5.94654516828843, 5.9519338505587935, 5.958622901382908, 5.963053644756574, 5.971696903317351, 5.974456527007821, 5.9751696592234955, 5.975584550170409, 5.9777006442975305, 5.981751922517446, 5.986823063999937, 5.991474684178995, 5.993600275602922, 5.998564495825934, 6.001063036015827, 6.003364770232077, 6.005091704055008, 6.008626052501326, 6.0101091287663, 6.0116058865954, 6.012944689416385, 6.01369423033455, 6.0148857997968594, 6.0152970088561055, 6.0157461176641585, 6.016469451500177, 6.019876444441362, 6.020948176912219, 6.022269590556027, 6.023307641123826, 6.024125189636735, 6.024254073943204, 6.024451000168052, 6.024780947725789, 6.0250244432831845, 6.025026380957657, 6.025748045950466, 6.02688443607339, 6.028542323814487, 6.028838824131359, 6.029050283228291, 6.0295436277789305, 6.029958315268371, 6.030707696853089, 6.031181311371926, 6.032303460752103, 6.033070353931015, 6.033542585796796, 6.0339839388341785, 6.034542786119975, 6.035220596581021, 6.03528530788806, 6.035635639740599, 6.036241287126288, 6.036265232257685, 6.036739745700534, 6.0376417222741345, 6.037800559816152, 6.037810085397452, 6.037844913509164, 6.037912129044869, 6.038360709369642, 6.038722637795554, 6.039106737687189, 6.039392509085465, 6.039475532826342, 6.039488058686199, 6.039753823285381, 6.039829624155671, 6.0399900743183395, 6.040215230922622, 6.040500660172056]",8.05,2.491906089642216,8.0,12.95,13.0,1.0,0.0,0.0002997209999375627,24000,0.15,0.99,epsilon_greedy,exp,0.6,0.9995,none,2500,True
e3,q_learning__9262edec__s47,q_learning,9262edec,47,15000,19.342217510999035,completed,13,2.832860744900815,331730,"[-0.9973117781096842, -2.1025496612926586, -3.006038533756118, -3.814136818097556, -4.315756533916203, -4.589558599731083, -4.3388827854984555, -3.9296068061551988, -3.429731479665528, -2.8039226300330324, -2.3286344430502948, -1.8544371562325916, -1.2174150756079243, -0.5989826933977778, -0.07746137516562078, 0.5572213199552578, 0.8634846484091133, 1.5911208371931667, 1.9733962906434857, 2.277346493195795, 2.48785622880617, 2.737466218862069, 3.038070428866639, 3.150553998259899, 3.314650886259384, 3.4022853593809876, 3.58092585537615, 3.798998230414759, 4.004381547098395, 4.111375502734466, 4.218986912208036, 4.246680085141246, 4.392832043381883, 4.467789993511972, 4.486244433777484, 4.558352510333632, 4.612417765636466, 4.685564874270417, 4.7062513475410315, 4.7564730092360685, 4.780399185524484, 4.9037021352954095, 4.977650341360309, 5.005077444746102, 5.155225779044329, 5.160726626338401, 5.2689186816703675, 5.279212366731096, 5.306939649714852, 5.315187334453149, 5.342120377324998, 5.346633230735053, 5.380708019404514, 5.396670385902809, 5.435589948149171, 5.4487047035194776, 5.4490265657157755, 5.459094677180601, 5.476198639551012, 5.485990827819593, 5.499542897694789, 5.5022738401607665, 5.53697416484969, 5.545106909035937, 5.551162364044929, 5.555365272924056, 5.560017491209065, 5.590392877169474, 5.597366412648865, 5.609283405265061, 5.6204310327977725, 5.621365830342776, 5.634303876525815, 5.634306321187128, 5.63618156637485, 5.6388054038763595, 5.6675583015541715, 5.678446939265636, 5.683592371848184, 5.701949704200348, 5.703419353012915, 5.70412558339474, 5.7077010496966265, 5.708446720007094, 5.710171868961746, 5.7120652412004755, 5.714336402591271, 5.73404698332048, 5.737651678344127, 5.762099576056108, 5.771770022220112, 5.780159353803922, 5.7807941020968645, 5.782533836315224, 5.784865384634783, 5.78619342264446, 5.78693958850725, 5.794468825051367, 5.802285721339029, 5.803049563776365, 5.809203934685988, 5.809966310294447, 5.815017055613624, 5.815575459037097, 5.8227463081131665, 5.823129043172645, 5.823308553393706, 5.824394468108344, 5.825091411645633, 5.827061705976138, 5.82832687718517, 5.82959867798619, 5.8355457685098555, 5.83600824306341, 5.836172445354649, 5.836610414547018, 5.838852290640077, 5.839783473558029, 5.842358991430217, 5.84267849456056, 5.844570279274482, 5.845119569954686, 5.8455061768309, 5.846666920653714, 5.847138858955507, 5.847171287378655, 5.848031803741349, 5.8488772204439154, 5.848963197706157, 5.849075732556117, 5.850626645331035, 5.851803974769469, 5.85216329542247, 5.852167500066445, 5.852460956323554, 5.852876563097573, 5.853775596337414, 5.854868916531975, 5.855215840515426, 5.855356414807523, 5.856156256366589, 5.856275453621283, 5.8563305666682295, 5.856468631373186, 5.856600795596568, 5.856600817706302, 5.856904133963639, 5.857054365943472, 5.857136940348976, 5.857660338954771]",8.05,2.491906089642216,8.0,12.95,13.0,1.0,0.0,0.00038536099995326365,24000,0.15,0.99,epsilon_greedy,exp,0.6,0.9995,none,1400,True
e3,q_learning__9262edec__s48,q_learning,9262edec,48,15000,19.43098202500005,completed,1,3.3090633115732313,330659,"[-0.8712597197721618, -2.017942329903636, -2.8869128697087216, -3.929047319805307, -4.695764796358887, -4.849493505351756, -4.563113083496459, -4.322758923590779, -3.8215697542831304, -3.157807366623172, -2.4233459420930425, -1.7472569705771346, -1.0405109656004572, -0.2111487244319964, 0.10648653246835216, 0.6836161869762837, 1.1904176864404836, 1.766564238218016, 1.984834831350762, 2.3849310617892936, 2.668076903359276, 2.856136971241823, 3.0356703256524655, 3.1344804441615453, 3.336529100991794, 3.6031784602124555, 3.898710877621324, 4.017325027489492, 4.065530647228901, 4.127415717748501, 4.203238767971818, 4.229260712029172, 4.32836352569363, 4.346821114318278, 4.384170183722701, 4.4272282408213846, 4.486043564591994, 4.542873514241395, 4.571355588875138, 4.63088070086016, 4.674668938150573, 4.741859263167075, 4.79500115730165, 4.806729198337248, 4.844940849682799, 4.882283365986499, 4.9044053755176344, 4.9710611360991575, 5.047398717636396, 5.10237254173441, 5.1633891220106625, 5.185070105126873, 5.202860626832543, 5.204197077710456, 5.234874516380113, 5.260611469587126, 5.2843454014282925, 5.321296770724627, 5.35134300547029, 5.367998675486726, 5.395632298730814, 5.41509166058484, 5.42940909210605, 5.438665198353243, 5.451731226832183, 5.459560194282278, 5.465219875302269, 5.474514261003973, 5.478979718572125, 5.4801403659505095, 5.489986702890142, 5.503327493347212, 5.506590634412941, 5.509406709661624, 5.529414993423606, 5.534705727547496, 5.543030580162938, 5.549268256407296, 5.563019289042088, 5.56585184590234, 5.57742006154722, 5.58370703238622, 5.585741078769681, 5.586418388181345, 5.588121529641493, 5.5918063488167595, 5.5930446789735395, 5.595606987965848, 5.602129241110209, 5.604976359623549, 5.610219118145896, 5.614073023304793, 5.615601586521523, 5.619073874192628, 5.621094810550155, 5.62399003843403, 5.627848935782608, 5.630878349777385, 5.633357911237024, 5.637498405752344, 5.640582596765674, 5.6430494894188685, 5.643776324144227, 5.645207571841772, 5.647887771841159, 5.6512407139853185, 5.652930889715418, 5.653080661361345, 5.654785502363544, 5.656321327572491, 5.657466959814378, 5.657899771907253, 5.659475272595961, 5.661316391524432, 5.661770657465271, 5.661986617114392, 5.663840052659954, 5.664788571210668, 5.665811441424522, 5.665964273473567, 5.666348111960718, 5.6673255757945435, 5.667672394658587, 5.667727862798163, 5.66905281449464, 5.669729114873863, 5.671286077449392, 5.671391567972225, 5.671560280761891, 5.672180942091919, 5.6721809787919275, 5.672972504105434, 5.673290418052891, 5.673719121693155, 5.673770782781029, 5.674030470718872, 5.67447399490086, 5.6745466810881755, 5.674555088736569, 5.674658969011264, 5.674925046296917, 5.675095934848832, 5.675391081183966, 5.675654815188315, 5.675668249090568, 5.6757128241459425, 5.675858607180745, 5.6760686320243146, 5.676079994686638, 5.6763790314230596]",8.05,2.491906089642216,8.0,12.95,13.0,1.0,0.0,0.00045632400002432405,24000,0.15,0.99,epsilon_greedy,exp,0.6,0.9995,none,2000,True
e3,q_learning__9262edec__s49,q_learning,9262edec,49,15000,18.869659926000168,completed,52,3.106042498099471,334414,"[-0.9990335766797448, -2.0135693234821503, -2.959996032931125, -4.0697200367570385, -4.858578105742206, -5.116363759104014, -4.8681029742997755, -4.4030056674518425, -3.667493069648898, -3.0764797718832066, -2.419094435530518, -1.7450019349674193, -1.3797293162859943, -0.738338469318433, -0.2756985083008019, 0.045894266275861344, 0.4694082994643759, 0.8123894827474027, 1.126535693956437, 1.5253181600682586, 1.8363643976967952, 2.203762911996954, 2.543587749942557, 2.813264342703933, 2.9602641890776553, 3.2187807729438935, 3.364278132513546, 3.508559698750405, 3.6491359454589416, 3.779777007682833, 3.8336490051463987, 3.9788882314416947, 4.084770487398511, 4.165750652732551, 4.179370588503601, 4.202883174861152, 4.303759791658465, 4.313208045752371, 4.352210680619385, 4.39990954994725, 4.456037658937374, 4.5057869611659385, 4.578817658329088, 4.646182211583109, 4.721420194551119, 4.747364843786005, 4.773651396944635, 4.797089019414524, 4.821929113537052, 4.8792185999328, 4.91790447447695, 4.921827744990609, 4.950701035570704, 4.966099815918207, 4.977307859412326, 4.9845239530812115, 5.004376750099443, 5.021525083730713, 5.0539320261782255, 5.08113552356801, 5.107011432586718, 5.116266349911672, 5.1207178479737925, 5.134720466562383, 5.170924110656378, 5.195849346238984, 5.233889340799766, 5.253536118019422, 5.293253877864752, 5.299126343857237, 5.3142234217471565, 5.327296326022923, 5.332082716512068, 5.332949797831664, 5.3412568942777, 5.345288280590762, 5.355487044018906, 5.378268116761624, 5.379841317302689, 5.391443367609012, 5.397629352107406, 5.397755351911225, 5.406519093711773, 5.417921199799445, 5.4201271320383215, 5.43469999461916, 5.435794246078016, 5.4490568498422105, 5.454083704378399, 5.467835498886294, 5.470368261551811, 5.474667788212503, 5.47821562683452, 5.4819264014425615, 5.484473158974271, 5.491997878685973, 5.495491221936336, 5.500111906555683, 5.504842920587738, 5.5053652399758155, 5.506371510748624, 5.507728547385763, 5.508371833526868, 5.5101296899496495, 5.51130215820641, 5.51620122462243, 5.5183420967721, 5.520541694888084, 5.527407301035, 5.528130941810946, 5.530327787205592, 5.531235414157547, 5.532116665150441, 5.533485305905903, 5.5382102425014255, 5.539278356070491, 5.54183448512509, 5.545692790656029, 5.547472093164118, 5.548168557206095, 5.548776682639859, 5.549203594048588, 5.549624698092981, 5.551366102359, 5.553958403567088, 5.555437527758696, 5.555577317107543, 5.5557263707004285, 5.556673795901696, 5.557520671231192, 5.558607781009161, 5.560159745491408, 5.562201298261693, 5.562408267807437, 5.562541678953344, 5.5641259758834964, 5.564182117961844, 5.564886699796238, 5.566536307243795, 5.566623990082145, 5.56696198313452, 5.567167492745854, 5.567909186588404, 5.568549759525391, 5.568724954235367, 5.568971604773854, 5.5691067071554725, 5.569299096969778, 5.569497923902947, 5.5696044583458235]",8.05,2.491906089642216,8.0,12.95,13.0,1.0,0.0,0.00033118699997430667,24000,0.15,0.99,epsilon_greedy,exp,0.6,0.9995,none,1800,True
e3,q_learning__9262edec__s50,q_learning,9262edec,50,15000,19.477332525000747,completed,17,3.0442568879777543,335894,"[-1.0301036881379693, -2.227395191761153, -3.2631966440397884, -4.162931941914322, -5.012862745631495, -5.061596209768396, -4.767974856057317, -4.23751312994712, -3.6545949702288576, -2.82583064683856, -2.335535655548857, -1.9335007180964079, -1.372385091095645, -0.8225660997192177, -0.3360998413149679, 0.22040651568140626, 0.6420066554030728, 0.9851754823163004, 1.2741392955890718, 1.4974401786285247, 1.8312077985279975, 2.079661486376104, 2.3607670008759323, 2.6240626516678565, 2.839510787501949, 3.107541183851545, 3.2662218008130983, 3.4430345692107465, 3.5629181988261363, 3.6734168998746197, 3.8713114383043195, 4.139560640618143, 4.293923927390612, 4.34802546533812, 4.358395228928563, 4.4804127871622486, 4.547205172736641, 4.6056103949020235, 4.628209662758064, 4.679761768224213, 4.750632208379046, 4.773448765421035, 4.798339513923808, 4.867186448283216, 4.894692366748014, 4.905661945790925, 4.937263222093209, 4.973888423410221, 5.006245250260533, 5.026259131577459, 5.085616070580007, 5.106119907575874, 5.1169255554941575, 5.165911239574636, 5.248657170062128, 5.281416141196404, 5.29166844152704, 5.314415556287359, 5.331382350744625, 5.334475540792705, 5.366253898439353, 5.37872254696897, 5.391259233951205, 5.393496719735273, 5.433151658010803, 5.447320912745435, 5.456723991303572, 5.480742071107042, 5.50665672903259, 5.517085858962464, 5.524719624943387, 5.531985647564259, 5.538908824727558, 5.554158410832729, 5.562107666093561, 5.570497849096834, 5.575029556232859, 5.600574486793793, 5.603227538100601, 5.610989865408641, 5.6180313292824025, 5.620559480839666, 5.628241307815943, 5.632133562115741, 5.649901976853113, 5.653364623739017, 5.658581481856357, 5.664296143772379, 5.67532857602525, 5.6802204511383145, 5.680230877732234, 5.685576098511079, 5.689147697133236, 5.692681503769465, 5.699109998245674, 5.699473703217425, 5.700820904361918, 5.704592286809273, 5.708815557202043, 5.711545909513258, 5.712656409589247, 5.715196874860525, 5.717624699000568, 5.719706847931699, 5.720487831648361, 5.72178315219858, 5.723861370097385, 5.726063006315635, 5.72769327442973, 5.730369467301262, 5.732109525353424, 5.7325484302244085, 5.733246223270421, 5.733275022787661, 5.733652048646774, 5.735365823826613, 5.736937190495321, 5.737731585601777, 5.739674970142855, 5.740858157596227, 5.742024896207669, 5.742650285862323, 5.743290908610054, 5.743882582112553, 5.7444738243558975, 5.744474269312255, 5.745236708647609, 5.7461681780833, 5.74632302697828, 5.746957703006085, 5.747710117144851, 5.747838741420926, 5.747980784876907, 5.748173062583333, 5.748428151232669, 5.748764808479464, 5.749006815235786, 5.74967616221559, 5.74988127000064, 5.750123755170306, 5.750165527058942, 5.750360814554527, 5.750838795659876, 5.751199871660819, 5.751387941954035, 5.752062339666364, 5.752062346712817, 5.752273911302475, 5.7525216109903425, 5.752764509111995]",8.05,2.491906089642216,8.0,12.95,13.0,1.0,0.0,0.00032542699997065936,24000,0.15,0.99,epsilon_greedy,exp,0.6,0.9995,none,1800,True
e3,q_learning__9262edec__s51,q_learning,9262edec,51,15000,18.852256723999744,completed,9,2.7511997382960036,331670,"[-1.0043618383049497, -1.9675898101398386, -3.1348870167865, -4.228433095015374, -4.888101908940947, -5.26364975093085, -5.148920513117011, -4.338301648047325, -3.8144970602574184, -3.118371253814659, -2.593184544267276, -2.0998546442441373, -1.6610900164583704, -1.1122295746057302, -0.8040898779238691, -0.15857694386373786, 0.3093085929313352, 0.7110461604722375, 1.1085681136936525, 1.5207523471839364, 1.7316254090324432, 2.0500137666300153, 2.235338413163548, 2.652855114500136, 2.900669448770133, 2.998191912205558, 3.14405799352423, 3.444192715560349, 3.6041685597233863, 3.7101855736657194, 3.7832161719639554, 3.9733381178480713, 4.140929361641765, 4.2688341929949205, 4.334660726199945, 4.3507246956065675, 4.430774739138814, 4.475532265553763, 4.520139702456019, 4.537007936710779, 4.574699818135298, 4.631201439886525, 4.657182639244521, 4.692400868206579, 4.740537455335326, 4.807776312412224, 4.894141431682458, 4.92930344842395, 4.960054933652978, 4.960168556259335, 5.001473093028479, 5.071355903380624, 5.1166644695917665, 5.148054981077673, 5.160780736543609, 5.186265011522975, 5.1965207665067314, 5.2211440352164, 5.240741989315355, 5.25714441293349, 5.273049563578401, 5.293720804618271, 5.334377462641963, 5.363588222708284, 5.377733116738793, 5.387300790171017, 5.402875543264717, 5.415680170849424, 5.426071751006318, 5.426445180090107, 5.453466566583258, 5.470647643992065, 5.478760495890151, 5.4851300152987585, 5.486380214795212, 5.492626184445597, 5.497177284815334, 5.509768804797929, 5.5225770346435645, 5.524948086149165, 5.528473164515211, 5.546408510966587, 5.56494403277097, 5.567426439496232, 5.56943206349573, 5.573501364051467, 5.583559881063184, 5.588312016954846, 5.598241554096568, 5.602050007597012, 5.610413054374621, 5.621772091315891, 5.628302509983217, 5.629863336399888, 5.634800723353845, 5.637385441725275, 5.640536232542578, 5.640662487394234, 5.64226506381029, 5.642407409645288, 5.644613796547242, 5.648357562229418, 5.656312002538892, 5.660646652727076, 5.662113874770669, 5.664210021018809, 5.66441014394327, 5.665005094275837, 5.665836860559545, 5.6671678860899135, 5.671912234879913, 5.6740206264195026, 5.67842247055739, 5.678830890223157, 5.680176855240002, 5.687803949490357, 5.689181590584352, 5.6899996840559055, 5.690812358718015, 5.690914025131377, 5.692083767678588, 5.6933856462806665, 5.694076326095219, 5.694682945708374, 5.694902011359889, 5.695782765877218, 5.698953128973672, 5.699144661518022, 5.699250986243407, 5.703819427659569, 5.70454268296447, 5.70479781544956, 5.705047930328169, 5.70560509944374, 5.705605099677855, 5.705699761167524, 5.705841707620755, 5.706000491925597, 5.706001102837664, 5.706033692342744, 5.706372002283987, 5.70654732219138, 5.706672912020967, 5.706733388404247, 5.706733450703843, 5.707187245834317, 5.7072087394787205, 5.70728138836854, 5.70774151422678, 5.709499511539914]",8.05,2.491906089642216,8.0,12.95,13.0,1.0,0.0,0.0003708050000568619,24000,0.15,0.99,epsilon_greedy,exp,0.6,0.9995,none,1700,True
e3,q_learning__f29b6f3d__s42,q_learning,f29b6f3d,42,15000,25.545846232000258,completed,3,2.740875772449383,272285,"[-1.3880161383830787, -2.602466155282762, -3.816709541916729, -4.8554425370623955, -5.415566456777203, -5.48899580603748, -5.478773643689342, -5.3208184341269975, -4.921304888587133, -4.493194464337161, -4.095495626080629, -3.6347602017092053, -3.486750037232921, -2.9224678902316463, -2.298952429402796, -1.8282527728712243, -1.498370033645855, -1.0403259893759091, -0.5515785808195789, -0.13578097205747658, 0.38191247964419067, 0.6310353390546076, 0.9408183614229616, 1.4004953803355014, 1.800887672668271, 2.015982035719112, 2.30715864990187, 2.480070688905751, 2.6716366097645627, 2.8576279526454207, 3.0819145454970305, 3.3431569936371885, 3.514111811817285, 3.6997913236124607, 3.825681569064737, 3.952117592894709, 4.086404259322327, 4.229784338527263, 4.391461672948278, 4.453773510174597, 4.522123469179079, 4.558912706617937, 4.602373421088877, 4.64830145981219, 4.724257740882419, 4.851194199338685, 4.91570942768744, 5.013340208629056, 5.058787060417304, 5.069434494365259, 5.081141264442514, 5.141381472221151, 5.191507742882025, 5.230255683920704, 5.297960082093103, 5.351707878748516, 5.402161254182238, 5.446171666201825, 5.490560386870589, 5.5101074608920255, 5.518118973654629, 5.531026912801012, 5.568340053624613, 5.593743540794048, 5.605003956116315, 5.6226235047658255, 5.633686602256324, 5.649935684645315, 5.660506577290813, 5.666181425746081, 5.687373873907401, 5.735549192395739, 5.739771932002534, 5.751120476453462, 5.769464063035259, 5.777669740403768, 5.787968545329264, 5.794153445311618, 5.834445837560218, 5.8550143259258, 5.865379619737265, 5.875308928496622, 5.880259344850612, 5.883058457796541, 5.904510141234757, 5.912048014482812, 5.912188939027046, 5.921280950886857, 5.955218476673567, 5.955374611215104, 5.978725721104767, 5.987905588660386, 5.993785397145578, 5.998985331203305, 6.00251429076618, 6.0060019680624235, 6.01331132137359, 6.033673473522407, 6.043867499741007, 6.054744515541803, 6.058422900039634, 6.061511063455563, 6.061534973687594, 6.067439608451773, 6.076930251561495, 6.078275584100818, 6.07851620333041, 6.079823210620148, 6.083141486433264, 6.085626495862658, 6.0953747625128285, 6.095391984111567, 6.098640899309446, 6.098654628404449, 6.1028963355119545, 6.10289633580089, 6.107908072515241, 6.111069160714321, 6.114222602089139, 6.114973184791695, 6.117634596675219, 6.120134963077041, 6.122242311564615, 6.123628213560341, 6.126392438996603, 6.1286122069522735, 6.129442922873417, 6.130276232088773, 6.130565888873904, 6.131566023496509, 6.1319586999211735, 6.132059369387084, 6.132343276944425, 6.1325990676499895, 6.1338957102426885, 6.134470180046736, 6.134740537810793, 6.135545839199634, 6.1361062098855434, 6.137444805028893, 6.1375657347864525, 6.137675947047606, 6.137834929359977, 6.13835740730388, 6.138605043774837, 6.139761746507637, 6.140548581045968, 6.140819286220864, 6.141014392879902, 6.141134839005753]",8.05,2.491906089642216,8.0,12.95,13.0,1.0,0.0,0.0002905390001978958,24000,0.15,0.99,boltzmann,exp,0.6,0.9995,none,1800,True
e3,q_learning__f29b6f3d__s43,q_learning,f29b6f3d,43,15000,25.313850436999928,completed,4,2.7708482455739074,269569,"[-1.3668366824448945, -2.504718927141934, -3.5689836538160438, -4.614834516425804, -5.1354524912497075, -5.162205402984163, -4.845444822693291, -4.523945911276237, -4.361432078968788, -3.7843268186218166, -3.486638632391787, -2.976781205630465, -2.5346973425523194, -2.225166922716511, -1.8104895418641276, -1.4999641385881837, -1.1434036876282063, -0.45705756154867216, 0.06163409160966514, 0.48334296050397896, 0.7792933926428248, 1.042971239019978, 1.3232038148246088, 1.5213462798455422, 1.716427359853778, 1.9451036541625286, 2.1880260748924534, 2.2864357029801794, 2.5731126778360673, 2.7052372408182004, 2.9233562707506158, 3.1750425412698307, 3.3893600757578564, 3.540585120769757, 3.631534700355971, 3.8956240338806682, 3.9561801620698676, 4.204723828067325, 4.265529045958021, 4.3179301488087996, 4.5531564622797065, 4.569526940750774, 4.663756031760934, 4.791549679130669, 4.850236878129649, 4.93844475665357, 4.988826033288145, 5.017825465361821, 5.054233290438083, 5.071866239027153, 5.124747334129898, 5.137286877551704, 5.16217529301228, 5.242160075976487, 5.339972989013762, 5.3574340639028595, 5.394770027058266, 5.4423873429528875, 5.485615457205373, 5.543532844224202, 5.56278662704789, 5.599000192539438, 5.629032575896118, 5.68642071947903, 5.70783704484822, 5.711896320967252, 5.741150187414401, 5.7912840643259065, 5.840328980164612, 5.859708376328714, 5.874135778377931, 5.8850782900604175, 5.915634341456597, 5.930228260772787, 5.93972647359208, 5.940255185487675, 5.942528634170171, 5.971857332528314, 5.980310207992221, 5.987917034667234, 6.016679534805484, 6.035939741540168, 6.062800132957242, 6.076613139865431, 6.077093130310478, 6.087947304684895, 6.106116077173451, 6.123992986741033, 6.13961481967887, 6.147903188737824, 6.15715470533161, 6.160358543276273, 6.168965170684925, 6.183302909848661, 6.184913786898295, 6.189867062310847, 6.194965386574766, 6.1953157215297505, 6.1984259117103475, 6.199618181461764, 6.205200809744755, 6.211307187299497, 6.215368806946906, 6.217153561963755, 6.21981190817598, 6.224245400736249, 6.228878184997475, 6.23128652609654, 6.233617688305824, 6.238069889409511, 6.238794979253691, 6.24068634566103, 6.2423761013094285, 6.244589855198297, 6.24722274664345, 6.249061019548042, 6.250219301122604, 6.252426186002359, 6.2539861409570845, 6.256981042485491, 6.25880742573851, 6.260565165234016, 6.262489152385624, 6.262489302337419, 6.2650752844790345, 6.265702612742859, 6.267289533696459, 6.2680607932015615, 6.26888806277998, 6.27083294783411, 6.2708334862201855, 6.270981491350885, 6.272016738026299, 6.2735522531193215, 6.273552465881139, 6.274201401677965, 6.275017808912843, 6.275716253316955, 6.276254145470064, 6.276309131257327, 6.277423217500867, 6.278538749696655, 6.278538891528803, 6.279714133853589, 6.279714219713114, 6.280900993414352, 6.28119525773478, 6.282027414526457, 6.282534374527407, 6.283614244588145]",8.05,2.491906089642216,8.0,12.95,13.0,1.0,0.0,0.0004375850000542414,24000,0.15,0.99,boltzmann,exp,0.6,0.9995,none,2200,True
e3,q_learning__f29b6f3d__s44,q_learning,f29b6f3d,44,15000,25.359637740000835,completed,16,2.558495651745377,273707,"[-1.276485210457622, -2.567609352782123, -3.8269410831366675, -4.904926902398554, -5.621675954800781, -5.704820750999255, -5.678485034095473, -5.2561578319138595, -4.886835849694475, -4.4828465640938395, -3.9667661068480338, -3.7726352934311973, -3.4126498974760904, -3.1688847343268898, -2.7895856498519436, -2.3090738227367207, -1.9576193973918863, -1.5483125591260896, -1.1463392870743412, -0.7123168177532373, -0.2655518863259748, 0.22305516428066519, 0.5984886251919709, 0.8131032336078062, 1.0233189979333868, 1.2941093926626712, 1.437310372743987, 1.6869705967056385, 1.9534387623761924, 2.211201982656767, 2.354422476417937, 2.5234377323805193, 2.708575964794931, 3.0011010912349567, 3.0840603215057194, 3.214161354629303, 3.36789313227007, 3.535598060798547, 3.6567167379080776, 3.73141033769741, 3.9656371514362214, 4.0087628461937515, 4.081325105788738, 4.1890313351760025, 4.30723762124973, 4.338341270913807, 4.432307987656248, 4.5428311266704515, 4.661038356957395, 4.7572817541604815, 4.828316665607637, 4.897975207072531, 4.963387534713965, 5.014839000976803, 5.108485738554642, 5.136174645806632, 5.176788963125897, 5.2198375611988155, 5.267665059487834, 5.350017992846422, 5.378882635397839, 5.41018704502223, 5.45392513144989, 5.467533590922953, 5.516208855142728, 5.529213801235614, 5.550696703623029, 5.5723360383386655, 5.594412819678869, 5.6234283163136665, 5.648492998291742, 5.663442685487185, 5.701786972717935, 5.7303664699443235, 5.746567784336173, 5.752327554689635, 5.762325094548237, 5.790185490157441, 5.811123115920149, 5.827297682445652, 5.855368179516025, 5.874471330304583, 5.895175256893321, 5.906471311635063, 5.916172291423949, 5.922612466808375, 5.940203219762202, 5.940834965584118, 5.957668676314821, 5.971591475506376, 5.990032825222238, 5.998759991536507, 6.008978677750594, 6.017663954110903, 6.0284322770888785, 6.033019694585886, 6.034320126143377, 6.037494969667533, 6.038751541752157, 6.044798088431638, 6.048201246022185, 6.052516595260729, 6.053717605068584, 6.056585025763015, 6.061363173582025, 6.062582557830278, 6.071628368960628, 6.073780408953496, 6.084413086119168, 6.086224881861237, 6.089406349501443, 6.091095892501602, 6.092438979287829, 6.092511947416079, 6.093045222843069, 6.095295487349392, 6.097233951616333, 6.102087310570908, 6.102309364260161, 6.10649024418255, 6.107396344356451, 6.1081567000335, 6.111880899135343, 6.1128033155600265, 6.113541975601175, 6.115238340957336, 6.116101239971672, 6.11634682289128, 6.120031563067694, 6.120117377719455, 6.121407727133273, 6.122641825542362, 6.124645076278964, 6.125713548374961, 6.126219098411799, 6.127469129708023, 6.1291427344946365, 6.129427944620947, 6.13010740901352, 6.130310199934313, 6.130311355202623, 6.130335650738139, 6.131084975900346, 6.131239429976693, 6.132305732910484, 6.134252441679981, 6.1342541702350335, 6.135589863578024, 6.1355905138839875, 6.135931291472425]",8.05,2.491906089642216,8.0,12.95,13.0,1.0,0.0,0.0005159650000132387,24000,0.15,0.99,boltzmann,exp,0.6,0.9995,none,2600,True
e3,q_learning__f29b6f3d__s45,q_learning,f29b6f3d,45,15000,25.299251439999352,completed,1,2.7742386342922987,270398,"[-1.3349078165601893, -2.6119070811456324, -3.6311440496607252, -4.599847202101764, -5.227998815856738, -5.492798611762191, -5.392558988858, -5.106588460995092, -4.736960507599329, -4.384614223395815, -4.0872031683288155, -3.714669022706476, -3.252142218343403, -2.9678792969714385, -2.3546021695509496, -1.985991827076178, -1.4305840977927504, -0.9335189103920847, -0.5744613340180333, -0.2822870150036228, 0.16028437864359052, 0.5348254355826462, 0.7495133573529125, 1.1116809010152502, 1.3593513577214802, 1.683619669441579, 2.127770633552968, 2.296400044623759, 2.451295872635957, 2.5415979062337746, 2.603680573213746, 2.7377097065926104, 2.8322522557837284, 2.9769527117985084, 3.077685630310797, 3.199502766023794, 3.389693784398454, 3.5115868801428674, 3.6337508009814123, 3.8508978511680403, 3.8957536504978867, 4.085948219466295, 4.160702546436229, 4.305348755860878, 4.356758614729188, 4.434011075865729, 4.456694657485102, 4.535869228473339, 4.55635320933213, 4.613088844488038, 4.766546843399423, 4.8353279826914735, 4.906032009481308, 4.947351799912966, 5.04830525600384, 5.097358502769904, 5.145827620300816, 5.186268108835796, 5.223273521133048, 5.291606425338632, 5.301790720075337, 5.370400079817496, 5.385827459731849, 5.398889288504808, 5.456231908147134, 5.482862157506963, 5.520636163749871, 5.521941084685945, 5.54998059958094, 5.553497836213707, 5.5594684636793925, 5.577290899051012, 5.594854148252739, 5.612965757996336, 5.633700647000909, 5.659522686972406, 5.672628223228815, 5.730013361680147, 5.73152329602791, 5.761333852888407, 5.766700456267896, 5.781465973210919, 5.782156786237501, 5.787669565287163, 5.793394793209111, 5.793434942327925, 5.807407232751703, 5.816969275520835, 5.820156497436172, 5.847053456064033, 5.858540478226429, 5.86044640664871, 5.872083297070645, 5.8856285599973415, 5.894729984002775, 5.902424505973708, 5.911419825735964, 5.913724006267965, 5.91873178646131, 5.92426058029821, 5.925013887821808, 5.926598488874619, 5.927973230193592, 5.92884316986445, 5.932342861296928, 5.934775316720977, 5.938217888389411, 5.9508039708641745, 5.956956291790601, 5.9610090838447904, 5.9654472140368116, 5.967011212347628, 5.968371126855306, 5.9698977539421145, 5.96990223952221, 5.973210403056995, 5.976893335432041, 5.979349689666517, 5.982312740524473, 5.984229507826245, 5.985819209404151, 5.9871396996452, 5.987255720451168, 5.9894945042623435, 5.990426825241234, 5.993163496111063, 5.993551022763674, 5.9943029146957505, 5.994701092667278, 5.995910006462384, 5.996009667340334, 5.997181232604558, 5.997532289585529, 5.997831081713026, 5.9983627579330845, 5.9990719066044145, 6.00002141436217, 6.0004383965025925, 6.001273697842295, 6.001317810293304, 6.0015245692307975, 6.002068000392118, 6.00230579486232, 6.002444959007361, 6.0026799760166805, 6.002899740716232, 6.003098535989382, 6.0032388827590175, 6.0034157984238385, 6.00350552332255]",8.05,2.491906089642216,8.0,12.95,13.0,1.0,0.0,0.00046785400008957366,24000,0.15,0.99,boltzmann,exp,0.6,0.9995,none,2400,True
e3,q_learning__f29b6f3d__s46,q_learning,f29b6f3d,46,15000,25.514745167,completed,4,2.6255666055158455,271250,"[-1.2462145592889435, -2.6426109059375618, -4.066939802864386, -4.817057915397983, -5.431059000986582, -5.6782340349565406, -5.654180382686913, -5.404424629493382, -5.120310869695458, -4.632430486931756, -4.065108254273247, -3.557889758331207, -3.053334654352731, -2.6262355416981196, -2.2515246921423593, -1.9606191890993494, -1.4216429832580195, -0.9690047730096164, -0.6936640216130361, -0.2728775440363814, 0.018352611098603658, 0.473719202025538, 0.9838353555746928, 1.2985794497614926, 1.549950968387717, 1.7691321849518387, 2.0056214831704633, 2.3138823372054187, 2.521649603619447, 2.6857247329374676, 2.8274418447510308, 2.9981561339327905, 3.126966366897126, 3.2987857025142504, 3.351925735106029, 3.479302864928625, 3.6165423411163853, 3.691604590757287, 3.8160788691396044, 3.9735455496256824, 4.1364087559319564, 4.312998204415587, 4.383650824312523, 4.46842256537654, 4.587421902528829, 4.652885656791502, 4.721130128206155, 4.750018462560231, 4.819144446750518, 4.902262472242584, 4.964905659403384, 5.006290491176432, 5.107350331487836, 5.188649735374317, 5.243720146414574, 5.306224890167914, 5.3476766705158525, 5.364429939979089, 5.439635640272068, 5.460469281554919, 5.47908540161284, 5.5056700986773235, 5.5254317632096015, 5.5534109237035185, 5.582483084617759, 5.626443958610058, 5.648630106754227, 5.666007081720393, 5.668827470391926, 5.680499143421579, 5.729978996997025, 5.7469489488931185, 5.769912976302081, 5.773886270794234, 5.783799291689655, 5.793917398213136, 5.808170690585132, 5.816952738357631, 5.862580312630075, 5.869787017226424, 5.885312665658107, 5.8895954627360165, 5.891714865000543, 5.898479587103748, 5.90743096891805, 5.915982703382556, 5.9187013138762605, 5.9188800383337865, 5.921100756026577, 5.930158734181244, 5.937896916265265, 5.956258085448106, 5.962289241669518, 5.9680426534486966, 5.969731886187316, 5.971769009742038, 5.9743938527087606, 5.9809619881843465, 5.9844407121516925, 5.9864777923660775, 5.9900404492320085, 5.993017029565942, 5.994035951864067, 5.996815096010837, 5.99998462673913, 6.00274557045787, 6.006176333941111, 6.006547648755944, 6.008014468527421, 6.008699570589136, 6.010034170681979, 6.012486504326, 6.014358738550162, 6.015858706137053, 6.016535820206737, 6.016753150820483, 6.018345206408084, 6.0211774928161175, 6.022402168239977, 6.022557006040166, 6.02277091520008, 6.0236078006259, 6.026149011866883, 6.027745291993832, 6.029566640922886, 6.03024190870016, 6.031206181485642, 6.031758919512196, 6.032585534865516, 6.032594458933208, 6.032661167544399, 6.032678050430529, 6.03306209037369, 6.034093225681897, 6.035156591964087, 6.035258426129597, 6.035557351596068, 6.035672551777945, 6.036192799356333, 6.036360382079267, 6.036675241260408, 6.036990784601059, 6.03781565159573, 6.038134921073863, 6.038424994083911, 6.038802938856505, 6.039012163365386, 6.03927176616046, 6.039328520974868, 6.039456369440484]",8.05,2.491906089642216,8.0,12.95,13.0,1.0,0.0,0.00037322299995139473,24000,0.15,0.99,boltzmann,exp,0.6,0.9995,none,2400,True
e3,q_learning__f29b6f3d__s47,q_learning,f29b6f3d,47,15000,25.284151665000536,completed,8,2.567703253882738,271578,"[-1.2645166296085848, -2.683444758586007, -3.7508238866398003, -4.543003971826777, -5.2597888309564995, -5.891129951882487, -6.03030220255742, -5.652121237424552, -5.401647626447273, -4.908959015678936, -4.495941667892027, -4.162013366253953, -3.6651439179498673, -3.084120689094443, -2.5489080124034844, -2.070555907854989, -1.6619408624216736, -1.0575573868308024, -0.45017329717690335, -0.0457885424293781, 0.19547022624643404, 0.4114692500087721, 0.8881483293928324, 1.2840142410034263, 1.3722635124825442, 1.6648101479381834, 1.9582660787707498, 2.2348290463733718, 2.4152129053481253, 2.5585014596544133, 2.6358582442371907, 2.7245808546920043, 2.9255226210842014, 3.186757099407882, 3.233183891111301, 3.3734661438426117, 3.478445069135875, 3.6342242829977156, 3.741021904733089, 3.843800102489177, 4.012904919018934, 4.108223878177418, 4.222507394039498, 4.268604566965292, 4.368949630317542, 4.460251086154932, 4.469875669385146, 4.582256471174052, 4.615524796088425, 4.699882175499145, 4.754636948897726, 4.775710320099177, 4.861501205212596, 4.9091194032805845, 4.923581497845327, 4.952108906811406, 4.962953563192391, 4.9700834157230735, 5.068868871521706, 5.115199560415801, 5.136644911928958, 5.171702859903097, 5.228949492404542, 5.290869739317929, 5.32296616250267, 5.335821035660766, 5.355477685513138, 5.36878593894751, 5.391451651107315, 5.398638129107705, 5.429927368511138, 5.487841352118767, 5.519014902037539, 5.542291008649752, 5.551644681222033, 5.564927238763856, 5.576962083310009, 5.599057994788106, 5.62339793276785, 5.636356753267423, 5.637512075308207, 5.650945263612598, 5.653832260100569, 5.669261584760394, 5.675173427937366, 5.684899122319275, 5.691225609509957, 5.700712176903164, 5.713594140090523, 5.725910494968841, 5.728546810727573, 5.736473214182587, 5.742010288092106, 5.751510849707433, 5.754022255565432, 5.761177387345552, 5.762974709713299, 5.764923675720724, 5.765248412029739, 5.7669394370199125, 5.767874494914344, 5.771030115979523, 5.776269903738238, 5.782921209917118, 5.783583607491713, 5.787018872954219, 5.790432753037683, 5.792250026471763, 5.797536549641764, 5.801820912024389, 5.803757433670161, 5.806791251750679, 5.809316668704466, 5.81220424648436, 5.818630249713858, 5.823413234176782, 5.825509488807051, 5.826815265207454, 5.827156695076635, 5.827538764828808, 5.828234090109223, 5.828240298158055, 5.828247956029803, 5.830714183858258, 5.831304037972811, 5.831733427868296, 5.832534444869849, 5.833549232897653, 5.8339066661825365, 5.837631616874976, 5.840665074619332, 5.844566552569039, 5.846485180110155, 5.848999049697668, 5.849427880945413, 5.850497521694947, 5.8504977831490095, 5.850795804129445, 5.851310775869806, 5.851684955367602, 5.852526844680459, 5.852742163789101, 5.853597872637313, 5.853700374583384, 5.854125089169657, 5.855094656535457, 5.855192994262926, 5.855393859471871, 5.85561943403854, 5.855713558605085]",8.05,2.491906089642216,8.0,12.95,13.0,1.0,0.0,0.0004303480000089621,24000,0.15,0.99,boltzmann,exp,0.6,0.9995,none,1800,True
e3,q_learning__f29b6f3d__s48,q_learning,f29b6f3d,48,15000,25.182135152001138,completed,1,2.614115529199121,274034,"[-1.3209273254633012, -2.750941924502442, -3.7215466965026036, -4.763447957938262, -5.538466041644712, -6.141991158957946, -6.216781789976851, -6.098683094955073, -5.737594205424159, -5.289270573263601, -4.968800677185169, -4.638913909056428, -4.2449656957612625, -3.778722138133509, -3.3019956941938386, -2.6981330336425815, -2.3486548958441897, -1.869479134359175, -1.4801884902329894, -0.9996074259780933, -0.522008761768601, -0.2909882793469872, 0.05297131077817093, 0.5449512282604078, 0.9837881870911722, 1.2450815645339017, 1.463686852135443, 1.7199492746968388, 1.9478111161987373, 2.1647788179664675, 2.4346278561994725, 2.529669837672647, 2.6334049468184926, 2.805273677611836, 2.973898051996041, 3.153708848107536, 3.2825699691236094, 3.4200295487802763, 3.5751881908735457, 3.75902842458775, 3.919661298313499, 4.092319834613393, 4.200375749342825, 4.350041941381631, 4.482812767765071, 4.553533065622133, 4.577091707100367, 4.646738859004173, 4.695711928915338, 4.720784382596486, 4.8110193379083785, 4.8194295750303215, 4.846171094442454, 4.90119503771248, 4.9216158616413574, 4.9679582244404195, 5.047106096942773, 5.049801562164249, 5.117547822272531, 5.142079089701469, 5.171681914393947, 5.198048440486135, 5.244476731222231, 5.255436324979838, 5.267692668059462, 5.2816599872815, 5.320078873923724, 5.334720928411744, 5.341840816057649, 5.370041389240137, 5.376903600872469, 5.393083054031621, 5.4066106173370185, 5.418504970264741, 5.432391401308503, 5.441739839984975, 5.4634562412506495, 5.475493204770413, 5.47577547680853, 5.486098870812463, 5.496792954760132, 5.510797656008219, 5.5155753207389475, 5.523565090184681, 5.534154103950212, 5.542383717735146, 5.554918937845948, 5.557919784616503, 5.563467198660243, 5.573175995924268, 5.578563421136247, 5.585945230486628, 5.586132324124482, 5.5886936787330335, 5.589910149058179, 5.596609800620907, 5.6027552695250735, 5.605843258076928, 5.61102047152995, 5.6127499638297, 5.614771886122418, 5.617806083239658, 5.621742694239532, 5.628271155478465, 5.631388613629494, 5.634350622038059, 5.635196760795341, 5.636819903806179, 5.639768356445197, 5.643755554866455, 5.644494949278421, 5.645696637922216, 5.648572594453098, 5.649986167946633, 5.6515870105610535, 5.653017138653621, 5.6541170293279865, 5.656031820788411, 5.657161329904549, 5.65857837509137, 5.659738801301672, 5.660858813048348, 5.660872805633291, 5.661361384664363, 5.661847384139533, 5.662364969398037, 5.662667089576103, 5.663701519172278, 5.664690522639764, 5.6660828700980295, 5.666494567285133, 5.667482705911538, 5.66767232506784, 5.667878128632594, 5.668292190518491, 5.668731219240087, 5.668886614580231, 5.669947540497001, 5.670619100989484, 5.671804363836913, 5.672264783789055, 5.672622229468403, 5.672787666567739, 5.673113117431301, 5.673631625568413, 5.673829270101723, 5.674000911476733, 5.674116191684927, 5.674271845540793, 5.674740757652814]",8.05,2.491906089642216,8.0,12.95,13.0,1.0,0.0,0.0002952000000368571,24000,0.15,0.99,boltzmann,exp,0.6,0.9995,none,1400,True
e3,q_learning__f29b6f3d__s49,q_learning,f29b6f3d,49,15000,24.615405548000126,completed,46,2.3637893307145625,270529,"[-1.3944295503736668, -2.544641634913481, -3.7567644691579956, -4.6420363959529425, -5.4177001178907975, -5.685073090725958, -5.717642076541147, -5.711172979932919, -5.601650472771382, -5.261721563781221, -4.826003033684373, -4.554666555446887, -4.031546987434416, -3.62251218058595, -3.035053703502059, -2.720860060863742, -2.4037244500338435, -2.0597590313910312, -1.60796184484375, -1.3304535960318984, -0.9105599427535457, -0.557395982249132, -0.23809670905953667, -0.06750260881749638, 0.15436667099285226, 0.5653733795127287, 0.7042771537079662, 0.9199113163855676, 1.2265051959159936, 1.3283389690086493, 1.6175425689920753, 1.8064390413488596, 1.9742907233357418, 2.2146199082053704, 2.380981357665148, 2.434386632224069, 2.559990383223129, 2.7388082580088575, 2.835975982354866, 2.9692380906778464, 3.186196551805585, 3.303084712741936, 3.3916019066147296, 3.446787328231832, 3.575691909791071, 3.7005840537231935, 3.860694917441113, 3.9140763270949375, 4.037508817875585, 4.117280552684379, 4.234260886921886, 4.244992539954529, 4.3999240632941605, 4.448178835206658, 4.46473091869728, 4.538596925713782, 4.592242953289626, 4.614306638973363, 4.720159497557472, 4.722964434824579, 4.777367717901682, 4.8315252351888445, 4.855867259681081, 4.86766302246272, 4.928067254140726, 4.962102893081019, 4.987557231463316, 5.026766415658722, 5.057472324917516, 5.070731900181736, 5.095427643875296, 5.130295790777878, 5.162094314586154, 5.184179137476558, 5.200809354524968, 5.234941927336691, 5.256361263942384, 5.274703833123383, 5.28589092856079, 5.313582318093442, 5.326404825099922, 5.332456429722167, 5.334975243853508, 5.347807520207373, 5.359429938135656, 5.37153465535255, 5.377495960807211, 5.388442415200811, 5.388541489101127, 5.394354529396386, 5.3968641997962985, 5.411522834257593, 5.423941128853374, 5.439225496289747, 5.452680341062893, 5.459902519573293, 5.471485063353858, 5.484916747262179, 5.493136237332266, 5.497994119268446, 5.500288836796167, 5.504310363675956, 5.506961756632383, 5.508525919326025, 5.51354323251576, 5.515750501567166, 5.517010681968215, 5.520317113188494, 5.522866015415315, 5.525259025715121, 5.52742539157368, 5.528214801754135, 5.5336783850614895, 5.537074857317026, 5.539154181743308, 5.539157456041442, 5.541879919648271, 5.543084158588929, 5.54491267327025, 5.547132706073475, 5.549366006260213, 5.55125031928179, 5.552346201584317, 5.553242445880071, 5.55392376073753, 5.554899988110697, 5.5555967060968054, 5.557027647322093, 5.558139952330306, 5.558801255005762, 5.559388261179469, 5.559918236575427, 5.560380094718693, 5.560634327777893, 5.5617300740908275, 5.562822869447045, 5.563097454476932, 5.563599437239911, 5.563986108448217, 5.56476121302406, 5.565411407452631, 5.566006646732192, 5.566530378213764, 5.567309918945069, 5.567409211624064, 5.56757807351899, 5.567875971292709, 5.568018806590242, 5.568396531279759, 5.568508293127597]",8.05,2.491906089642216,8.0,12.95,13.0,1.0,0.0,0.00046297999986563807,24000,0.15,0.99,boltzmann,exp,0.6,0.9995,none,2600,True
e3,q_learning__f29b6f3d__s50,q_learning,f29b6f3d,50,15000,25.581861048000064,completed,6,2.7092434368288134,271242,"[-1.235346490845328, -2.4890772337063525, -3.7324887614279856, -4.7159043444985445, -5.468444633377969, -5.676273362679814, -5.669584291137208, -5.5017276216651725, -5.162732557254116, -4.758076754962104, -4.217585889607808, -3.5466456715664965, -2.9166585377989938, -2.352339215283514, -2.040006320209187, -1.4464785402472093, -0.9902783837649303, -0.5561485837136414, -0.20233753077145894, 0.22285537277352419, 0.5785956719543098, 0.8154045628095313, 1.1119061855545949, 1.4846569502034226, 1.704028316215282, 2.066992038120158, 2.348026684591871, 2.6727601896960267, 2.81816392942035, 2.937178090397571, 3.124412132049098, 3.3182554081827798, 3.423771820335011, 3.481334530085276, 3.6279142215264217, 3.8121208337925836, 3.8552935640050854, 3.875962529994174, 3.9477339880645186, 3.9883734458943088, 4.027587103208055, 4.075310641059024, 4.174070644941642, 4.2392749158710545, 4.299758359232899, 4.398027762877861, 4.4326975836067755, 4.511825161279187, 4.6312987208789185, 4.7045947535904435, 4.80565611755999, 4.848585222123648, 4.9164781922577125, 4.92736668716207, 5.001680245329601, 5.0498223749005255, 5.124994023782411, 5.177761570024994, 5.225789644262449, 5.261700292189333, 5.280540728567086, 5.287102942347244, 5.333286005607001, 5.3421240342529455, 5.357797175453846, 5.388497181893832, 5.389548202724457, 5.395193799365364, 5.433639374266298, 5.434124742150565, 5.458564604076311, 5.495504490964993, 5.517810051953242, 5.5313341980426864, 5.54862270362299, 5.558695335853797, 5.559008901721511, 5.575504526359178, 5.575765196977814, 5.576942001848238, 5.579033340093349, 5.579991389162811, 5.588799859829537, 5.592170914547852, 5.592221296073296, 5.595413180906562, 5.600964307105334, 5.609505166035544, 5.618683976333901, 5.6323600606993, 5.63598519409443, 5.644661782315142, 5.648183641812584, 5.654062944409086, 5.661208399774334, 5.662294864365318, 5.66230030174474, 5.665723658468638, 5.669027981900855, 5.670379385642061, 5.6719106446610965, 5.675050096319031, 5.6763048627574415, 5.683112202342145, 5.683117189503787, 5.689878567664412, 5.689880018653833, 5.689884900386731, 5.691875013408587, 5.6986645505449705, 5.707880131982255, 5.708459761263046, 5.711026321217523, 5.7187200970848515, 5.719798643567533, 5.723335691342887, 5.7255446202482005, 5.726088626044228, 5.727009973187685, 5.727571376655107, 5.7279156299580025, 5.728392541667663, 5.730702049341045, 5.731092645207257, 5.733898035537629, 5.734230522853481, 5.734259995169838, 5.735646864046337, 5.735685813504748, 5.736177820357293, 5.73645990040144, 5.737495534875403, 5.739427747844974, 5.740300277570267, 5.741411473470186, 5.741419328715662, 5.742155922417196, 5.743031227556861, 5.743038012138702, 5.743717912563733, 5.744200553659715, 5.744405415099943, 5.744887695635985, 5.745234156703707, 5.7458663995913035, 5.745921961291254, 5.746267007926319, 5.74648724116272, 5.746756735919971, 5.74699574390547]",8.05,2.491906089642216,8.0,12.95,13.0,1.0,0.0,0.00036814400998991915,24000,0.15,0.99,boltzmann,exp,0.6,0.9995,none,1700,True
e3,q_learning__f29b6f3d__s51,q_learning,f29b6f3d,51,15000,25.821566849999726,completed,32,2.327466433699958,274309,"[-1.2186533118821603, -2.7795307806766956, -3.951892094853084, -4.980213601022711, -5.607344252702165, -5.559191284021079, -5.748788529541615, -5.503096113653021, -5.277979972138114, -4.990951253628419, -4.548635230179411, -4.070673468621149, -3.6283304246669434, -3.163126960440945, -2.896692004644314, -2.4777735667219414, -2.131998843761024, -1.629206537143031, -1.3895498027928734, -0.9435745020938675, -0.5292020974930639, -0.17641945209613127, 0.05959511391533736, 0.2896303032763024, 0.4570102301160775, 0.578497204020974, 0.9072770749874487, 1.1620901780060602, 1.4933727698315467, 1.7866726777856103, 1.9712422208591684, 2.1073939110692015, 2.2433327645329277, 2.5592337965954277, 2.7072472166481116, 2.9020825996181947, 3.1371537315765474, 3.256556402960627, 3.3590841286380666, 3.547592701047457, 3.6292403109422504, 3.686384385315152, 3.794343505958021, 3.851229084170382, 3.9971537398392427, 4.037190181441914, 4.168649673357644, 4.240534266381694, 4.34766830884009, 4.385855601177128, 4.4022648578734005, 4.460144214816953, 4.524706964607041, 4.661478512494364, 4.683551977181539, 4.755168991596463, 4.759925493677355, 4.805678417030709, 4.860291864608167, 4.951345371856459, 5.012236115218111, 5.052921046562522, 5.075951415631095, 5.1088562158898, 5.132667701386418, 5.176327925390445, 5.203156549157492, 5.234186545204575, 5.2771539433682015, 5.296486886249894, 5.3111016749706685, 5.33187024876895, 5.3573071710798, 5.398196954269379, 5.423612568616779, 5.437711894190471, 5.444748505730193, 5.476530361258681, 5.500370127773803, 5.500932705733293, 5.514518498090808, 5.521947413356302, 5.531500560932731, 5.545359049907755, 5.545616090734112, 5.554636380384702, 5.574466235558294, 5.581228561335294, 5.582808341965966, 5.5886185433231885, 5.592449051871422, 5.596370199075462, 5.609470479150138, 5.613172112425257, 5.624851636409199, 5.635294961519048, 5.63747592587337, 5.637661540913531, 5.644471810630421, 5.648967676245733, 5.6582067982348985, 5.66483043599354, 5.667289491093508, 5.673527238232322, 5.6759734368349815, 5.678724542324137, 5.6793116423238255, 5.682696860437804, 5.684092774042365, 5.685878227487591, 5.687703468943597, 5.68943359859511, 5.689924167855019, 5.691570306253283, 5.693064429628995, 5.694503027256911, 5.69533338605301, 5.696493901039585, 5.696861628946879, 5.697216402447938, 5.698552575161331, 5.6989793745414135, 5.70005324717009, 5.701630969748863, 5.70226477529498, 5.702446586846821, 5.703100429231264, 5.704221355936275, 5.704223161374512, 5.705038885838183, 5.706183169766593, 5.707328204636439, 5.70800379122994, 5.708524739964539, 5.709526594515825, 5.709956407177723, 5.710314693023874, 5.710650417034545, 5.710808037188325, 5.7111154099768315, 5.711384224876465, 5.711612460717844, 5.712025174514259, 5.712824497794585, 5.713409463059094, 5.713634134971304, 5.713797024447575, 5.714145001323448, 5.714310319740052, 5.714718062500622]",8.05,2.491906089642216,8.0,12.95,13.0,1.0,0.0,0.00030977201009591227,24000,0.15,0.99,boltzmann,exp,0.6,0.9995,none,1900,True
