exp_id,run_id,algorithm,config_hash,seed,n_train_episodes,train_wall_time_s,stop_reason,first_success_episode,post_convergence_std,cum_env_steps,probe_max_q,eval_mean_reward,eval_std_reward,eval_median_reward,eval_mean_steps,eval_median_steps,eval_success_rate,eval_mean_illegal,eval_mean_episode_seconds,memory_bytes,alpha,gamma,exploration,decay_type,decay_frac,epsilon_decay,reward_shaping,episodes_to_threshold,converged
e4,q_learning__1db614f3__s42,q_learning,1db614f3,42,15000,19.34029128899965,completed,50,3.362974873530874,321645,"[-0.7073129853273705, -1.390897247912065, -2.0085782793346647, -2.4500839157453744, -2.3467936826198748, -1.8635885122985942, -0.836855964806661, 0.19856006557788747, 0.9432549979775607, 1.8164540763781438, 2.5139283415080556, 2.9745867312620806, 3.642302867078547, 4.177831118433974, 4.80235550120701, 5.18310139291547, 5.44045703048956, 6.025647893958387, 6.389001239790471, 6.7023987606587605, 6.9352696553146735, 7.302960157249131, 7.445209807360811, 7.642030546324825, 7.792543241715411, 7.977741886248273, 8.255485064982071, 8.391614655949754, 8.558894812793797, 8.705969449912676, 8.749845631068334, 8.844140153625208, 8.918378996161035, 9.031265714632786, 9.066934911587186, 9.09213370187351, 9.277732845027378, 9.335357333861827, 9.503684837517467, 9.583624320493552, 9.656691582759402, 9.685655654285538, 9.71209541890848, 9.785376400291995, 9.86853289888927, 9.964193958756745, 9.982544496592572, 10.026240594076855, 10.04714310629873, 10.087596843047484, 10.11726165119737, 10.138748239439032, 10.172537824730236, 10.221851521111391, 10.223533859311939, 10.22497216011013, 10.253411718240265, 10.322666596322192, 10.340986056324205, 10.364446547794103, 10.409953166949188, 10.434580302709255, 10.49192068094208, 10.521718134877004, 10.533694141617095, 10.54707194456193, 10.562937186500806, 10.57237236530439, 10.580509992417415, 10.58446633242407, 10.611229092423702, 10.615369959842846, 10.621714453778404, 10.630006121728574, 10.635011225676841, 10.698496964413215, 10.706070238676643, 10.717989404380848, 10.729417430657984, 10.731839939082528, 10.73391776511831, 10.737685662220509, 10.765676234686916, 10.772589274068503, 10.777535449154842, 10.779761864338786, 10.78435706667163, 10.79129943657452, 10.795462257848271, 10.802605893789035, 10.804015749907972, 10.807457377908381, 10.809921901353592, 10.82986392372667, 10.84756032232688, 10.851729002002326, 10.85473165210074, 10.86918176969643, 10.871605032263407, 10.876524819545724, 10.87911831123835, 10.880821131287219, 10.882561857117604, 10.88260132287137, 10.89579324901425, 10.89614840162643, 10.907410671368513, 10.908245123380409, 10.918194763365488, 10.92597428928866, 10.933691798308509, 10.934617079563704, 10.940902329618133, 10.946702515522851, 10.946852831932954, 10.951656067840633, 10.952109044640048, 10.952114862638808, 10.95292729058401, 10.953386065812047, 10.953882189016468, 10.95433096866501, 10.95489165961761, 10.958547117403327, 10.959600352700855, 10.959803109922973, 10.960255612773123, 10.965754823165918, 10.965938910376899, 10.966232913180304, 10.966260171440778, 10.96668120424419, 10.966690025896515, 10.967544826777106, 10.96983562865214, 10.973082858821448, 10.973349695944453, 10.973659500568832, 10.973832226135192, 10.974261063058092, 10.97437862590441, 10.974494422460442, 10.974540967301904, 10.974617572956804, 10.976001808425712, 10.977067293938843, 10.977194087440648, 10.977488471851002, 10.977506803752199, 10.977522501172176]",8.05,2.491906089642216,8.0,12.95,13.0,1.0,0.0,0.0006368089999705262,24000,0.15,0.99,epsilon_greedy,exp,0.6,0.9995,naive_distance,1400,True
e4,q_learning__1db614f3__s43,q_learning,1db614f3,43,15000,20.07829178999964,completed,22,2.7050138631807417,320823,"[-0.6152988055106012, -1.3625034546870343, -2.0669200547626656, -2.417122112857266, -1.7583102380415676, -1.241751843808135, -0.4674312714232261, 0.22484518740702628, 1.0153895802276984, 1.830294171020675, 2.448852443786946, 3.1499528376281853, 3.6424433960250786, 4.16716864789358, 4.840715669861156, 5.3191568233246285, 5.782880693516105, 6.282159480768569, 6.474566171101912, 6.778045019064681, 7.299233330282778, 7.538965572526977, 7.705889958878303, 7.909423696491371, 8.038788237891135, 8.409325920201317, 8.472411617778436, 8.77940317139328, 8.861298464217551, 9.006466805847005, 9.087896762970606, 9.15815644229619, 9.203146816493044, 9.276135941364448, 9.464705892644664, 9.501682563257834, 9.58515333758933, 9.678400924568946, 9.727512668148444, 9.750010637049177, 9.859132180521529, 9.884706174381003, 9.911182109695293, 9.95807202817493, 10.004131110462108, 10.113021903649773, 10.15188754596566, 10.198063961615027, 10.235515534825566, 10.289335099032217, 10.298077688649833, 10.310243708871097, 10.334419708272211, 10.36373860402753, 10.39641574846617, 10.448559455906494, 10.454811740561153, 10.486078907004913, 10.526611285403195, 10.529810734268189, 10.53439360328109, 10.547056362474699, 10.561295793622662, 10.56470552249357, 10.589302698018168, 10.645107423793768, 10.653613364697794, 10.688088056232692, 10.69130248695949, 10.694071888243526, 10.705054419936527, 10.7332516826192, 10.74078008833658, 10.745334572335974, 10.764484372165741, 10.770883566035216, 10.786729650379813, 10.809612969757994, 10.81120440225039, 10.811221968810377, 10.83948703443485, 10.839513903760833, 10.848552540655424, 10.875923343653307, 10.883760482365767, 10.89605583295855, 10.905228921103676, 10.905475352976747, 10.905490008730801, 10.909643598544841, 10.926238641080491, 10.927072145632762, 10.931275101603957, 10.937714202711563, 10.944540513342812, 10.950291946769413, 10.95040870287653, 10.952951106873003, 10.95303313246297, 10.958080399060092, 10.960640047067548, 10.967829402039756, 10.969728461026152, 10.97162739895987, 10.972036231282477, 10.97209430726389, 10.974262776883515, 10.976839034104593, 10.976921490929904, 10.982373658120814, 10.985747848905188, 10.992660698480144, 10.993018712133702, 10.996518031268266, 10.997907779444782, 11.000370961934268, 11.003664848045627, 11.007626600902904, 11.009431457249015, 11.009454533494965, 11.010458602670562, 11.010480831855624, 11.011339008478135, 11.014185686206792, 11.014764964239331, 11.01540749842719, 11.016735297853693, 11.017873298090489, 11.019296394551468, 11.02008382674466, 11.020608539554013, 11.021662799206087, 11.021855693112816, 11.023561857352309, 11.023567926481757, 11.023664958296644, 11.024446852341445, 11.02456218023875, 11.025379608997335, 11.025609057439986, 11.02590054678239, 11.025900662859211, 11.02745882759617, 11.027459000079359, 11.027938461337005, 11.028460257529987, 11.028460380645697, 11.028462603502094, 11.028641150276517, 11.028940852643533]",8.05,2.491906089642216,8.0,12.95,13.0,1.0,0.0,0.0005447839999760618,24000,0.15,0.99,epsilon_greedy,exp,0.6,0.9995,naive_distance,1600,True
e4,q_learning__1db614f3__s44,q_learning,1db614f3,44,15000,19.40569689199947,completed,45,3.6122569122364485,319612,"[-0.5845393431366386, -1.2982819322896166, -2.0039902489449757, -2.2196376097848134, -2.222715426122072, -1.9288292443770072, -0.9467295250189375, -0.31554495888423173, 0.5907544344724049, 1.3383525419288658, 2.258922908436028, 2.918111047237516, 3.5875935109618027, 4.076100503679599, 4.699608069976813, 5.225521194770833, 5.744176139301417, 6.0693856731079565, 6.272337011333152, 6.426133146472055, 6.643949596741104, 6.8121635703508465, 7.129721523561421, 7.3106714056824895, 7.549996376799527, 7.759913906387745, 7.935203190360621, 8.248685371956565, 8.418297861890748, 8.603315852624641, 8.733326370210229, 8.808217774336798, 9.023388008703517, 9.133951228654926, 9.29087461531474, 9.334790344661105, 9.425174585695238, 9.46325347882695, 9.54774653195813, 9.668345737299664, 9.736089057540276, 9.764802693054055, 9.80771080605899, 9.869222454660493, 9.93313530258634, 10.001174824176019, 10.047218018666134, 10.098023052192243, 10.099355984612794, 10.156359969250284, 10.170523364720749, 10.180830429834467, 10.237438564218056, 10.256123716240797, 10.256691836656623, 10.290977814669581, 10.306662714223913, 10.334405434914718, 10.413792848972236, 10.430097979208373, 10.465421387699212, 10.487376452736092, 10.503381122714762, 10.514655287913213, 10.530702679918408, 10.553456646213485, 10.55476546085552, 10.569724929355171, 10.58589767698481, 10.600291811771124, 10.619805280073845, 10.643263958800434, 10.66491301066906, 10.692715991450411, 10.699388880011803, 10.716364537558828, 10.732051828644432, 10.748303242157903, 10.759947626080324, 10.770076901936891, 10.774754571012151, 10.783249760558501, 10.791161597827971, 10.805209318887165, 10.817680363354196, 10.823680714472683, 10.825132582875424, 10.832985565609908, 10.841164659341722, 10.846460099412665, 10.856487185751297, 10.858702071160362, 10.862886873898644, 10.8647506281908, 10.86681178423262, 10.872025494015057, 10.87666167284164, 10.88095956524541, 10.885618925590721, 10.889206232499848, 10.892824069685743, 10.894976777220698, 10.895046628199049, 10.897946352274785, 10.902928091177893, 10.907545403442805, 10.909845931002659, 10.910681141634491, 10.913302938648508, 10.915297895174854, 10.915862636219632, 10.917281051512079, 10.920366607800451, 10.92148086791358, 10.921507123594084, 10.921792125557944, 10.922300105419625, 10.923563308062946, 10.925966961288374, 10.926795029096521, 10.927612037057582, 10.9278986418996, 10.9285521692998, 10.929960265128035, 10.931064085809263, 10.931691685018784, 10.93191512494559, 10.933808281762163, 10.93521822191145, 10.936205762918668, 10.936328165603774, 10.937381951154608, 10.93836518416112, 10.93851229425202, 10.93852653365746, 10.938695840117537, 10.939243476642178, 10.939282074163042, 10.939910277398374, 10.94036029691691, 10.940507910120774, 10.941348925056127, 10.941929861408228, 10.942770493535045, 10.943216258426604, 10.943897342730963, 10.944083537267847, 10.944404118688162, 10.944469738887149, 10.944840607085162]",8.05,2.491906089642216,8.0,12.95,13.0,1.0,0.0,0.0006220079999729932,24000,0.15,0.99,epsilon_greedy,exp,0.6,0.9995,naive_distance,1700,True
e4,q_learning__1db614f3__s45,q_learning,1db614f3,45,15000,19.789649492000535,completed,33,3.8428505045083394,319762,"[-0.661968260337234, -1.3053519831065497, -1.9426104201734826, -2.4952039527307908, -2.1351914018218108, -1.3550205182260817, -0.6016416305063832, 0.22884380666900092, 0.8890658158732155, 1.5440819703563329, 2.03715262565458, 2.913498321952217, 3.5071750488801277, 4.070995163691124, 4.550303001428422, 4.85548248661073, 5.621902254700891, 5.8743453213027506, 6.288729371977775, 6.437703688115557, 6.964729554496741, 7.194841603396628, 7.507644781474905, 7.695197672929084, 7.873418581589032, 8.077673817578148, 8.346484457167412, 8.455951332926452, 8.694451912732298, 8.818118234887173, 8.970188878458254, 9.051490166383932, 9.187473403707857, 9.245368901829469, 9.331931749368293, 9.394091211294661, 9.540023114141942, 9.607978093722961, 9.673711809415202, 9.704851135967296, 9.7180119861279, 9.777586903066714, 9.828548318014928, 9.904656660562956, 9.971229643627593, 10.009749461213913, 10.034010491884978, 10.122301197771328, 10.154264465513153, 10.201111855373307, 10.205840831276658, 10.20783309713998, 10.25703662437443, 10.335185143246163, 10.379825967286397, 10.413753781679596, 10.429778892946437, 10.430730644104564, 10.453968264314076, 10.487164907913531, 10.511095552657531, 10.514864864596715, 10.538527693992286, 10.54394268954274, 10.562161125151226, 10.582872039838112, 10.594725028054338, 10.600197390288251, 10.600748412582881, 10.61444114336743, 10.619163446053118, 10.654393196162719, 10.666702482418692, 10.675302426398238, 10.698869270562442, 10.707112587101644, 10.718414035699338, 10.718766624088799, 10.728383789036108, 10.729974505163659, 10.734994355050116, 10.741719695978183, 10.75039714580346, 10.762441770686042, 10.768859096988571, 10.777845994814365, 10.780879069184637, 10.78559353486685, 10.78570601734733, 10.792298231377362, 10.792675486024141, 10.797590069441345, 10.801987266839053, 10.803453158931159, 10.80406998253252, 10.80499972792011, 10.811608395061983, 10.811910814137606, 10.820804249473108, 10.821125018354396, 10.824623430381319, 10.827722688649215, 10.8310690040857, 10.834142745111418, 10.835296373224272, 10.837958954991791, 10.837971992634241, 10.83845826012667, 10.840504063260841, 10.842075730547446, 10.842504572149306, 10.845610951372315, 10.846556334292302, 10.847134333699804, 10.85044332344716, 10.85111055985425, 10.8512642718638, 10.85233072179644, 10.853795130654069, 10.855615534979197, 10.855846772118886, 10.856211357620646, 10.85652966278535, 10.857296471574957, 10.858523621930269, 10.85860370731429, 10.859230932016958, 10.859449224171003, 10.860514151515007, 10.86089435186683, 10.861144803969182, 10.861805216127685, 10.861824666651554, 10.862159111725305, 10.862388374949939, 10.863166223075769, 10.863262775538086, 10.863372568450234, 10.863537443015838, 10.86360394021455, 10.86365219279131, 10.863777159930455, 10.864067522181081, 10.864067573110836, 10.864117489872028, 10.864257617763323, 10.864287119493754, 10.864379064101339, 10.865394174719379, 10.865394233597751]",8.05,2.491906089642216,8.0,12.95,13.0,1.0,0.0,0.00041325500002130865,24000,0.15,0.99,epsilon_greedy,exp,0.6,0.9995,naive_distance,1100,True
e4,q_learning__1db614f3__s46,q_learning,1db614f3,46,15000,19.348006386000634,completed,12,4.35265436257004,319417,"[-0.7137531403583586, -1.4182254921787696, -1.9957395472285024, -2.4816377021387135, -2.5641613331244684, -1.974282156641811, -1.1697273255856577, -0.26158188321172315, 0.7999869434134887, 1.4151680498276658, 2.266680993579177, 2.731340797998166, 3.33241138667167, 4.124583546084674, 4.783890489085173, 5.293467011696759, 5.8526447004076525, 6.100983951414949, 6.23822454096088, 6.637203127882146, 6.982637489387028, 7.3430824846719895, 7.660152481979689, 7.955912538908109, 8.249906721365564, 8.453643925941657, 8.520960363952858, 8.679141540108796, 8.807697330040083, 8.884238966535834, 8.999789796965576, 9.253030559634588, 9.295068974872605, 9.358249406397185, 9.419919771254163, 9.46398473450234, 9.586084041004263, 9.68312909612152, 9.692653599699335, 9.744053494499754, 9.889811508603762, 9.914785549857218, 9.927103165589806, 9.987119351921173, 10.023213471891276, 10.031847567776621, 10.057746450441114, 10.116102180524848, 10.168486788040019, 10.233684577694179, 10.235724695026859, 10.255628999205749, 10.313202198624488, 10.318347028078836, 10.340206351162154, 10.355687864563965, 10.376149071488468, 10.433744858313169, 10.460148131196004, 10.483358711781616, 10.49326850699377, 10.504015854380507, 10.539834261854802, 10.566564796819053, 10.574477236348885, 10.610883222246397, 10.620222017454081, 10.63048013160346, 10.666395366852688, 10.694346741193451, 10.694843366663342, 10.701987297077098, 10.732062665704131, 10.735919969277814, 10.739427075353976, 10.749359995740626, 10.763083796005368, 10.774843115490846, 10.785400631941952, 10.796169536814057, 10.796293443142025, 10.79843273564588, 10.801212644085448, 10.80873982494516, 10.820306468893715, 10.822710603409636, 10.822854945526618, 10.828616456007877, 10.829706980318948, 10.835229057475857, 10.839107783721493, 10.85023240711397, 10.856788173850424, 10.860497419969384, 10.86060414720141, 10.864903085339956, 10.86760821273601, 10.86979619023239, 10.872906112806628, 10.873989754064313, 10.87555023236958, 10.876975821523198, 10.880344061263715, 10.882311493229691, 10.883433612046769, 10.886541767750765, 10.888274476543524, 10.888473127054368, 10.891380831271679, 10.893305491165163, 10.893878366068831, 10.89500009392544, 10.897039042785947, 10.897040690142612, 10.897901447310923, 10.898849803084705, 10.90053951393452, 10.901451459741283, 10.901451556732168, 10.901454309412525, 10.90301764249211, 10.903147320998135, 10.903439515767193, 10.904249160956256, 10.905092209489753, 10.90509295342338, 10.907295336287284, 10.907870151519857, 10.908190365377921, 10.908228067168539, 10.90941820869538, 10.910100115727094, 10.911032442581385, 10.911690284434997, 10.912407173021624, 10.913242302108918, 10.91430067926209, 10.914826853674125, 10.914888251148593, 10.9148901313011, 10.914978762942322, 10.9149803509476, 10.9157334047527, 10.916277444160265, 10.916571260481216, 10.917498341393665, 10.918050482922364, 10.91840117241832, 10.918463868608331, 10.918599846558289]",8.05,2.491906089642216,8.0,12.95,13.0,1.0,0.0,0.0004055219899964868,24000,0.15,0.99,epsilon_greedy,exp,0.6,0.9995,naive_distance,1400,True
e4,q_learning__1db614f3__s47,q_learning,1db614f3,47,15000,19.34219078499882,completed,13,2.8944602260179706,319814,"[-0.6201318770699291, -1.4406979804264577, -2.0824327242715985, -2.5400641844019516, -2.563420252906709, -2.133444647709685, -1.5960879932516727, -0.9838287837589853, -0.5067881326762397, 0.23662889469409296, 1.1070001608894382, 1.62850216545798, 2.562670069560539, 3.323199837140202, 3.6399398089942974, 4.358847453300945, 4.792918477324617, 5.215327893365773, 5.621182984121012, 6.0058016702877035, 6.33002486842739, 6.697205470751988, 7.029195676774525, 7.249463529204096, 7.4104634807822345, 7.70599183844164, 7.838277113724923, 7.943498869049868, 8.069765103858243, 8.116399213517777, 8.303230343454652, 8.47443135909368, 8.595648160978072, 8.759058901915177, 8.948695713726595, 9.051436469596107, 9.144897805179255, 9.256431219375893, 9.378461255278209, 9.462639704182356, 9.583542731346025, 9.61389921748497, 9.745135714528194, 9.776814958364803, 9.852557659023459, 9.856464078498638, 9.965866238523432, 10.084605691722405, 10.142651150346023, 10.175367754902329, 10.236879658192914, 10.27246115765278, 10.288047295308344, 10.304639162102871, 10.354334432902313, 10.410109929167914, 10.43784573846912, 10.447904257147135, 10.465949573698841, 10.475743222859725, 10.510698588658295, 10.517764176696808, 10.529782820351725, 10.53917013111432, 10.56833244073018, 10.576452648887493, 10.57787058256187, 10.587242690029283, 10.60185568761866, 10.610216296853883, 10.623954150198324, 10.641013750495086, 10.648726972593574, 10.663414048432836, 10.664245018681031, 10.672674390126577, 10.678684161306673, 10.680654293306201, 10.690330701353622, 10.693132802620868, 10.70025486478353, 10.708025107163651, 10.717672674156683, 10.718177484859638, 10.720811554191032, 10.720950827413475, 10.721336793983296, 10.725619521411057, 10.731230911879106, 10.733987541719776, 10.744258390426191, 10.746668128146379, 10.750647788962711, 10.752550235216402, 10.753013266648747, 10.756635138195955, 10.761164311190855, 10.761876009088885, 10.76462776642578, 10.768542071329966, 10.769053372207939, 10.769359092163253, 10.770918132153277, 10.774001539378213, 10.775109451069074, 10.776374436161557, 10.777489470578505, 10.779828418162456, 10.783258720967002, 10.78457276614653, 10.786207561246176, 10.788451919387674, 10.788872821984079, 10.789538486461923, 10.793527460610653, 10.794758051385344, 10.795503141093098, 10.796603249998224, 10.797421236932378, 10.797566106553337, 10.799858562457741, 10.79993867881581, 10.800933299791003, 10.801084023033258, 10.803011536320595, 10.803278560604694, 10.80460908142765, 10.805118695287463, 10.805274047401063, 10.805453850353075, 10.806491965304321, 10.806693685100429, 10.80731526185645, 10.807376336299038, 10.807498937385665, 10.80761822678941, 10.807856302555049, 10.80804387333804, 10.80823803279759, 10.808510137369362, 10.8088089835328, 10.809709899163938, 10.809905170596325, 10.810668713895991, 10.810857338169049, 10.811097366199046, 10.811214759925955, 10.81127568278392, 10.81140173528654, 10.81146320970982]",8.05,2.491906089642216,8.0,12.95,13.0,1.0,0.0,0.00033335800009808735,24000,0.15,0.99,epsilon_greedy,exp,0.6,0.9995,naive_distance,1700,True
e4,q_learning__1db614f3__s48,q_learning,1db614f3,48,15000,19.574991182000304,completed,1,2.8492806109613005,318668,"[-0.48756049988514377, -1.1928868007997409, -1.8802247029748254, -2.478544004373165, -2.6896208870772798, -2.1659484690573354, -1.6014807405497067, -0.9053729596487539, -0.10966062102214913, 0.8098041112688243, 1.4972137372230947, 2.2127138941508493, 2.9417141914504223, 3.3898074104734137, 4.0345876921698745, 4.688116847426127, 5.333564326872861, 5.783440895422074, 6.20323986363215, 6.475947697077334, 6.847153416546714, 7.126687708332377, 7.2958307917649545, 7.502731834467651, 7.702785123122931, 7.989196428788489, 8.124943057582762, 8.368611093219984, 8.55158189817073, 8.611814279160086, 8.764465956736613, 8.87503560716254, 9.014743435435294, 9.158006160786611, 9.292440048468826, 9.331203095897404, 9.429289122954609, 9.515494867808636, 9.587241679038673, 9.640408419672122, 9.70245748017124, 9.712596333187188, 9.77461743210346, 9.825064934964754, 9.870953977009373, 9.95130963475339, 9.98637047871718, 10.021571690841617, 10.028152266374773, 10.066606937524877, 10.12835556736612, 10.139713329936278, 10.183843425077123, 10.222392423801688, 10.235956589443681, 10.2827270307016, 10.304636509724032, 10.357578709117751, 10.371803979943676, 10.384274195841044, 10.389679324910482, 10.405925149682007, 10.424122714430219, 10.445635385093867, 10.456118695647081, 10.458645499505435, 10.459433807838433, 10.462757772741577, 10.46994007246057, 10.476738054762853, 10.496755872622371, 10.50509538210211, 10.507057969768692, 10.5108605959759, 10.528909983570909, 10.531396387762767, 10.53531040588026, 10.541566671485421, 10.546814291015654, 10.550509884460267, 10.5755631307961, 10.578687043862704, 10.594985864597312, 10.597557382435678, 10.599996242691047, 10.600097977521328, 10.600777755210645, 10.60602844195918, 10.614977220154673, 10.616686733143002, 10.616742566453722, 10.617546584702133, 10.621001017604021, 10.624174206098592, 10.627675775035188, 10.629116938089895, 10.636968667029949, 10.642313905069464, 10.645309354685654, 10.646996643539948, 10.647614090074578, 10.649766244509003, 10.650560085495288, 10.656629037906344, 10.657115793364147, 10.659252830998456, 10.663313318791772, 10.666034250728748, 10.667096580337573, 10.667324800748167, 10.669797778844984, 10.673106212515375, 10.673400222458111, 10.673981924750548, 10.679592644645007, 10.679595188203791, 10.68153110838817, 10.683168653631677, 10.684820140898095, 10.685773632585143, 10.68592604564739, 10.688601725750262, 10.689865303000188, 10.691704504415041, 10.69407279002443, 10.694553680630783, 10.694738883243478, 10.694739021784683, 10.69489834371914, 10.695274308453174, 10.696593294520072, 10.697740138795458, 10.697995653258356, 10.699112681304776, 10.70038778666068, 10.701157265782923, 10.702313836828976, 10.702435162270477, 10.70308744900539, 10.703633164879994, 10.704137317778121, 10.704262313366675, 10.704661890414865, 10.70481950470556, 10.705076892423486, 10.705141915872913, 10.70567658120549, 10.705773523441568, 10.705773944430165, 10.706195029858888]",8.05,2.491906089642216,8.0,12.95,13.0,1.0,0.0,0.00038301300011880815,24000,0.15,0.99,epsilon_greedy,exp,0.6,0.9995,naive_distance,1300,True
e4,q_learning__1db614f3__s49,q_learning,1db614f3,49,15000,19.586285075998603,completed,23,3.8424471369167854,321719,"[-0.6525474935548107, -1.3112203072002344, -1.9842979294618266, -2.3650901997340026, -2.6100632212802912, -2.500318311298673, -2.003677061275253, -1.0938484615284014, -0.19916173869511325, 0.4449069537527377, 1.1177580527324962, 2.006626472572928, 2.951208508561208, 3.564786199722578, 4.015792530104955, 4.4784530915235115, 4.705052496688665, 5.0697931129414, 5.44946171090462, 5.905088192095715, 6.2590552330103435, 6.607248699978942, 7.0766182526128185, 7.346872986097379, 7.465705350042742, 7.810744069750309, 8.019290636970675, 8.102087808310177, 8.411594316311959, 8.595778583070285, 8.811399586283038, 8.941731790294059, 8.996805423715557, 9.139776651564876, 9.149544526745325, 9.215146268510294, 9.310809304290524, 9.341554808287048, 9.367576390981649, 9.432380365012317, 9.494113505591692, 9.542708282596363, 9.568718236987035, 9.58970763040132, 9.64856568365629, 9.713413344174452, 9.748013391040612, 9.81854647077523, 9.856014818880757, 9.894796979157238, 9.958841037978459, 10.00185405819895, 10.03088691842937, 10.04877393365866, 10.065815158709249, 10.07954618303449, 10.128116573913672, 10.193152134581162, 10.240621075683642, 10.261289364890645, 10.272499306117675, 10.291108817989407, 10.301056851041599, 10.36013373129756, 10.383238932925645, 10.386177215513646, 10.410252106110855, 10.41073104724764, 10.429549806240107, 10.43773855513251, 10.442773400847118, 10.46815701616261, 10.484544576171617, 10.49966449157933, 10.504633195083604, 10.521037278949047, 10.530835769643042, 10.540076083274398, 10.545993375912383, 10.548011543974155, 10.551923581541347, 10.55554420867705, 10.559096295034164, 10.57505377892585, 10.584886937435023, 10.58734581937164, 10.590768592600694, 10.596710747170643, 10.598639274073374, 10.60379225446595, 10.607406051107892, 10.60882458116638, 10.615615631313364, 10.616440575066441, 10.617331536238593, 10.617342443566551, 10.617854780130136, 10.619341368036197, 10.6239440568385, 10.625604679690612, 10.62731294833793, 10.630788788427711, 10.631098674525326, 10.634662987519492, 10.636553921547987, 10.636795210650737, 10.637665809451033, 10.640723249659045, 10.642758111937662, 10.643180231178146, 10.645999785097217, 10.647822243506544, 10.650894520225377, 10.651113172052488, 10.653845264034743, 10.656011254274668, 10.656744241015282, 10.658304181019961, 10.659872581481405, 10.659874188514557, 10.66103537513089, 10.662590854818921, 10.662748751588742, 10.664021494184736, 10.664169747008133, 10.664959515450898, 10.665987531646346, 10.66657713873779, 10.666735819335315, 10.667393029850814, 10.668451486742294, 10.669912838876623, 10.671290154124973, 10.67198320072187, 10.672518022392945, 10.672769743910557, 10.673664170710728, 10.67417085945239, 10.674795681224824, 10.675344644750197, 10.675425198241491, 10.675556596009024, 10.676100411802164, 10.676175310200316, 10.676725431780053, 10.676833032440069, 10.677534195667617, 10.67763822919183, 10.677785497318636, 10.678147718772633]",8.05,2.491906089642216,8.0,12.95,13.0,1.0,0.0,0.0003472959998725855,24000,0.15,0.99,epsilon_greedy,exp,0.6,0.9995,naive_distance,1200,True
e4,q_learning__1db614f3__s50,q_learning,1db614f3,50,15000,20.279195371998867,completed,27,3.504054794092124,321506,"[-0.6376182127312636, -1.292795721271636, -2.0356346543708854, -2.5284712918124144, -2.4944347126398068, -1.9879683048766537, -1.2561095236067124, -0.28058713197029417, 0.7724510748705893, 1.537818433702411, 2.452164746803691, 3.1444140669914913, 3.790057397110443, 4.535359240733623, 4.902904637264095, 5.403093527945477, 5.714036238604119, 6.137421630519158, 6.439084678932179, 6.767742473823659, 7.13305494603304, 7.345721045942356, 7.542508397354704, 7.86227244523898, 8.052924288267825, 8.343367297482153, 8.456803770650176, 8.682040010161378, 8.812416298977212, 9.034111271898572, 9.120248507002572, 9.273250828428306, 9.31268489638111, 9.404728954171723, 9.448622192333396, 9.474458579114616, 9.503038125095202, 9.546029055892445, 9.605679856224022, 9.625760476797831, 9.683386058981908, 9.706612518916081, 9.743256089487204, 9.809004162866454, 9.863736136236303, 9.905047225966829, 9.937742281252676, 10.023809203378788, 10.067784384097203, 10.08661870478186, 10.127946176451982, 10.155179323162377, 10.219543464416635, 10.25345167408323, 10.292464321951478, 10.308211422056331, 10.327272092230565, 10.344309413371041, 10.376064960981262, 10.38500715304397, 10.405286601565685, 10.412335793475744, 10.421280389699433, 10.479601806536268, 10.484312709705206, 10.489853722641735, 10.497419185296204, 10.513100669446736, 10.517827941262631, 10.53387496385984, 10.541143983409642, 10.557148605153005, 10.564803966701414, 10.57518564029413, 10.602624577412131, 10.61452999652446, 10.623031693858035, 10.62733472629971, 10.63369278209533, 10.640996701453854, 10.649224488161227, 10.65384081086113, 10.653887108450103, 10.66122461464523, 10.664500728168784, 10.667696571281569, 10.671251812332, 10.672895429052552, 10.673452249873012, 10.676158250799672, 10.67710840712341, 10.677931087552269, 10.67901789025794, 10.679964755531604, 10.680111193922157, 10.680919631857927, 10.684868844620022, 10.688454540987212, 10.691868420123853, 10.691895947637876, 10.692743742305147, 10.697482213254874, 10.697839568112844, 10.699732183850893, 10.702264450864257, 10.70642815327321, 10.706428172527698, 10.710973980047063, 10.713228677475886, 10.715648809679461, 10.718698243663539, 10.721123315611406, 10.724348492045033, 10.724934684724554, 10.725163899471847, 10.725566529583682, 10.72572409230571, 10.726940338632012, 10.728021975932034, 10.730836744662666, 10.730837325388356, 10.73234766897432, 10.732538919113699, 10.733485869645897, 10.734548332962184, 10.73564150586179, 10.73574330318652, 10.736647057182333, 10.737937562951165, 10.738437184485438, 10.739770000153118, 10.740805659801298, 10.740905270927293, 10.74188126582005, 10.742456118610018, 10.742482494662521, 10.742510323229709, 10.743395596786609, 10.743406614656196, 10.744044534626621, 10.744893637384328, 10.74505116701412, 10.745051281977139, 10.745466783187627, 10.746015377200985, 10.746349622878643, 10.746750080190996, 10.746863979480624, 10.74778409633714, 10.747879813449169]",8.05,2.491906089642216,8.0,12.95,13.0,1.0,0.0,0.000364897990020836,24000,0.15,0.99,epsilon_greedy,exp,0.6,0.9995,naive_distance,1300,True
e4,q_learning__1db614f3__s51,q_learning,1db614f3,51,15000,20.038059069000155,completed,9,3.253367486159533,320900,"[-0.5523615438218911, -1.2307464765957445, -2.0189808245487755, -2.294719170440722, -2.3359506595862998, -1.5793103101898385, -1.0443369176306705, -0.1046092102722534, 0.7051463254849312, 1.2640560036386408, 2.1159147904027766, 2.603003580493944, 3.166458372357456, 3.8139608789390422, 4.273596254583509, 4.75885756140532, 5.151878595861735, 5.518835745963645, 5.790752378452193, 6.058994082918785, 6.451767147525305, 6.725813469622008, 6.9892594611248935, 7.253857827527639, 7.506315897385361, 7.87875138198633, 8.086940793228795, 8.24812224389102, 8.333560737516027, 8.473806312398398, 8.567798281772212, 8.648810115012388, 8.70498711948878, 8.766957157544708, 8.989455723808867, 9.063458981418288, 9.112201003290368, 9.162061212480069, 9.248611063502217, 9.322845508623567, 9.374163652643482, 9.408921460912206, 9.477644185670746, 9.513037394902279, 9.593377139439147, 9.66040913583569, 9.681769714973546, 9.703498906196565, 9.731143405698434, 9.775476274287211, 9.827297976479775, 9.860121163997684, 9.972088864105823, 9.981548022961032, 10.067261058637643, 10.088289369855229, 10.128587376359512, 10.169855689647573, 10.204607901659251, 10.227328107186445, 10.272061770059338, 10.297567194318695, 10.300294435129093, 10.31671460632203, 10.327460133323742, 10.353582888870603, 10.378100454626054, 10.40066515225998, 10.445646058651569, 10.458741461199539, 10.473818111819439, 10.492380643054101, 10.496773059010968, 10.510990198551294, 10.515591198485902, 10.525757248321488, 10.53926188947227, 10.540538798341652, 10.551594080645256, 10.56157765452669, 10.57373223630885, 10.580856765831523, 10.582567406004923, 10.587079541948766, 10.589527397561387, 10.598769669041674, 10.600322744021508, 10.617779340217647, 10.63103335126993, 10.633545894346906, 10.63625991253398, 10.64379601204615, 10.64565263750736, 10.651235824649167, 10.65223347509061, 10.653814130687042, 10.660068730881498, 10.660825012460416, 10.662273218803154, 10.66815089292357, 10.671831585402241, 10.673967043432459, 10.681206918728225, 10.682156240283051, 10.682343961542237, 10.683458439990606, 10.685201140684795, 10.68664229855176, 10.692828741715402, 10.695905912862708, 10.699663567000366, 10.700940401997638, 10.702893996760483, 10.706541576021984, 10.706899370200517, 10.708011083644475, 10.708462327546961, 10.70974396853305, 10.710212571905068, 10.711013202712776, 10.712471144656734, 10.713959877661901, 10.715142263382953, 10.717316869512509, 10.718176365526812, 10.719078018673766, 10.719602586029083, 10.720398231886092, 10.720588288732491, 10.721796026699735, 10.72199827166031, 10.723180538754614, 10.723810876745246, 10.72416429545294, 10.72470626406214, 10.725220107098853, 10.726139632628973, 10.726571243356771, 10.72733902706501, 10.727445772276523, 10.727516081679344, 10.72773097736061, 10.727960440328026, 10.728111206912697, 10.728296229513937, 10.7283647301196, 10.728505834878947, 10.728692394374375, 10.728824395070824, 10.729038094263409]",8.05,2.491906089642216,8.0,12.95,13.0,1.0,0.0,0.00042678100004195585,24000,0.15,0.99,epsilon_greedy,exp,0.6,0.9995,naive_distance,1400,True
e4,q_learning__4d2b09bf__s42,q_learning,4d2b09bf,42,15000,20.74066626000058,completed,21,3.498271001509174,333460,"[-0.10948825073882494, -0.6863223666155662, -1.4857513460710652, -2.4227912549481707, -2.9377650214662867, -2.423695882470137, -1.9702664665636271, -1.351698984435242, -0.8455105851326, -0.21107912708647436, 0.20396116271410883, 1.0771736348505212, 1.9434158160001735, 2.564746493891515, 3.253230794019574, 3.8967822899089906, 4.473352946869497, 5.0355648037086365, 5.456608174098716, 5.984294637560667, 6.465387162463496, 6.831914212937402, 7.21041706102118, 7.389647592639049, 7.592101122934201, 7.7249783051444, 7.8672398756615145, 7.962657749692838, 8.151160456842009, 8.304191337152092, 8.37065632290957, 8.460790670546734, 8.64403840751162, 8.650659530143228, 8.686804147133206, 8.696771434964107, 8.723071737480048, 8.76952059972211, 8.899115315479246, 9.022650790493692, 9.066444926234764, 9.085286384521863, 9.092446339649987, 9.096822330739148, 9.189907471086396, 9.24805489712877, 9.253648277629354, 9.299790017611832, 9.385561317676032, 9.390066241630414, 9.473501765706677, 9.517409001111693, 9.594873434604851, 9.669688459262971, 9.72297501744122, 9.78485835306115, 9.819827370636606, 9.902762404911266, 9.996376765684072, 10.031941435381658, 10.053826291596177, 10.093620079597798, 10.13560839426424, 10.141784003894603, 10.157427844010149, 10.16525780667175, 10.177865210090696, 10.193931298759708, 10.200736024855097, 10.23329158623076, 10.233613844558613, 10.250687953666128, 10.261747202802365, 10.280383204362694, 10.290796860142867, 10.297423981030905, 10.307646132745726, 10.32905085348245, 10.347969206256213, 10.361213091532044, 10.374850897443288, 10.38777554587932, 10.401660082982081, 10.403028306288867, 10.419037419579729, 10.42081260273827, 10.424289467968599, 10.43061670523038, 10.432063090577351, 10.432362627154951, 10.439295289544434, 10.441011918630602, 10.448236762603399, 10.452811698492818, 10.456952419798723, 10.462812605829647, 10.469755116989562, 10.470346390065187, 10.472904697266747, 10.476893905949428, 10.479445329610378, 10.480290523788053, 10.480300351144262, 10.480602841326634, 10.481432982492636, 10.486296421491874, 10.489901985362817, 10.491701176840353, 10.495883396679819, 10.501236523572297, 10.50620896671673, 10.507952569796105, 10.512182984553155, 10.512456321944287, 10.514925548265571, 10.516100493330189, 10.517209176976316, 10.519677036864291, 10.521818075493021, 10.522739539711658, 10.523821693466722, 10.525154279312401, 10.525263249804652, 10.527548846915785, 10.528125729299111, 10.53286515943699, 10.533352220496305, 10.533684307780387, 10.534125118670909, 10.534634760416518, 10.534954265529914, 10.535069365238883, 10.535333346353752, 10.53634956375748, 10.536349843133527, 10.536419571335845, 10.536728679682502, 10.538480546579093, 10.53853941847342, 10.538596749252946, 10.539161118629492, 10.53971082717223, 10.539752676884802, 10.540122656914518, 10.540593137195307, 10.540781426427424, 10.54087731161281, 10.540878552916196, 10.54104676066515, 10.541687539950795]",8.05,2.491906089642216,8.0,12.95,13.0,1.0,0.0,0.0003599970000141184,24000,0.15,0.99,epsilon_greedy,exp,0.6,0.9995,potential,1500,True
e4,q_learning__4d2b09bf__s43,q_learning,4d2b09bf,43,15000,20.523167256000306,completed,22,2.984543516184678,331492,"[-0.2010149094552477, -0.6873148498049843, -1.4491409743020511, -2.2099093391766376, -2.8150329887844228, -2.6638069948377088, -2.016717628001722, -1.2214298486211772, -0.5950106934542113, -0.2490188026380946, 0.5749896695997696, 1.0126619663334486, 1.5828439275112687, 2.025234389539003, 2.699993841023209, 3.3693185970832005, 3.7197628199483623, 4.2055399001078335, 4.5870887234141176, 5.020397086129818, 5.515363723052363, 5.916383033263618, 6.315250179351279, 6.523427865503149, 6.888177602588022, 7.227571002597658, 7.426813687749797, 7.539173207037972, 7.75350879674337, 7.868996684707889, 8.017577971057305, 8.093284096323847, 8.233929961646728, 8.465919982860834, 8.592077224424063, 8.646325153637285, 8.785256053700568, 8.876125333890476, 8.948692728592835, 9.018750170721072, 9.0429255904069, 9.15418325993172, 9.181374946735671, 9.234468714680656, 9.264006923661528, 9.349572668542386, 9.459636772952706, 9.495141354232855, 9.539127833482878, 9.600825313993369, 9.652193517544324, 9.709958303833561, 9.736200900649804, 9.749532819386339, 9.784566743981406, 9.836656587446337, 9.8877888406291, 9.888159414249726, 9.94035519489254, 9.983591165139346, 9.989507263477115, 10.029370918625297, 10.0629665586001, 10.069979312982115, 10.071424958529375, 10.097035385089006, 10.124072569909915, 10.15375214195925, 10.185365624733276, 10.198827095934798, 10.21507038132291, 10.23163514639228, 10.24100528014396, 10.241309114535744, 10.254417699148679, 10.258799575420712, 10.265695253489564, 10.280966536773244, 10.285665537150516, 10.288331280106439, 10.288349030092217, 10.294325091762937, 10.303988637811193, 10.308519708707347, 10.316706507135658, 10.32256871258184, 10.323854498896562, 10.330863946127675, 10.339574384585918, 10.344597123694665, 10.354753403817488, 10.357892386255138, 10.359215948247995, 10.361450363564247, 10.368751698706967, 10.375356791662059, 10.37619124659035, 10.377477957972845, 10.383933937982475, 10.391630971266661, 10.393580481821498, 10.395766597628697, 10.39756351787147, 10.400445113419156, 10.404143068045693, 10.406039286821233, 10.408694452555185, 10.41048424622394, 10.411582267102654, 10.415457319035507, 10.420812290594883, 10.424959720319244, 10.427444226540972, 10.429046127125481, 10.429186824985646, 10.434526409653035, 10.435708148728574, 10.436142983422355, 10.436143594318521, 10.437989762254432, 10.438196580402664, 10.441218091261414, 10.441983516177002, 10.442301138904828, 10.44297126567557, 10.442971823073195, 10.444266855421732, 10.445203605777843, 10.445663312144658, 10.44718030171121, 10.447180384484035, 10.447180857147547, 10.448068704527664, 10.448940925888975, 10.449817073092692, 10.45075256918795, 10.450950902659393, 10.4514005414256, 10.451986438045878, 10.452171253979092, 10.452827696116948, 10.45326189917978, 10.453387167188142, 10.453560032495096, 10.45358877933607, 10.453633963253766, 10.453633964866105, 10.453850045341737, 10.4540336959301, 10.454095080412912]",8.05,2.491906089642216,8.0,12.95,13.0,1.0,0.0,0.0003541419999419304,24000,0.15,0.99,epsilon_greedy,exp,0.6,0.9995,potential,1300,True
e4,q_learning__4d2b09bf__s44,q_learning,4d2b09bf,44,15000,20.138151021999875,completed,22,3.4942238050817527,332720,"[-0.1985294945799382, -0.7612888282257891, -1.7094557967415038, -2.7965285217015867, -3.6186920790517827, -3.686579487774268, -3.4171260654670577, -2.645735743441034, -1.713002342257326, -0.9857296595433576, -0.2637226418275383, 0.2619402312557416, 1.1430325482897308, 1.8631329191253871, 2.5322910225997854, 2.9414393257731617, 3.5598318922408927, 3.874596404886022, 4.2767980145401365, 4.79317792990671, 5.056806622017207, 5.320688408376112, 5.5700084288914775, 5.857841481955015, 6.191762695510791, 6.477382462185464, 6.696825032921353, 6.965446241748505, 7.328205380437719, 7.4323793457021035, 7.605030884247975, 7.7340130036361545, 7.782671098715269, 8.039365804487668, 8.178785999906792, 8.254397665510634, 8.341175329539388, 8.391729018448107, 8.579627492732035, 8.703450576780336, 8.767277314241365, 8.823565318166239, 8.893546696123055, 9.01275994344473, 9.029603797307029, 9.142172077138513, 9.191912431910648, 9.203608765143962, 9.271355412907543, 9.36481630992687, 9.409523205713871, 9.455934033325425, 9.549570825299877, 9.599031691066441, 9.650850340738064, 9.663699151843486, 9.689526107380317, 9.725760949311129, 9.78051775710401, 9.82484844591696, 9.845977802001247, 9.876221494591213, 9.894178223100452, 9.903093200422825, 9.92052483386953, 9.936972605937301, 9.94496537791105, 9.975074808959556, 9.996765437399318, 10.008853101494806, 10.055931126020427, 10.066776088701884, 10.069158532579973, 10.085608874845482, 10.09408992642953, 10.110200246785363, 10.118754807022563, 10.132835212986725, 10.144601408226304, 10.14709779771864, 10.167786159725154, 10.194672655574811, 10.195543090743177, 10.213931710464355, 10.228431500170647, 10.23303838746603, 10.238405406166306, 10.251671461428202, 10.255490189210763, 10.266207541923608, 10.27099555046211, 10.28590226019285, 10.299773276116595, 10.30161315972926, 10.308894626250737, 10.312470339066897, 10.314067994959276, 10.31649167373028, 10.322719908133172, 10.327520679372258, 10.331945832240574, 10.334891628944046, 10.337776084743824, 10.341837845213174, 10.342340467993179, 10.343985995513195, 10.345260789996887, 10.349760174279643, 10.351646974136935, 10.353439649711957, 10.356248786655323, 10.35626391411172, 10.356919056221946, 10.357146503922804, 10.357148261913954, 10.357497091342784, 10.357498183480065, 10.35753731030232, 10.35954974634094, 10.359891613295513, 10.36000725064898, 10.360010392255948, 10.360025245526556, 10.360671590802461, 10.361951017656027, 10.363155337666567, 10.363820837057753, 10.363828341841046, 10.364842396601412, 10.36570317199505, 10.367098075587846, 10.367583904045079, 10.368335354636573, 10.36856876646749, 10.368769196679796, 10.370020677422394, 10.371619869643903, 10.37187189635543, 10.37245201560192, 10.372485548970456, 10.372949969822695, 10.373403637724948, 10.373666891118981, 10.373967038917632, 10.374710435009384, 10.375437975038668, 10.37576792233876, 10.375800211346503, 10.376083798540737, 10.376169209894078]",8.05,2.491906089642216,8.0,12.95,13.0,1.0,0.0,0.00034089399994627454,24000,0.15,0.99,epsilon_greedy,exp,0.6,0.9995,potential,1700,True
e4,q_learning__4d2b09bf__s45,q_learning,4d2b09bf,45,15000,19.70093682299921,completed,30,3.472909443103865,328426,"[-0.188721998064084, -0.6745993423453592, -1.6090189445047558, -2.6457909644177198, -3.3522689328060835, -3.381488707919216, -2.3538689316475314, -1.726633806044657, -0.9226309685397689, -0.30258508185650823, 0.2827711066970489, 1.130551631753197, 1.5794489686543212, 2.2861449730520085, 2.595238995130098, 3.0866343135936374, 3.670685047242661, 4.197157344486669, 4.763192902141989, 5.343560710307399, 5.724276963930538, 6.015396149218396, 6.1830698395043955, 6.425750267597937, 6.708196245379378, 6.952830697848949, 7.290291808044198, 7.466963801645547, 7.744158170959432, 7.934235538054095, 8.106435129529407, 8.239043044719635, 8.357057933583366, 8.45720237176594, 8.62944646444315, 8.806280711816077, 8.923611985647664, 9.030767962194563, 9.052264055409726, 9.076008050055304, 9.151788633575269, 9.188817771280343, 9.203990653495925, 9.212719781968483, 9.272688376937657, 9.388182766122238, 9.404370813638788, 9.43688220612674, 9.474948479525292, 9.48478241123113, 9.541984611649262, 9.607015818957196, 9.63530193049554, 9.654990896354585, 9.676450446235473, 9.71284734763095, 9.73483768341968, 9.745705074356676, 9.789408185534251, 9.820284573259762, 9.839352626016023, 9.85862005838525, 9.882234735194045, 9.908391839517419, 9.921085998760649, 9.94805602994044, 9.967038836054881, 9.981003559379014, 9.983165282468482, 9.990495934328315, 9.994332241301423, 10.011457427929354, 10.022985354174123, 10.044492323636684, 10.052861051755137, 10.06438163567472, 10.071514304736832, 10.096748255642058, 10.102448563947432, 10.10796059873653, 10.108045668981969, 10.116089872835103, 10.121637534345808, 10.134211068860612, 10.134241388910802, 10.138910529720244, 10.142724883564266, 10.151836059180038, 10.157670153417113, 10.159225774675214, 10.171015512922917, 10.172196615188168, 10.175164073500023, 10.1767121669182, 10.179395368938506, 10.183368295112023, 10.184285493171966, 10.190992715082725, 10.192611043035535, 10.19358979293982, 10.195155408381815, 10.196867094269948, 10.198867943550436, 10.20087072465567, 10.201480004484985, 10.203757566911527, 10.205260942841386, 10.207348187301314, 10.209344885841018, 10.21055790488666, 10.21134682413214, 10.212280155335172, 10.213333230619618, 10.21467470240173, 10.215503152621515, 10.216753816000338, 10.217075467286122, 10.219363858523334, 10.220966123798771, 10.221101608189775, 10.222376430060093, 10.22281642972876, 10.225029057701697, 10.225142917630897, 10.22562539285371, 10.22639778762709, 10.226610572053694, 10.227325348214233, 10.227996741300062, 10.228384707741101, 10.228580216495486, 10.228973758632225, 10.229600641119793, 10.230174714602725, 10.230387210843608, 10.23077159086037, 10.231351604026665, 10.232326747831392, 10.232749026762209, 10.232926342026758, 10.23349028175529, 10.233945479336647, 10.234038499105797, 10.234119949527303, 10.234266782185014, 10.23458120568765, 10.234735190254092, 10.235032460451377, 10.235104354248218, 10.235116239985222]",8.05,2.491906089642216,8.0,12.95,13.0,1.0,0.0,0.0005744040000536188,24000,0.15,0.99,epsilon_greedy,exp,0.6,0.9995,potential,1400,True
e4,q_learning__4d2b09bf__s46,q_learning,4d2b09bf,46,15000,20.59087661800004,completed,12,2.5954575704488025,331119,"[-0.23196885099633616, -0.786612233956454, -1.5907855648863984, -2.507221758468886, -3.3417783319702634, -3.3731789646228747, -3.080414829491778, -2.5554068126191116, -1.6778279805481005, -0.9299883823236001, -0.13654207416485117, 0.4562835974477766, 1.131003412587792, 1.8479436969419942, 2.3716871140702054, 2.899307853575107, 3.5343884100346354, 3.8691593917216727, 4.3467340800846985, 4.754487921635441, 5.227239570987779, 5.510957841127616, 5.7167964202016925, 6.034770567960867, 6.323723967439648, 6.591860685390227, 6.920344489169126, 7.05992560635479, 7.11156781104374, 7.395763687789771, 7.511260546023795, 7.622438345876919, 7.795141609447663, 8.01223459952312, 8.038544234774898, 8.086108522090683, 8.208698304542672, 8.307931544307866, 8.496392411125317, 8.627911485486907, 8.71775661321493, 8.835174250690212, 8.91934920781504, 8.990440011907657, 9.030072751586326, 9.164924834402846, 9.283447417142657, 9.375952143952778, 9.395029487225283, 9.41402861853064, 9.426782046938895, 9.442234060429248, 9.536186513984765, 9.557159994734354, 9.576649387808015, 9.639275458796615, 9.640434554277691, 9.657289173545172, 9.686890748798993, 9.73335471881811, 9.766404388955037, 9.808030517146468, 9.851893660975204, 9.884561496502148, 9.902490689402516, 9.90563060017335, 9.9137419654617, 9.927357108792007, 9.929930179746128, 9.959966161525983, 9.962650283279563, 9.992324885363816, 10.017462138096592, 10.020202386575493, 10.0418568660775, 10.052448006054654, 10.055560444031368, 10.066447084217971, 10.07037370123796, 10.074572512737138, 10.08626986427421, 10.092218357984288, 10.093538782569064, 10.096473150814003, 10.098726958681405, 10.107308050793188, 10.115449176255623, 10.11936260689388, 10.12198908630039, 10.122734144389574, 10.128092182351914, 10.128755483776189, 10.140352937854354, 10.141571988013359, 10.147236749586844, 10.15043317316647, 10.152583885130246, 10.154454164036528, 10.155387641489302, 10.159645045534335, 10.15977896669096, 10.16242380579283, 10.163346286865515, 10.16601961986968, 10.167312076847992, 10.167399623874717, 10.167603094106221, 10.171032525882168, 10.178059715079247, 10.178881626036622, 10.182995916909919, 10.183282464699033, 10.185427375744432, 10.18590139128423, 10.186527174017211, 10.18812613522672, 10.189258996758529, 10.189487045439659, 10.190151035231565, 10.191242292977636, 10.192288023223766, 10.192664420521547, 10.192890118627504, 10.192995401432631, 10.19370663585064, 10.195628778247505, 10.196172417245934, 10.197377065104796, 10.19795819335384, 10.19818042265678, 10.199349949857348, 10.199480126191174, 10.20061207385087, 10.200908727459067, 10.201199918975469, 10.201896629377549, 10.202346565640196, 10.202347204335394, 10.203307540933265, 10.20344695016222, 10.203570546279598, 10.203570557220262, 10.204056364308526, 10.204193126061819, 10.20436608485213, 10.204954485914827, 10.204954592992973, 10.205042155504996, 10.20516716778193, 10.205576001074462]",8.05,2.491906089642216,8.0,12.95,13.0,1.0,0.0,0.00036601699996026584,24000,0.15,0.99,epsilon_greedy,exp,0.6,0.9995,potential,1600,True
e4,q_learning__4d2b09bf__s47,q_learning,4d2b09bf,47,15000,21.12995301599949,completed,13,3.1299201267764007,333325,"[-0.1777483942366299, -0.5624811981687549, -1.5432268609070272, -2.676875493190667, -3.533063344520579, -3.7428086895828474, -3.028814021191088, -2.2120825975569485, -1.7042595277253243, -0.9700414507685095, -0.30715096006923015, 0.41874942109626395, 1.478182924727036, 2.16697948202313, 2.8283316645803755, 3.4000413113199177, 4.196446754769184, 4.667082547457008, 5.180529860403029, 5.553273509306161, 5.930061129862606, 6.209960211796631, 6.419845203772044, 6.658716576206047, 6.779531330776153, 6.945214303486413, 7.066347080164852, 7.251670475854994, 7.385762367608456, 7.491608248715644, 7.641542329489933, 7.692066042087784, 7.78536464432892, 7.89762341978677, 7.962193330094283, 8.183971852125975, 8.390212934904165, 8.4014800972197, 8.731298527046302, 8.753964442531775, 8.868207843570083, 8.873030549570531, 8.909573380346734, 8.937071732564075, 8.946687353325984, 8.977787247456359, 9.041269281053312, 9.05901764751838, 9.07057295047411, 9.082008075478791, 9.127714264289926, 9.159556042541807, 9.211055557015474, 9.282793387802712, 9.32724375928715, 9.358935240515128, 9.359374661911621, 9.375612563303765, 9.399302802019708, 9.499263961011215, 9.517706324878665, 9.562569551402841, 9.575049265339171, 9.594727142662737, 9.609770427051695, 9.618498101411545, 9.691733452047016, 9.696097280565947, 9.701225631800474, 9.714859029072963, 9.720319051313403, 9.759671039945045, 9.763993209649584, 9.76802057625727, 9.819921597934878, 9.836344582831225, 9.849611238014647, 9.897391140831818, 9.913845929629675, 9.913958391377083, 9.917053929828365, 9.937337891227777, 9.93858522410929, 9.93930876681797, 9.943975878711786, 9.951143954531966, 9.951721630984832, 9.966674974409974, 9.97661523493532, 9.99204108976348, 9.992754652618082, 9.993558118411082, 10.00278100713861, 10.010410554832946, 10.015142015268454, 10.01555821112904, 10.016025508815707, 10.017515475827617, 10.023090103022557, 10.02905193895237, 10.034895506678684, 10.03535747158791, 10.037018225225921, 10.040804683277155, 10.041376934297803, 10.041464265890081, 10.044914239797771, 10.046466948203268, 10.046838938719024, 10.054909138630702, 10.055376564420582, 10.055843496012434, 10.057778833455622, 10.059530845862525, 10.059622430354118, 10.064461559486052, 10.064931384720362, 10.067535002505066, 10.06939868090169, 10.069643428296123, 10.071420498412332, 10.071773653360532, 10.071774669478897, 10.072612295235718, 10.072718037984181, 10.072826664341198, 10.073713477842867, 10.07387005302133, 10.073933880299341, 10.07403918356919, 10.074593121083534, 10.075953585211895, 10.076071574959132, 10.076966636253186, 10.078188880447506, 10.07940290257047, 10.080359004935307, 10.081779627066323, 10.08184177160261, 10.081891123814245, 10.082200179786508, 10.082252921358167, 10.082274935565184, 10.08227707621155, 10.08252285344823, 10.082756589581908, 10.084399768211098, 10.084461450253407, 10.085110500363525, 10.085150757693349]",8.05,2.491906089642216,8.0,12.95,13.0,1.0,0.0,0.0004534290000447072,24000,0.15,0.99,epsilon_greedy,exp,0.6,0.9995,potential,1900,True
e4,q_learning__4d2b09bf__s48,q_learning,4d2b09bf,48,15000,20.2255344160003,completed,1,3.119791659710629,329729,"[-0.12122571690169663, -0.7305199076614718, -1.6869020993641795, -2.7448946931599867, -3.584135249558001, -3.6445057092569075, -3.2223225234424047, -2.7498019091196544, -1.9530503091878186, -1.3403453395007607, -0.728063465735783, 0.2754279583360079, 0.9502471995640858, 1.807612108002047, 2.25621913885771, 3.041465477585325, 3.5640394310716, 4.127930527262134, 4.499499610706213, 4.811247074349882, 5.166341287243048, 5.373151545065219, 5.579752301399574, 5.951600274800603, 6.238431934082337, 6.540104713176486, 6.674122216314813, 6.876000518568037, 7.071058115813675, 7.202884716042136, 7.375885315906965, 7.639056626278458, 7.697544679558887, 7.815636297551557, 8.00755946405508, 8.188109658811726, 8.366701174795606, 8.423195867626246, 8.514761271671992, 8.551731660996419, 8.706157319169622, 8.803269025384338, 8.897351681345397, 8.960071115234175, 9.045344585922637, 9.050515848534982, 9.104476352252023, 9.17144013747403, 9.232904612466141, 9.277697959621564, 9.322921118001188, 9.356891080008362, 9.405857136003796, 9.472015439153246, 9.503418128864327, 9.537866207594941, 9.556295950259672, 9.57751188869697, 9.600993778637875, 9.617741532606441, 9.637134752198683, 9.643492104729079, 9.651563868425232, 9.664635257169547, 9.682396941758885, 9.694635150440892, 9.703676625385723, 9.717938242279924, 9.739018143001745, 9.752423469473625, 9.764467364993923, 9.77563421915729, 9.784697942488721, 9.7873653913542, 9.787634718029324, 9.798312559287352, 9.807986367338719, 9.816454111333345, 9.821276974461908, 9.8360624525217, 9.838994758885224, 9.852879873818955, 9.85771002231575, 9.862741417280485, 9.865464116146986, 9.87045807180713, 9.874628178137948, 9.87552173729486, 9.882860581875862, 9.884220042948455, 9.888201270760025, 9.89003943946426, 9.893149938815146, 9.894730921580159, 9.895605117488852, 9.897462593231877, 9.898307127638466, 9.899912771547017, 9.906707374645453, 9.907755243433444, 9.912950415146168, 9.913947795904477, 9.91715980491801, 9.919847142781228, 9.920597678503075, 9.92524231751914, 9.925334032635375, 9.927257659423164, 9.92765814165387, 9.930444053301551, 9.931873823488491, 9.932513257194325, 9.934275149283595, 9.934719207998233, 9.935429825889617, 9.935582215232712, 9.935784574024352, 9.936575447299209, 9.936848272696581, 9.937448679012274, 9.938123554049278, 9.938726799628093, 9.939047733733515, 9.939133269801884, 9.939137126692776, 9.939395573393599, 9.93977214275581, 9.939924412233678, 9.940182271908606, 9.940569851533107, 9.94080376436387, 9.941509287964614, 9.941861945529379, 9.942120286376483, 9.9424375334906, 9.942740007779399, 9.942939404049811, 9.94309830823791, 9.943243641062935, 9.943376407238787, 9.943537968789276, 9.943575677462661, 9.943637847438755, 9.943801474018146, 9.943885442084726, 9.943952278240808, 9.94404972174908, 9.944050527674385, 9.944227233440749, 9.94427446781167]",8.05,2.491906089642216,8.0,12.95,13.0,1.0,0.0,0.00037268700003551203,24000,0.15,0.99,epsilon_greedy,exp,0.6,0.9995,potential,1600,True
e4,q_learning__4d2b09bf__s49,q_learning,4d2b09bf,49,15000,21.08312911199937,completed,39,3.850973902793941,332357,"[-0.21105388043625994, -0.7406444898499914, -1.6503773594305353, -2.7842910155595946, -3.448581662901163, -3.7926026209033448, -3.4255435560505285, -2.7416932590423095, -1.9605254283508946, -1.2049036709845309, -0.4240375546855546, 0.1254348375967793, 0.7151289677206248, 1.3041552645557883, 1.9691389018980354, 2.2708459202905638, 2.5243523518036723, 2.886575499205566, 3.308088481371074, 3.8179241325490767, 4.340119365031943, 4.854453213829376, 5.282552646826684, 5.46935296552935, 5.848758764928016, 6.110629559513871, 6.358829961209861, 6.6833270699440535, 6.868621616173356, 7.121177690667084, 7.425622280005613, 7.520720460311609, 7.61422821959835, 7.684371192248189, 7.863662892211525, 7.940647036093674, 8.058790802926833, 8.126896784236303, 8.238414423884144, 8.276660466681907, 8.338771440194376, 8.423939848880572, 8.537355608666502, 8.59530489032082, 8.627668035971615, 8.778425231261176, 8.808915834699702, 8.811743190732717, 8.86536584023113, 8.956371667019594, 9.033477380857365, 9.059108380452818, 9.089825957304376, 9.142351946553472, 9.163976110556806, 9.187061769045973, 9.228468303105375, 9.23952424951145, 9.274951305538911, 9.286616493088376, 9.30440668097985, 9.367023878251068, 9.373893273785209, 9.38409959309266, 9.405374376902435, 9.454576444276654, 9.466171969297108, 9.467915432518426, 9.4752873434129, 9.520731824510928, 9.532299542554581, 9.538694472212594, 9.548954949187383, 9.562441037150148, 9.581307452401752, 9.613920000909117, 9.617950693475835, 9.634515206613605, 9.64888765171296, 9.648963871148796, 9.664799167667745, 9.685025205392934, 9.70117984122448, 9.714581909521035, 9.723020687970402, 9.732745742474753, 9.737063629765421, 9.751211105150498, 9.756242369093274, 9.777637440946275, 9.780490305837239, 9.793999864716714, 9.798827851129674, 9.805391298592166, 9.810204674605036, 9.815810889242114, 9.822626767889465, 9.827312997402288, 9.83839683456812, 9.844164391719344, 9.851122731048008, 9.853211169283735, 9.855863378559228, 9.859575151751013, 9.863446595845259, 9.865661287611593, 9.866188008531026, 9.86794699228921, 9.871979097609394, 9.880234966118728, 9.884344806926295, 9.887694197109985, 9.888640447359535, 9.890186166319332, 9.891901444871738, 9.89380458126077, 9.896593655170433, 9.898042610383408, 9.898813389972945, 9.90136884183094, 9.903160037232185, 9.90472793110745, 9.907862376788351, 9.908072652954553, 9.909521227574889, 9.910771870955985, 9.914062896427447, 9.914708985435185, 9.91576727770706, 9.916159571206896, 9.917191011460694, 9.91798810874386, 9.920633628496246, 9.923842919189452, 9.925992989046017, 9.927732772167422, 9.928093573522618, 9.928847731528025, 9.929459092746944, 9.931314155037136, 9.931659101302545, 9.931752842101876, 9.932416238525267, 9.932754703472416, 9.932821875474733, 9.933786676364688, 9.934188434640534, 9.934621073988705, 9.93474522526264, 9.935226770554063]",8.05,2.491906089642216,8.0,12.95,13.0,1.0,0.0,0.00042727500007458727,24000,0.15,0.99,epsilon_greedy,exp,0.6,0.9995,potential,1500,True
e4,q_learning__4d2b09bf__s50,q_learning,4d2b09bf,50,15000,20.500641984999675,completed,23,3.344772040064913,332089,"[-0.19421380515066114, -0.7019689465254163, -1.73261181082345, -2.722031604141763, -3.3999527783275387, -3.326004749352803, -2.3497657274981636, -1.8715943481976576, -1.0437988409659222, -0.3183707827667054, 0.268220225130561, 0.9360915441109086, 1.3974735240717513, 1.9895734894383723, 2.719487640734548, 3.3711086516287643, 3.8121898395677762, 4.0813962497506155, 4.500361475403443, 4.976591002525874, 5.162176559296824, 5.450920586946228, 5.8214716504318575, 6.074849381131124, 6.243988177463161, 6.638273833906322, 6.9876443384360165, 7.111002725513249, 7.314212310841344, 7.361469205993574, 7.443951566137446, 7.558595973028599, 7.689975581586217, 7.804423329054112, 8.035582567303122, 8.154518783295037, 8.260492902574232, 8.401484538158421, 8.484391353138397, 8.55332913993377, 8.594855571521729, 8.638634455712088, 8.700928433045753, 8.76816140577086, 8.825076678666216, 8.864479118282564, 8.89925915808407, 8.936963784930835, 8.942968989400564, 8.966598293985104, 9.001955611770567, 9.066156885250495, 9.103018435975459, 9.136383244392187, 9.17675882653958, 9.207265727085398, 9.258791425384375, 9.288722617193088, 9.30873993787834, 9.31338467706915, 9.325490961266262, 9.392171211934821, 9.401620688354173, 9.413339024901017, 9.429189788714927, 9.453943764409745, 9.516253977695452, 9.574057442284625, 9.579083036919936, 9.608881549934498, 9.646586308091436, 9.669657494854288, 9.677163374898893, 9.68930157446982, 9.705344775501796, 9.709167841088155, 9.710109730762882, 9.752608931799758, 9.776391160808812, 9.782447653848088, 9.78419472288498, 9.792080855635128, 9.796694319143993, 9.798496699918603, 9.803138622238428, 9.803320761958114, 9.820147500687332, 9.829035190304973, 9.836309725260984, 9.83975735977472, 9.844640772914744, 9.85007230858906, 9.8509933183173, 9.856237965265333, 9.861060354229513, 9.861718123116386, 9.864225179930724, 9.869903158872757, 9.875411309256918, 9.880481116102851, 9.881327352847347, 9.884734154532527, 9.88485129859017, 9.887881743962577, 9.894055647289495, 9.900570943118034, 9.903241704758736, 9.905810896386168, 9.908561922324173, 9.90920425194754, 9.909207912853956, 9.911130381912743, 9.91158925264864, 9.911994290193963, 9.913286743374705, 9.913289270111862, 9.916828722255257, 9.91719804462533, 9.91858354660552, 9.91858527012045, 9.921269959937947, 9.927511297318857, 9.929323209782078, 9.929324729080431, 9.932707448021507, 9.93370362706932, 9.934220287076906, 9.935514752587661, 9.935743729271906, 9.93808981029877, 9.938090964870222, 9.938091104438145, 9.938152299160123, 9.938588592028529, 9.938604350032398, 9.9396797422618, 9.940771379087945, 9.942476309408441, 9.94327421409796, 9.945505586986497, 9.946203619845356, 9.94667116810985, 9.946969373884047, 9.94705396265446, 9.947311262681671, 9.947327817533763, 9.947531664008721, 9.947701486767677, 9.94842348266271, 9.948605152104212]",8.05,2.491906089642216,8.0,12.95,13.0,1.0,0.0,0.0006577170000309707,24000,0.15,0.99,epsilon_greedy,exp,0.6,0.9995,potential,1600,True
e4,q_learning__4d2b09bf__s51,q_learning,4d2b09bf,51,15000,20.188156686001093,completed,26,2.9707911404203426,329785,"[-0.2940805740354839, -1.0244309343246176, -1.814110511947215, -2.8577145957199823, -3.4889866830747653, -3.565954121096802, -3.136053903937062, -2.213746443397194, -1.6380072236426035, -0.9493013745234762, -0.35877132306947224, 0.5765429031549305, 1.2175830412379514, 1.5932971507361404, 2.2597613074474605, 2.7793147768723316, 3.427189852667223, 4.055930311780674, 4.3722854304539585, 4.542931633889083, 4.860720379997931, 5.2517904406897475, 5.679175070760107, 5.907032383427972, 6.130595598733379, 6.401839248517742, 6.585762957405654, 6.773588068448942, 6.921302461929488, 7.05769286800434, 7.13465914050367, 7.2388957458699945, 7.4959853731858015, 7.572402383723271, 7.602193405351645, 7.743374482644142, 7.779157107332429, 7.833864043526087, 7.961289803915836, 8.258560915615462, 8.289680707454632, 8.33807860490241, 8.372868916026482, 8.522382330003163, 8.612365632670164, 8.683912429431784, 8.742294156707327, 8.840683615812061, 8.863682765691584, 8.908097871715722, 8.911593652751645, 8.952155866746903, 9.065614068598022, 9.138987345707006, 9.186407069569807, 9.271087338806739, 9.372488698930006, 9.376545115649556, 9.387412092205633, 9.397400833987048, 9.400553165309175, 9.42837295115951, 9.454319971657103, 9.480122868723113, 9.50957837194114, 9.522129562467795, 9.531542216282848, 9.56028206987371, 9.570847541152029, 9.61418415706652, 9.626054189212622, 9.633962975325893, 9.65779372455408, 9.6619015336073, 9.674028498161697, 9.681784979469919, 9.691718207869114, 9.70439403157685, 9.72286172069092, 9.731984495387826, 9.739951237305034, 9.75484543409369, 9.754965097332729, 9.761254296832751, 9.779603101927368, 9.780950262451693, 9.781041746787993, 9.791686086667664, 9.794447149487253, 9.804386574047388, 9.822962751792492, 9.829058585248635, 9.83328272737189, 9.841178509907197, 9.843751178131441, 9.84718659231042, 9.852378261808548, 9.85593974548603, 9.857500124616005, 9.857728375202932, 9.8579010564674, 9.86322884091823, 9.872309380953697, 9.877497329878901, 9.88418764529896, 9.886868728250287, 9.895415321845244, 9.896975433055884, 9.898346832231779, 9.900731944987909, 9.904037044836242, 9.909429524041744, 9.912272847287019, 9.913437298654193, 9.9142210889579, 9.91422126913372, 9.917784887155761, 9.920539426135399, 9.924094054633231, 9.924801367393977, 9.924805744660482, 9.925850366539354, 9.927499397779691, 9.92911211961836, 9.929633987233201, 9.930393035163284, 9.933188576211895, 9.9362823481486, 9.936691710096087, 9.93776673958095, 9.938277355781512, 9.938377744799498, 9.939821571558886, 9.940951178838459, 9.940951356227973, 9.941433958589787, 9.941781269309102, 9.942575489725579, 9.94288193754227, 9.943460416003157, 9.94408067213902, 9.944248767083819, 9.945039850823731, 9.945220828407313, 9.945719949395954, 9.946182357277474, 9.946182719590736, 9.946712303921835, 9.947151957251233, 9.947374553386288]",8.05,2.491906089642216,8.0,12.95,13.0,1.0,0.0,0.0003387990000555874,24000,0.15,0.99,epsilon_greedy,exp,0.6,0.9995,potential,1700,True
e4,q_learning__6e0a4551__s42,q_learning,6e0a4551,42,15000,19.95922808999967,completed,68,3.2385799357125644,340001,"[-1.9772983554209616, -4.0653263565882085, -5.9067479433509655, -7.944106782563213, -9.668640357149286, -10.99404418311645, -11.798293318249598, -11.98422802447627, -11.787657962935617, -11.497894199865986, -11.112962034159063, -10.839939601284984, -10.482990574277023, -10.24995303964762, -10.020454241232224, -9.729500632338336, -9.438385973852611, -9.185441399074564, -8.917640084675632, -8.651498778408556, -8.4389867185222, -8.15120812634967, -8.010214281797927, -7.817874652490979, -7.601972116059314, -7.481168398133211, -7.3187328573845045, -7.136575345352578, -7.046063112734145, -6.9543464101731285, -6.862575325454882, -6.785174110579993, -6.710001818785662, -6.624248185063112, -6.517838378915508, -6.464793005446773, -6.397341948512908, -6.375131943938405, -6.2990064781000905, -6.280077533225054, -6.244836391655261, -6.237015684504784, -6.221298774802182, -6.184066661145065, -6.146165182382931, -6.042559361135233, -5.983957515575503, -5.970174409258909, -5.928564538186004, -5.917456426361428, -5.885578838131043, -5.859831414739284, -5.839682283179086, -5.821032070536128, -5.8064048881300305, -5.786255157429125, -5.758758613060466, -5.70282908797107, -5.70186857690137, -5.696410091118369, -5.6950171023146146, -5.6748804071234265, -5.665530486348056, -5.651486645628774, -5.644780891239853, -5.627900841835909, -5.626773194099863, -5.619779012573563, -5.616317850498589, -5.593353423180248, -5.571875263346817, -5.567737344273623, -5.561346106097882, -5.5543365064883625, -5.550111020594214, -5.546246907509651, -5.538777646504169, -5.534236816258224, -5.531088043153316, -5.524521897160713, -5.523465905172212, -5.514219719470864, -5.506476123953858, -5.50062440241079, -5.498734060370672, -5.488461942601867, -5.484722164575885, -5.478392001909479, -5.47131425969308, -5.466355589584237, -5.460053887317272, -5.454361243634256, -5.45136010566844, -5.448107079579495, -5.447161720890026, -5.445502770841961, -5.4442005945711704, -5.439691502943589, -5.4368585112337, -5.434036618020134, -5.432918151297221, -5.432914984978781, -5.430120554013205, -5.427518343540802, -5.425817938564932, -5.425600413826691, -5.423117723920764, -5.420199118318951, -5.418833643871236, -5.416261626428966, -5.414886546837386, -5.413616992457062, -5.413595322118626, -5.412933081717457, -5.4115751366372455, -5.409512131921927, -5.40804717825701, -5.406172967563145, -5.405128006607583, -5.403166934682354, -5.402384723595205, -5.401944512110474, -5.4013260820825355, -5.40127058170413, -5.400864908090903, -5.400808080132724, -5.400555546693559, -5.400155039951048, -5.400001220631699, -5.399822338062817, -5.3997195276422065, -5.399690742156027, -5.399268172929608, -5.398896085011727, -5.398661557125248, -5.398637707869003, -5.3982730950737015, -5.397878999679574, -5.397878840721142, -5.39750497796436, -5.397413042778686, -5.397090906179556, -5.396930288917071, -5.396827916355322, -5.396743539416801, -5.396435330274672, -5.3962767121620105, -5.396158147485077, -5.396094384857829, -5.395972696655436]",8.05,2.491906089642216,8.0,12.95,13.0,1.0,0.0,0.0003521889898911468,24000,0.15,0.99,epsilon_greedy,exp,0.6,0.9995,step_penalty,2100,True
e4,q_learning__6e0a4551__s43,q_learning,6e0a4551,43,15000,19.034981902001164,completed,17,3.599708321517175,342372,"[-1.7809757140783797, -4.2272956925775755, -6.470132978065878, -8.560627655229293, -9.881691311686412, -11.090343001410023, -11.25634520942057, -11.708108064250478, -11.527417706864874, -11.171052179768187, -10.801771058567045, -10.552307004696397, -10.137394266305515, -9.756616139217044, -9.44869025901931, -9.027781082749584, -8.722508387299218, -8.369254205129304, -8.128555139915763, -7.876466988061612, -7.704738080898697, -7.536333627351775, -7.329316719858568, -7.161694798393024, -6.899767353896318, -6.807327982088726, -6.623138290273575, -6.508147476997649, -6.389384817664425, -6.305265810813221, -6.240331897807645, -6.1510495737604325, -6.080994117246683, -6.02193448532885, -5.982090677432038, -5.939115396090053, -5.90593908847203, -5.856040536018687, -5.825228173015758, -5.790477920694944, -5.754680163157643, -5.702314095814939, -5.632956363305167, -5.594981472361289, -5.585230472666682, -5.555438883273486, -5.525670888092494, -5.523215901432627, -5.507419828317122, -5.493729764043345, -5.461076360210566, -5.4387849537351345, -5.421004342455902, -5.418164012414052, -5.394336525934638, -5.381099980976345, -5.371422359447641, -5.350935434488274, -5.3448493279989995, -5.334495565258938, -5.322286216584195, -5.303638462426706, -5.288223734082059, -5.286917809205217, -5.280002534134918, -5.2787187317222495, -5.269582662035836, -5.256779659888512, -5.247651121933112, -5.245872858559815, -5.2345683723063, -5.227187124645583, -5.226572264587475, -5.2249160295037695, -5.22014042026373, -5.217277508748449, -5.2132906815189175, -5.208002449864273, -5.198868896512581, -5.197035546000518, -5.196975740054525, -5.195850104190172, -5.191466465746876, -5.180745428287917, -5.180224472273908, -5.17957030401749, -5.178327297281659, -5.173261854713681, -5.172333132825676, -5.1704026169391515, -5.170251055421561, -5.169758401554265, -5.167100226858105, -5.167087828689724, -5.166059690690727, -5.164975317344284, -5.1610639703351575, -5.1609575001876635, -5.155246288638884, -5.153348006521285, -5.152857614295132, -5.152430224442169, -5.15027875816403, -5.149781085628628, -5.148936500732008, -5.1489364930997095, -5.148754545279929, -5.147743868182512, -5.1475200082372625, -5.146259707705102, -5.145830378791815, -5.14583037465998, -5.144409783108545, -5.144361504868922, -5.143054680702933, -5.142967789580494, -5.142847367804055, -5.142066875395778, -5.141170342369109, -5.141102635272324, -5.140507628431253, -5.140027876796635, -5.13975806114924, -5.139731457273246, -5.139728877405364, -5.1387512599046845, -5.138728275689579, -5.138677590642311, -5.138281102296883, -5.13761748711425, -5.1367721508905, -5.136739344119808, -5.136727590950503, -5.136725980232433, -5.136245978881539, -5.13605836180164, -5.136032888838826, -5.1358800576522565, -5.13516292980618, -5.135140006182741, -5.1342250263122144, -5.133456244008552, -5.133209142661153, -5.132636033126668, -5.132343124578499, -5.131982981138254, -5.131974592939439, -5.131967959569979, -5.131858247768549, -5.131379717991247]",8.05,2.491906089642216,8.0,12.95,13.0,1.0,0.0,0.0005587109900079668,24000,0.15,0.99,epsilon_greedy,exp,0.6,0.9995,step_penalty,1900,True
e4,q_learning__6e0a4551__s44,q_learning,6e0a4551,44,15000,19.92256288399949,completed,45,3.6645736450506763,338349,"[-1.7025524103092973, -3.9460341754154222, -5.975493540192252, -7.800215354970374, -9.500370594412976, -10.555873462791423, -11.076929575828588, -10.865738325639903, -10.927967091997136, -10.970214369050696, -10.671263377748405, -10.330553953739825, -10.007729464215629, -9.818762760287246, -9.566214890568949, -9.235587622256748, -8.976172378215056, -8.691334733301387, -8.492756075410789, -8.278556803958812, -8.051111418281446, -7.762306478361085, -7.546773947449089, -7.435037853897206, -7.214934372419081, -7.079407098146004, -6.9856264914210895, -6.891766659599954, -6.802870035670702, -6.709769712511418, -6.670548445316881, -6.5751247277961, -6.533010248540696, -6.508163946486377, -6.421288407386252, -6.321083653842537, -6.301764180196118, -6.240952326497533, -6.223014385973363, -6.125310850701573, -6.118859561526326, -6.091165190858717, -6.088445839936435, -6.084011737212965, -6.055292904055597, -6.023043640885571, -5.969555288281329, -5.927847512588069, -5.876764710078755, -5.852572036435061, -5.816611866067329, -5.815738951519874, -5.791568987022785, -5.755420525654667, -5.737813561030644, -5.730796443177299, -5.716852288763119, -5.714610257181246, -5.702975956419498, -5.679396276301839, -5.659519052233497, -5.641302388968497, -5.629371264225549, -5.612265569000215, -5.604852635235085, -5.599120036842591, -5.5923342851134565, -5.585988964523791, -5.571952515266327, -5.5688679937359655, -5.559213118538968, -5.556894119739269, -5.546687282394557, -5.5331145273959965, -5.532092431191071, -5.52669615712529, -5.518390931142932, -5.517991639332258, -5.510382820165958, -5.505374468539556, -5.501033150029813, -5.497082088572411, -5.4894898020089755, -5.48580046541868, -5.48578491581504, -5.478506134895212, -5.474533771155923, -5.46973858461966, -5.46377234633266, -5.463675809946997, -5.458747666253266, -5.4578464094591075, -5.453783499857274, -5.450830353942215, -5.447474930327545, -5.447075451088811, -5.446306368567306, -5.440481982774734, -5.440481920683891, -5.435547477309514, -5.430270928507761, -5.427205806772995, -5.4269366873986336, -5.424872603953435, -5.424721400797892, -5.422326506144949, -5.421776674241618, -5.420667258026944, -5.420052004824996, -5.418779799163123, -5.417585836084923, -5.415373119749062, -5.414912977430632, -5.413912483239896, -5.413111238923722, -5.411995789899728, -5.411163848391569, -5.411163816452426, -5.410831813427929, -5.408862022691705, -5.408534350192424, -5.408534324168642, -5.407534198802256, -5.40652538426803, -5.406077660953892, -5.405873749977138, -5.405202830744935, -5.4052002116464, -5.404393512014035, -5.404393438260754, -5.403489253473676, -5.402834758413574, -5.402832238761588, -5.402417038659434, -5.401826019152259, -5.401823342502863, -5.401277446686897, -5.401277115422321, -5.401114628508247, -5.40091820286579, -5.400773346224325, -5.4002595867187, -5.400180265153825, -5.400022363134397, -5.399839723996075, -5.399433415957229, -5.399230906768332, -5.399034795735289, -5.398798514030216, -5.398265793117511]",8.05,2.491906089642216,8.0,12.95,13.0,1.0,0.0,0.0003224909899654449,24000,0.15,0.99,epsilon_greedy,exp,0.6,0.9995,step_penalty,1900,True
e4,q_learning__6e0a4551__s45,q_learning,6e0a4551,45,15000,19.694333477000328,completed,30,3.2449807395422248,338623,"[-1.7786676299378035, -4.063270171407839, -6.480798343112331, -8.095551252574229, -9.988053100526937, -11.008302804628668, -11.562449083790035, -11.777236265363236, -11.794677886765667, -11.45503869049566, -11.047146270649453, -10.813038091721271, -10.69197256577299, -10.453908751716291, -10.19126514564841, -9.8138726172285, -9.440873241492417, -9.120453527952758, -8.879063671647259, -8.646117510308635, -8.348387975636719, -8.206049919901252, -8.044711693302107, -7.906846401369019, -7.756303820766007, -7.582681115873537, -7.5059573542804605, -7.410394247699202, -7.348262614421113, -7.284489915450751, -7.140900048615924, -7.021689149031983, -6.9220083338702, -6.886884352454028, -6.8528651630589925, -6.797769591145485, -6.690933692280124, -6.596677599786719, -6.547728046292576, -6.48921562752743, -6.401799270402522, -6.3734271364941035, -6.324596452065043, -6.2880257166069295, -6.2293813109514735, -6.225414351129105, -6.196436139196825, -6.19167680913109, -6.171079553971293, -6.150635852101246, -6.113540028084413, -6.071696309788908, -6.043065568743112, -6.036692433395034, -6.0110501854663925, -5.986467975706794, -5.980019767562413, -5.977101218841111, -5.973042953393933, -5.955592723417002, -5.940729942370992, -5.926964315475832, -5.917924370317752, -5.910629598387791, -5.905043004673934, -5.885461126139987, -5.885205961176937, -5.883481276089646, -5.883099149166312, -5.866369984538789, -5.864393232778511, -5.862089595200453, -5.840143394255189, -5.830485060197956, -5.824571519695087, -5.8180262495465485, -5.8147599357368405, -5.805807111346935, -5.79250324667269, -5.786295244915162, -5.781518135305758, -5.774010334879193, -5.76974077041412, -5.761611819854022, -5.761529204736644, -5.757081674112544, -5.750821700330874, -5.7474418547574535, -5.7430849964798645, -5.732556054589439, -5.722844117134352, -5.7183454115641235, -5.715165312215916, -5.709662858238655, -5.70730881432847, -5.703273011624475, -5.698808121802781, -5.697005868475364, -5.695642295045077, -5.694963642397493, -5.689730846057348, -5.689491720178375, -5.688082644652061, -5.685839433631879, -5.683436105405469, -5.681155495154706, -5.681154948964291, -5.681003939622822, -5.679626202179395, -5.679620906658376, -5.67809085630654, -5.674430432321414, -5.674358564797054, -5.672591679514809, -5.672467873489826, -5.670906888544289, -5.670903320403903, -5.668737538874509, -5.667273356872799, -5.6672228077634745, -5.666722449219694, -5.665735328747808, -5.66569808948738, -5.6653924756289165, -5.6651266270913085, -5.664917675664182, -5.664874145952244, -5.664764135574529, -5.664376715237648, -5.664376532768021, -5.664184562659324, -5.663743341191688, -5.663660668368741, -5.6624873559436955, -5.662084360337828, -5.661803018000453, -5.660459576311507, -5.660267949433732, -5.660144832844767, -5.65875019761696, -5.658616785599017, -5.658400835376597, -5.65813432205484, -5.658049131225845, -5.6573432281258205, -5.656952588534147, -5.6560877482335075, -5.655920498508196, -5.655863436362967, -5.655699740662047]",8.05,2.491906089642216,8.0,12.95,13.0,1.0,0.0,0.00044550498996613895,24000,0.15,0.99,epsilon_greedy,exp,0.6,0.9995,step_penalty,1800,True
e4,q_learning__6e0a4551__s46,q_learning,6e0a4551,46,15000,20.583374169000308,completed,12,2.9294368059406914,340444,"[-1.7221726596093478, -3.94218994248977, -6.296085675343835, -8.21040477850683, -9.927938910550477, -10.933380974550875, -11.760819766049737, -11.96587683588073, -11.746033513035513, -11.534953576864622, -11.24044663714858, -10.991204210951937, -10.69922645482627, -10.366906306413062, -9.995205067917192, -9.632224403248804, -9.20625955613775, -9.020367502015207, -8.745199151736447, -8.460967374899504, -8.256248443992515, -8.102235800212002, -7.940485009531353, -7.767279628265589, -7.612028879065055, -7.4068459002094125, -7.3175443111588265, -7.240367714443511, -7.065666496568683, -7.0244345813465525, -6.856364412113377, -6.778185102426905, -6.704863500850256, -6.660022538818505, -6.614473663138887, -6.563017786107456, -6.503594969398397, -6.494536281672448, -6.4521477578185715, -6.376621052016406, -6.337060872325974, -6.2935439475336965, -6.274634091925209, -6.261982557067261, -6.215577053159844, -6.211150640136802, -6.166278174119865, -6.106749610297963, -6.096931285687841, -6.07031790072438, -6.043663439205858, -5.978222064475918, -5.960181791948612, -5.948696755803419, -5.92183306607598, -5.9124865208452775, -5.9084873868199415, -5.9027013135942115, -5.89513027598445, -5.867835065406428, -5.861773302883027, -5.849655871462411, -5.833293825913876, -5.8041154949614455, -5.797214071624209, -5.788883387773713, -5.788305396759841, -5.782265439438515, -5.779796781893392, -5.765019620101442, -5.761620065937088, -5.75483160324578, -5.752320426875401, -5.747941156407017, -5.722887996819296, -5.72176582588692, -5.705767366242802, -5.702429311243794, -5.700892206161512, -5.6922974973043265, -5.6919385555893784, -5.689922390462258, -5.68710619308369, -5.68004745511728, -5.674917420605151, -5.6735469208848, -5.667201771637837, -5.654523866070718, -5.652618051302806, -5.650072953503016, -5.647529472345083, -5.644826837513337, -5.644357428272201, -5.634878856140528, -5.629351868093608, -5.625548351552406, -5.623600841947452, -5.622762328873312, -5.620722115004367, -5.62029300380155, -5.619821867289064, -5.618898457242029, -5.618291280524002, -5.6181203505652615, -5.617997050851929, -5.617585544116131, -5.617437874856331, -5.615977544995608, -5.615316253646375, -5.6121559528122615, -5.611739468865566, -5.6106348486822375, -5.610346484580148, -5.609984409102974, -5.609971829613016, -5.609883455567014, -5.606663045747537, -5.604544055367426, -5.604281444059035, -5.604067492859125, -5.603706965345181, -5.601552784012336, -5.6014449670398685, -5.601393615421917, -5.600653587495223, -5.600539170240565, -5.599881565656493, -5.599595855485039, -5.5979992154290015, -5.597798188490125, -5.5969926425797665, -5.596937382383879, -5.595917436205941, -5.595734936780306, -5.5956024038648495, -5.594714626699694, -5.594367421206139, -5.594253903544687, -5.593693195891788, -5.593232971442088, -5.592830186504254, -5.59249590243311, -5.592277763542253, -5.5920549855195585, -5.591790666913836, -5.591770666663816, -5.591400668662262, -5.591167581253287, -5.590743272564122, -5.5907360288997285]",8.05,2.491906089642216,8.0,12.95,13.0,1.0,0.0,0.0003108009999778005,24000,0.15,0.99,epsilon_greedy,exp,0.6,0.9995,step_penalty,2400,True
e4,q_learning__6e0a4551__s47,q_learning,6e0a4551,47,15000,20.401545473001534,completed,13,2.877829042872422,336423,"[-1.9946235562193684, -4.228838370800774, -6.2606600861181025, -8.041257340489167, -9.55682612995242, -10.596001426842763, -10.90226422411222, -11.206355614097104, -11.164944931337068, -11.16854000365324, -10.964061912482471, -10.65457502255083, -10.317216473487669, -10.025049322757392, -9.835882920750777, -9.503245929626987, -9.204230417184629, -8.945569468291954, -8.65558118798871, -8.38083026605182, -8.156627674416844, -8.027623304256949, -7.98226267554032, -7.808913264262658, -7.661116143233017, -7.454387122702463, -7.407868145469561, -7.3033554216331416, -7.238528818324368, -7.134016642157358, -7.019955335587018, -6.9826528649590225, -6.923279123106353, -6.84312486907522, -6.771947689463178, -6.726253392307697, -6.674391464289272, -6.649058025313389, -6.611937484765717, -6.593549134840996, -6.5479629899192995, -6.526024552276889, -6.509430855026948, -6.467580260586416, -6.421337752646802, -6.394681565340624, -6.369880038462687, -6.343843075440929, -6.337478996530951, -6.304728585210258, -6.279153578861146, -6.245912730691543, -6.238835611344664, -6.226213579828833, -6.216645427460559, -6.197441619475105, -6.181938656163352, -6.1780789109830865, -6.167458848955988, -6.15583571000706, -6.138492449288208, -6.12806435728314, -6.125096267586317, -6.121206225398177, -6.12106600085832, -6.116353383209137, -6.1090371079075885, -6.098253163531922, -6.0905959101254314, -6.085637921322431, -6.071728796431702, -6.069767023407933, -6.054193769638262, -6.050041416673439, -6.044532279407656, -6.038745504575991, -6.036220757750682, -6.025074529896031, -6.024991191575333, -6.021878539206004, -6.010004883055073, -6.0039238137795445, -6.0025557629549064, -5.992442569659564, -5.988586379750237, -5.981323735109234, -5.974239061622265, -5.973161502359613, -5.968277366464218, -5.964151221685473, -5.960684599885928, -5.956355690675635, -5.95590425098693, -5.955056845581184, -5.953449853414017, -5.9508471013812025, -5.9495436508854596, -5.946646567330766, -5.94537966182828, -5.9439174433081075, -5.940779466135498, -5.939807775736426, -5.938721139861276, -5.937532129536049, -5.937044723959953, -5.935481757727114, -5.934469393057949, -5.934051743984758, -5.932453659832269, -5.93177712995722, -5.931446750892168, -5.931446174991367, -5.931442877293195, -5.9308166526245945, -5.930446466082088, -5.93000330695156, -5.929308764701057, -5.929064418820952, -5.928486230043343, -5.928102321469112, -5.928005620626872, -5.9277561802191965, -5.926902136027566, -5.926466700633882, -5.925807810491568, -5.925426630179908, -5.925098667900205, -5.924791614188174, -5.924471131326247, -5.9241832396833, -5.924136799530795, -5.924020495860644, -5.92366219713675, -5.923261139857988, -5.9228981318420235, -5.922480131378121, -5.922359332233738, -5.922135035628968, -5.922021355628756, -5.9219972772304335, -5.921854114888879, -5.921846529590742, -5.921813532897024, -5.921691050588901, -5.921458364220582, -5.921451949503593, -5.921442317965153, -5.921304116398739, -5.921196064097006, -5.92104685755212]",8.05,2.491906089642216,8.0,12.95,13.0,1.0,0.0,0.0003869499999927939,24000,0.15,0.99,epsilon_greedy,exp,0.6,0.9995,step_penalty,1900,True
e4,q_learning__6e0a4551__s48,q_learning,6e0a4551,48,15000,17.478927615999055,completed,1,3.458843737435965,336460,"[-1.7411967514878506, -4.035390514284262, -6.349148522169454, -8.327135741322527, -9.910823106053721, -10.715734910774707, -11.129168611799575, -11.378773569746736, -11.511113175106612, -11.434316051725554, -11.372337566762049, -11.297961165797245, -10.789020480210407, -10.57626256027599, -10.234593134750563, -9.888483913127683, -9.524727638203265, -9.276222865715349, -9.085950605840177, -8.907380400842339, -8.674871386456319, -8.413110411839066, -8.247348894486601, -8.142522790450851, -8.036516524709791, -7.963449100694234, -7.859765657642307, -7.733139368633942, -7.646278171294711, -7.574717465589903, -7.5052509461247645, -7.430411690875207, -7.380265971077041, -7.329361145517387, -7.255601842875771, -7.1963826333056495, -7.1178142597420315, -7.110737017726644, -7.068384013543606, -7.054787828553123, -6.9998134050210945, -6.960476396663099, -6.9373758755830455, -6.923139455338416, -6.896281742485003, -6.869466302859762, -6.823498041222657, -6.781953920526661, -6.778392048030299, -6.773672526265636, -6.710610498913164, -6.698877175660237, -6.64348455495487, -6.633510106868757, -6.617967018130063, -6.609159255317589, -6.583953737565992, -6.559904437562368, -6.539926684447179, -6.530293576917994, -6.501209938656971, -6.499795442388747, -6.490963849099476, -6.473763095541195, -6.45616385930264, -6.441730937058534, -6.4345247754506785, -6.416716981671689, -6.407103817714944, -6.402621676120108, -6.385164936569619, -6.374756474051288, -6.37190414965322, -6.365352463895218, -6.3561738915449375, -6.347718275449539, -6.3424474560004676, -6.341579196664366, -6.340906957817115, -6.340901973131214, -6.3302687011087535, -6.329958214545628, -6.3291526285414275, -6.325968940015309, -6.323235728338605, -6.312239466745935, -6.310963299259191, -6.3095636402203805, -6.306804178140452, -6.306801907831557, -6.306483901849732, -6.304801587037749, -6.304265412249334, -6.298659107493578, -6.296989679880166, -6.289546123388955, -6.288803752079953, -6.287640673636875, -6.286777531869161, -6.285940764908472, -6.285018326288382, -6.284739630503617, -6.283950186130482, -6.283949237363532, -6.2837428131387725, -6.282303908364966, -6.281686503184685, -6.279111209629054, -6.274609138406223, -6.273868297910806, -6.271844558832554, -6.27021955992914, -6.270142800838769, -6.269581543111414, -6.269185446234527, -6.266791109204425, -6.265374078463512, -6.264018227719069, -6.263894341132993, -6.2637116258602195, -6.263488976378791, -6.262334439721441, -6.261425724545483, -6.2613359234165475, -6.260782119798804, -6.260565992216584, -6.260408027687396, -6.26033450346237, -6.260124774256928, -6.259286215423924, -6.258919025850477, -6.2588708311294505, -6.258762318537356, -6.258685115871533, -6.25868130349263, -6.2584714319769885, -6.258120192858814, -6.257919166503955, -6.257466637190252, -6.257410025993663, -6.2573884069459575, -6.257388357530991, -6.257388341326957, -6.257135214537493, -6.256978856238062, -6.256756224897659, -6.256747582307901, -6.25654811846301, -6.2563978921666505, -6.256365992550797]",8.05,2.491906089642216,8.0,12.95,13.0,1.0,0.0,0.0002795169900491601,24000,0.15,0.99,epsilon_greedy,exp,0.6,0.9995,step_penalty,2100,True
e4,q_learning__6e0a4551__s49,q_learning,6e0a4551,49,15000,17.428438123999513,completed,52,4.240035377210902,340074,"[-1.9845682053148852, -3.833605225293305, -6.453102402985279, -8.291418577988127, -10.221200905575715, -11.806589462231065, -12.685755736528579, -12.922127406801984, -12.849715551306044, -12.538428728067798, -12.21793027698579, -11.977146983753649, -11.684996382635898, -11.36787357786611, -11.129417594472983, -10.757154469195171, -10.431402373667266, -10.129782114590418, -9.785646587447607, -9.53912447843637, -9.357215842344122, -9.156587027136787, -9.001545137891599, -8.843578761869043, -8.712626887994212, -8.542609570303785, -8.448362553114732, -8.337473092345293, -8.290650450175553, -8.179691886046019, -8.115775303817369, -7.9644273395139376, -7.8570841900101795, -7.821886953015297, -7.711792634492017, -7.632664277961783, -7.575498624202437, -7.491249072747086, -7.425213841970229, -7.389652053632843, -7.376219212362185, -7.301795569221387, -7.2890390875281845, -7.270285592511846, -7.18677957764286, -7.161069421530988, -7.127656158591241, -7.083488187989678, -7.034100254935649, -6.980500234484396, -6.939329923802044, -6.9309465580120015, -6.915075048103821, -6.910152289368259, -6.907066830465403, -6.89317854580348, -6.8893807228126756, -6.88409114067105, -6.87301978162681, -6.859074948096827, -6.854153773274805, -6.825450239262837, -6.807421749663373, -6.784111380181028, -6.778544841723958, -6.764861941042836, -6.761747645619233, -6.744247369794893, -6.717072988825871, -6.702440462829981, -6.69685504817113, -6.67181609814355, -6.666963375569846, -6.657813704709138, -6.646320816535678, -6.630230791000221, -6.613938445108731, -6.603280147664938, -6.6006871710867845, -6.598097826288001, -6.5950801030885176, -6.5896311177371745, -6.583347349948117, -6.577626301733413, -6.560435303171842, -6.557981325778282, -6.55142258653141, -6.538229490707581, -6.536944043626198, -6.528514060802911, -6.522473811921058, -6.516764140485759, -6.512684313175186, -6.512669604086079, -6.509565080421082, -6.507082194071226, -6.506940660548426, -6.506249602929673, -6.504610947103087, -6.502259348337421, -6.498773061268198, -6.49570890427192, -6.494726622464548, -6.490770572322877, -6.486882683432256, -6.483550863063704, -6.483547597198605, -6.4809865994214535, -6.478837724669892, -6.476839434189838, -6.476220335562891, -6.47404596612588, -6.472250763763918, -6.468462995276501, -6.46637321978496, -6.46543007207839, -6.465261435184215, -6.463526895095109, -6.4620384787671785, -6.46077285259293, -6.460098979635444, -6.45987456417267, -6.459237358662384, -6.458853709387415, -6.458240524506236, -6.456814429466746, -6.456318850487587, -6.456145285860548, -6.455769981604297, -6.454351944750042, -6.45408715316758, -6.452815882657082, -6.452779089376948, -6.451459711791944, -6.450977987078697, -6.450895408678501, -6.450657540950496, -6.450505296415766, -6.45021204569804, -6.450020704740414, -6.4497285365761305, -6.449728353168292, -6.449403085555975, -6.449372302556403, -6.449203843183571, -6.4489915596165694, -6.4484985930136, -6.448468566645697, -6.448468053516621, -6.448417521531057]",8.05,2.491906089642216,8.0,12.95,13.0,1.0,0.0,0.0002560509999966598,24000,0.15,0.99,epsilon_greedy,exp,0.6,0.9995,step_penalty,2700,True
e4,q_learning__6e0a4551__s50,q_learning,6e0a4551,50,15000,17.41024663099961,completed,17,3.1400636936215163,337752,"[-2.0602073762759385, -4.454790383522306, -6.408030430484642, -8.243977102050676, -10.032266748586132, -11.12047668715197, -11.673763817328004, -11.863207286547729, -11.493308121670745, -11.342252300575655, -11.014690851726481, -10.647866931078044, -10.279388293589095, -9.849693432382054, -9.566404409494337, -9.233108648274063, -9.000955680167362, -8.793676828931304, -8.574855217825645, -8.342812430963956, -8.204650855192162, -8.084510467514788, -7.89314751011649, -7.769571841066624, -7.610271801568348, -7.417074962663345, -7.3291413491122075, -7.2749163298919, -7.233995339273629, -7.136483514909568, -7.06850202026134, -7.0490762231689486, -6.999963507321676, -6.960461366765432, -6.882823652659224, -6.832140090024189, -6.76333568069259, -6.738489627918477, -6.698323516562637, -6.667423329800813, -6.6348936166163925, -6.5876722519816955, -6.5546654093074315, -6.523142223550521, -6.517939828669558, -6.4810362380092235, -6.463370000303162, -6.4394638343106285, -6.433252423756283, -6.40428850632061, -6.383170021758974, -6.371976964376915, -6.3459582603880955, -6.3444323407027365, -6.327157753482131, -6.318538171406407, -6.310422359567863, -6.29227266234387, -6.274867555948688, -6.265269642891697, -6.260198134124956, -6.2542068057035545, -6.253337333271196, -6.2422276260794165, -6.237416580604959, -6.230973166909387, -6.218526451865957, -6.211382634805883, -6.206613670954521, -6.196876543485564, -6.190077243523304, -6.185663737704025, -6.180725722828385, -6.177798010077715, -6.173531549391176, -6.170559144154669, -6.169882648700391, -6.166047085983036, -6.164564956822319, -6.164382542619462, -6.16370873074936, -6.162858934903011, -6.158356684090823, -6.15749145673881, -6.155037627083641, -6.154968869067294, -6.152890108596436, -6.150834573055077, -6.148865826444084, -6.148296845101262, -6.148246154472289, -6.14743263629089, -6.144624253074068, -6.143383828900744, -6.142753723572089, -6.142749399749895, -6.142643768158532, -6.1411050996599865, -6.140961794728557, -6.140852472960458, -6.1387487460935946, -6.1375021141154305, -6.1365904777938445, -6.135387230439266, -6.132364306822894, -6.130103044951427, -6.129560862160632, -6.129086006601357, -6.1277157584828865, -6.1269088947805335, -6.12685586025944, -6.126702953727074, -6.12631707330861, -6.125752248347605, -6.12412748287675, -6.123740606005498, -6.122453301121644, -6.1215357430475255, -6.121416387754484, -6.121014048632374, -6.120836746402925, -6.120524497104111, -6.119702567406185, -6.11964058831961, -6.119112821618976, -6.118557089171749, -6.118556910850689, -6.118410139713774, -6.117892699069614, -6.117700078090219, -6.117661810726515, -6.117420462096314, -6.117061724990973, -6.116832003763009, -6.116729092784165, -6.11670558419913, -6.1166171519525, -6.116381903703611, -6.116256164037129, -6.1161908459797205, -6.116162954473522, -6.116137836137611, -6.116137451379507, -6.116131831698326, -6.116074448558541, -6.11590968056364, -6.115747765765274, -6.1155924562305035, -6.115592443934679, -6.115379911735564]",8.05,2.491906089642216,8.0,12.95,13.0,1.0,0.0,0.000260707000070397,24000,0.15,0.99,epsilon_greedy,exp,0.6,0.9995,step_penalty,1500,True
e4,q_learning__6e0a4551__s51,q_learning,6e0a4551,51,15000,17.03026764199967,completed,9,3.538361202590827,337662,"[-2.0087236766098995, -4.045156768427936, -6.19914300774229, -7.8234800502552755, -9.258459377280213, -10.436435132989827, -11.334287002999362, -11.964944853011918, -11.932432985466145, -11.69656020007768, -11.271993944154996, -10.833864627047397, -10.557774508403494, -10.372174771719422, -10.148504199937408, -9.885270830303872, -9.564790809139799, -9.374075673375359, -9.06173413441187, -8.763102015997042, -8.62237927874018, -8.442468002536023, -8.34676926155166, -8.239968918274338, -8.144733714988792, -8.062219011618257, -8.027987792216726, -7.88844440949076, -7.730969337740748, -7.631145475310611, -7.544289722909211, -7.412460168407049, -7.3442335136309485, -7.296864012078728, -7.228433079767715, -7.190208064668469, -7.079146276940427, -7.049406823425298, -7.0104869615742205, -6.9845775855313486, -6.953249988549774, -6.933864461795598, -6.88403684423957, -6.850387705033282, -6.822090323864921, -6.793746247923088, -6.762145871041919, -6.7291940955950675, -6.707247343831186, -6.695044733733236, -6.684811105900914, -6.654445979230764, -6.607274749125052, -6.584127100214572, -6.552831278296732, -6.552094201814417, -6.506740560883214, -6.499832122949908, -6.490132888846956, -6.460274507923984, -6.449642428580339, -6.433568508875478, -6.405261329571802, -6.39879932266451, -6.3985744732128875, -6.390816838077549, -6.373294655703704, -6.370239118252029, -6.357254973336103, -6.335115209019232, -6.327131561363055, -6.314170482651941, -6.30776881994005, -6.303362975444206, -6.296067984711283, -6.286338915023921, -6.285011392760382, -6.276170401319977, -6.270262360284316, -6.264030713037162, -6.2620020349228165, -6.260243094531915, -6.255931035758171, -6.250037141881306, -6.245712614008963, -6.2393334591627525, -6.236802022407746, -6.230463631137878, -6.227575509073887, -6.223334416580654, -6.222205815306793, -6.220021925207657, -6.2182388222930465, -6.216595558266996, -6.216381494217654, -6.214638487576866, -6.2146203461843665, -6.212998572529097, -6.211761314207151, -6.211548605654422, -6.210508861328354, -6.208218342791451, -6.207507780979298, -6.2055353201044285, -6.202970479046112, -6.201397978251888, -6.199401383217288, -6.198660493166385, -6.197989981594083, -6.197487644276098, -6.196383518691957, -6.195885483685767, -6.195145970462252, -6.194184735273725, -6.193076936126244, -6.192608669052705, -6.192275304353603, -6.191675352856892, -6.190539828024816, -6.189903583236662, -6.18960413041374, -6.189188627974452, -6.187534116174135, -6.18718363315279, -6.186541229917406, -6.1855826849925535, -6.185245974648496, -6.1849742055829635, -6.184959236438101, -6.184448635749993, -6.184437854544001, -6.184031363260951, -6.183889414866728, -6.18346209307012, -6.183451963813653, -6.183365252351082, -6.182861583029531, -6.1825699730687775, -6.182315708333447, -6.182147000419501, -6.181984480200359, -6.18160794685338, -6.181379249180008, -6.181190887197739, -6.180924547369426, -6.180869173993632, -6.180845630651649, -6.180547182685102, -6.180371263972803, -6.180254354019651]",8.05,2.491906089642216,8.0,12.95,13.0,1.0,0.0,0.00026621199009241536,24000,0.15,0.99,epsilon_greedy,exp,0.6,0.9995,step_penalty,1700,True
e4,q_learning__9262edec__s42,q_learning,9262edec,42,15000,19.21541499900013,completed,68,3.0819474362811574,335520,"[-0.98868822900771, -2.0297615665799564, -3.046537633512926, -4.125954118267338, -4.977942911389162, -5.316244514280628, -5.173979208228005, -4.7429467024949234, -3.9803991250170556, -3.235328329927308, -2.4131524865185043, -1.6503823262429014, -1.0233137861202093, -0.48328891659453516, 0.054840537180313564, 0.5267455190962879, 0.9358581355150061, 1.3917990747783697, 1.7047131720849116, 2.146985121380083, 2.3788389756728336, 2.665075217558572, 2.8354955791457894, 3.0788100691834686, 3.222260489765176, 3.310235065886415, 3.488851505184127, 3.6252013434589645, 3.777685460704286, 3.8898135535084175, 4.086039351410539, 4.210243222672023, 4.287216889087265, 4.364543581660627, 4.4095812185881975, 4.4966860502214745, 4.5666955159437554, 4.694454331151984, 4.844441150634618, 4.95720884973839, 4.960364541995426, 4.990292874751704, 4.991117344245873, 5.056656981159721, 5.104544984685804, 5.184924186585983, 5.247852842868885, 5.31079268321638, 5.372157044472463, 5.451643704864515, 5.4658835112906505, 5.491815416690526, 5.497435545212515, 5.531762985436213, 5.594152351676893, 5.598189612677545, 5.621823794379959, 5.640526007014131, 5.674082087994814, 5.710811391925101, 5.721556491829785, 5.741877351846735, 5.758646739360503, 5.798484250505472, 5.80549918486997, 5.811414099316159, 5.822155271744206, 5.832299838397966, 5.851269046860566, 5.851369165799919, 5.859685614430982, 5.8854546088112505, 5.892115620851416, 5.902748230168146, 5.914422529092831, 5.914965840800022, 5.922769863764782, 5.934470775357292, 5.9518855272063655, 5.956845681206894, 5.966307892255363, 5.9776420295999575, 5.987991836780305, 5.997639960176636, 6.010853824437303, 6.025019750489637, 6.026080336708571, 6.026190796613731, 6.030442903299436, 6.035060284276316, 6.0407092090227525, 6.0473050236421555, 6.050349910471626, 6.059896959091825, 6.065310712433272, 6.06574372803241, 6.069880703486126, 6.07167651941771, 6.073277572272324, 6.0764872582146285, 6.077734853497997, 6.08447761710718, 6.08873217441804, 6.089545502276902, 6.089558631762643, 6.092888373969776, 6.094698204288261, 6.098535556598824, 6.1020771026284875, 6.103812610839496, 6.10381638009588, 6.107937107388784, 6.109324269966722, 6.110046172951722, 6.110281099927939, 6.11450135003021, 6.115717521615476, 6.11687261905019, 6.118584333414341, 6.122061681581348, 6.123007606644292, 6.124132618031299, 6.127728459070454, 6.127728585516012, 6.130047284950222, 6.131558843542687, 6.133632072263826, 6.1339317454801, 6.135395375739647, 6.135395741650552, 6.135797879170127, 6.136307782344359, 6.136420175575385, 6.137479922493903, 6.137823914162329, 6.13889513485062, 6.138941386931441, 6.140034268249144, 6.140721780336871, 6.140887552432982, 6.140931778897277, 6.141050687245707, 6.14201379367601, 6.142589008611813, 6.1430395967450835, 6.143284898021614, 6.143393281411984, 6.143497732143664, 6.143858281524144, 6.1443793417726456]",8.05,2.491906089642216,8.0,12.95,13.0,1.0,0.0,0.000297003009927721,24000,0.15,0.99,epsilon_greedy,exp,0.6,0.9995,none,1400,True
e4,q_learning__9262edec__s43,q_learning,9262edec,43,15000,19.915852906999135,completed,17,3.490615991483452,334068,"[-0.8904878570391899, -2.11366192614014, -3.1382901502700076, -4.089349701347989, -4.692345800600069, -4.840495722445515, -4.6375983526135505, -4.39902165221862, -3.847145876121512, -2.8905405838545115, -2.073584489949393, -1.4137215790073705, -0.8653113832602053, -0.21676149710531104, 0.3117444489324955, 0.8649785926173792, 1.511113629030767, 1.8246198268046405, 2.256251856127609, 2.468757144876316, 2.8057435257137557, 3.0335987134428275, 3.1789485593322597, 3.4362823831288454, 3.5822006334256935, 3.71819974439502, 3.8604484779177017, 3.9088141564969336, 4.174726604085874, 4.315095889397662, 4.47268485748607, 4.60639182981432, 4.747546125197973, 4.819412631428808, 4.858306033988041, 4.98219257184208, 5.009528581881841, 5.102254664687343, 5.169946515113894, 5.252696270592517, 5.348681270728923, 5.427079928229931, 5.493550981909821, 5.535815503549055, 5.569325142299984, 5.613572352515669, 5.62213247184053, 5.656758599130549, 5.699980355902332, 5.726889599745062, 5.7525142883023905, 5.783497314953434, 5.788896975017236, 5.831182174043436, 5.87742243182964, 5.892611199257343, 5.908036641666527, 5.911858172382181, 5.945643967403758, 5.966028963254181, 5.978141585811245, 6.002678492207538, 6.016501345167449, 6.030524570188636, 6.052830412503307, 6.055694743168612, 6.074105483022252, 6.080685521146726, 6.08953430900406, 6.095125322176713, 6.107633466844277, 6.112180437926693, 6.115112979317761, 6.12511156866108, 6.134113668988129, 6.1480287363812005, 6.156078271597965, 6.157149995339007, 6.162036776888381, 6.17790973253486, 6.181405537714611, 6.1937461206854145, 6.200400388199305, 6.2017137204756825, 6.206992906941176, 6.208429557640729, 6.209867132908429, 6.219963383092083, 6.2213239280706825, 6.224699369240437, 6.227338514998619, 6.228289744106764, 6.229100965477202, 6.235190210671738, 6.236304503977926, 6.240583372098155, 6.245184095144251, 6.2512833405547745, 6.251290164329409, 6.251511965110938, 6.2517812921752105, 6.252298829304501, 6.254988108456791, 6.256670052146079, 6.259784762262444, 6.262056300344654, 6.263217407490973, 6.265659277098275, 6.266864781622099, 6.266865946856296, 6.268008697505294, 6.269051025815469, 6.270352347766959, 6.27103447882497, 6.273351874378359, 6.275184305726814, 6.276968361982833, 6.2800744290817, 6.280835771777919, 6.281236335001623, 6.282137360650508, 6.283345262550038, 6.283407549375427, 6.283859746256246, 6.284112979417367, 6.285072070714119, 6.285901708283743, 6.2868865542636, 6.287051658582101, 6.2876981130617375, 6.288309325736097, 6.28830933993054, 6.288491082102152, 6.288491148346611, 6.288661769385092, 6.28890276893495, 6.2890527278425195, 6.289094158275125, 6.289246125958769, 6.289246158695998, 6.289671205262548, 6.289849188987074, 6.289922922301359, 6.290099079980863, 6.29013163532947, 6.290170736969964, 6.290691736245543, 6.290708095808907, 6.290708104426882, 6.29103416792699]",8.05,2.491906089642216,8.0,12.95,13.0,1.0,0.0,0.00033598600002733293,24000,0.15,0.99,epsilon_greedy,exp,0.6,0.9995,none,1400,True
e4,q_learning__9262edec__s44,q_learning,9262edec,44,15000,19.539867002000392,completed,45,3.3591070241955667,336817,"[-0.8512762051546486, -1.9658484852054816, -3.2981763512041415, -3.992293942081665, -4.688425601154368, -4.907608697267587, -4.643453894833248, -4.122895317465107, -3.6480731382784257, -2.9163510148221237, -2.094383930384648, -1.5822413453353488, -1.007096062750528, -0.6674714911168768, -0.2015656113103475, 0.24092105736899724, 0.7942559067158167, 1.1920078543534118, 1.6802076247921671, 1.9112559162970415, 2.178166419674741, 2.482590590653816, 2.6931263607629874, 3.0121896088137774, 3.211384836808206, 3.48596956337903, 3.680781308784103, 3.883439918063706, 3.980277251674844, 4.1027306616771755, 4.219888554067412, 4.291515610569945, 4.411624585337689, 4.499037867521508, 4.596525182083054, 4.701577793525419, 4.794262690774048, 4.904770502649949, 5.011851336639484, 5.047774402220989, 5.0973232279686815, 5.186555366442863, 5.252789908351696, 5.270316897340448, 5.304469975335888, 5.37648353269238, 5.385618089809757, 5.423934670963459, 5.432378049605805, 5.458681734304372, 5.503608865294913, 5.535961002049467, 5.579401658422845, 5.62178545667166, 5.64355310670452, 5.723745367032312, 5.766148709726611, 5.797114204133126, 5.7996121381114, 5.822090986809724, 5.86500207035443, 5.88791238388141, 5.899947141136872, 5.907396252694465, 5.915450092175503, 5.939091640064457, 5.94269760705372, 5.977717335867142, 5.984964070473324, 5.9932355212553325, 5.994146614751881, 5.995981788060612, 6.000730373028069, 6.006821152303923, 6.01180441633831, 6.018932744627484, 6.027475328475088, 6.028993650751387, 6.0325420648377825, 6.032573066009865, 6.040435695693988, 6.042863370067432, 6.043002435841369, 6.047737251222552, 6.052985356293296, 6.056910772610661, 6.064262404358042, 6.066070203695552, 6.078247827570121, 6.085180519880269, 6.09284693700281, 6.094620563977665, 6.098473205529286, 6.1049677974930034, 6.1082252671973984, 6.110048758466121, 6.110554224696557, 6.112034227746834, 6.114136564760864, 6.114523512437143, 6.117040445596785, 6.117234537092882, 6.119570714206052, 6.1207772507746245, 6.1209370203171565, 6.121888807447212, 6.123088307038008, 6.124794233192303, 6.125430667869147, 6.126100082581147, 6.126215494349095, 6.126226477102676, 6.126241582730866, 6.127487704327214, 6.128407276355173, 6.130047434441052, 6.130105287671152, 6.130879466695872, 6.131508836992771, 6.1329415582425115, 6.133620066032716, 6.134174069901436, 6.134675961284519, 6.1351040277657525, 6.135523528824909, 6.136639028828457, 6.136641535198765, 6.13675621045383, 6.136862292129483, 6.137339691985412, 6.137688797123208, 6.138061831838616, 6.1388085573739595, 6.138980430288345, 6.139758395635163, 6.140061689834256, 6.140284386973734, 6.140317237606487, 6.141052303729423, 6.141150849588666, 6.141448311961905, 6.1424432144678285, 6.142528247025889, 6.142553129129943, 6.142733075482344, 6.143347727095292, 6.143680764719045, 6.143998466839599, 6.144660954574984, 6.144782845662876]",8.03,2.4759652744745915,8.0,12.97,13.0,1.0,0.0,0.00031889200012301443,24000,0.15,0.99,epsilon_greedy,exp,0.6,0.9995,none,1800,True
e4,q_learning__9262edec__s45,q_learning,9262edec,45,15000,19.450711401999797,completed,30,4.044885659694227,332031,"[-0.8893338149689017, -2.10216625087978, -3.180292852379369, -4.166900336434543, -4.910454986331707, -5.195743906700129, -5.07375052900776, -4.265437236494722, -3.9054268083968133, -3.325731551309001, -2.8209503550830997, -2.5301948885206107, -1.9288965843228483, -1.3139584397449415, -0.8914836748030256, -0.447793421695363, -0.10659576544069789, 0.17867970307443173, 0.6065850086771023, 0.9606112660306544, 1.190603133302236, 1.5121372638541026, 1.7518034729185397, 2.245398762304644, 2.4955050189146726, 2.631756767860194, 2.9808611700438306, 3.152724164009064, 3.311082193278953, 3.4940625915531656, 3.663441455574068, 3.790289254746588, 3.883432717107611, 3.934840268039794, 4.105630667997049, 4.242235752955517, 4.32849304860514, 4.44909608319922, 4.530164669540795, 4.592631618089523, 4.665179275960526, 4.731241646802124, 4.816771012148734, 4.838032408697562, 4.882231239557364, 4.917527827744308, 4.9643657270575945, 5.028414470356726, 5.050431788098141, 5.07924799833089, 5.114010603092035, 5.185881295032814, 5.1939214960301054, 5.205070372650824, 5.22799607801844, 5.232221258930531, 5.294012672370499, 5.314727145047055, 5.351533552526188, 5.3600413174249315, 5.4129686581082215, 5.423052981035093, 5.438772131643274, 5.495558403162332, 5.533370555797538, 5.535338874153677, 5.5589211376993894, 5.573916374276606, 5.616330256558583, 5.654704604425513, 5.669383919480415, 5.675064129882504, 5.680453967496788, 5.691869284358904, 5.7205275427555735, 5.722018289689519, 5.722218909966917, 5.72435171521169, 5.733509240314513, 5.740626635996922, 5.748315230862428, 5.748798774877702, 5.776492644097758, 5.792464612681609, 5.806571859026391, 5.825503545107375, 5.828940644763053, 5.8291233721803986, 5.845261663679571, 5.857882780357813, 5.859668923576117, 5.867576968295654, 5.874750881372296, 5.8865822494038555, 5.892385320150415, 5.901923064815789, 5.906536098980728, 5.910006962767897, 5.913568289774747, 5.91763519298399, 5.922853571023999, 5.9262890821471945, 5.930192578546805, 5.932586745220386, 5.936020333714245, 5.936246439084289, 5.937410445810414, 5.9422689989337, 5.945513871103358, 5.9457125806201585, 5.947670218068776, 5.94770860655336, 5.950431468879116, 5.950683043178916, 5.950861979317538, 5.956365094412025, 5.959664268441477, 5.960167236400342, 5.960809997173891, 5.9675762654773585, 5.96945520479368, 5.973911513801435, 5.97570719224039, 5.976762913327662, 5.980347386936525, 5.9806058861601485, 5.981646728969555, 5.98414358918754, 5.984736007913447, 5.986013285463149, 5.986626731927439, 5.987775125045196, 5.989335896659317, 5.990662348472709, 5.992114878375086, 5.99311277901305, 5.9937683587498, 5.994172848089648, 5.994865055148069, 5.996006841324306, 5.9960333369076135, 5.996333332831449, 5.9969053310850535, 5.997347344647935, 5.997502171676965, 5.997868028592828, 5.998258206212308, 5.9991716317340185, 5.999307030891429, 5.999307194503633]",8.05,2.491906089642216,8.0,12.95,13.0,1.0,0.0,0.00047258200003852835,24000,0.15,0.99,epsilon_greedy,exp,0.6,0.9995,none,1300,True
e4,q_learning__9262edec__s46,q_learning,9262edec,46,15000,19.02526209700045,completed,12,2.7726341266023544,336403,"[-0.8610863298046739, -1.9712314221503136, -3.329162662116502, -4.181229286148258, -5.09297038858759, -5.360878859427361, -5.44059525426603, -5.042540678421353, -4.408298248103914, -3.646800449528393, -3.009743275528041, -2.305540218789981, -1.5441263803111487, -0.9151123152550956, -0.26694478786104886, 0.45799471781863993, 0.8824132797519358, 1.3819612399667756, 1.721865840313633, 2.0361144800215243, 2.4673390885011495, 2.7095844500274606, 2.9291807071307643, 3.171443215053872, 3.40483267918755, 3.635880330532254, 3.7314876569336946, 3.9641694716036358, 4.043766948549816, 4.197302533761068, 4.299642503388321, 4.395741667703834, 4.475091100802641, 4.632827702009252, 4.7011436843396, 4.794958625725766, 4.830816282762253, 4.882157120724995, 4.946682152414748, 4.992906501208868, 5.023538862801064, 5.061836545405121, 5.161020242848029, 5.199934695507368, 5.22294328708064, 5.27039852972172, 5.287406062435149, 5.322911431088314, 5.339241748418095, 5.374462621368582, 5.413228314100029, 5.4657909778420635, 5.50827722416602, 5.527248122955054, 5.553681937828118, 5.58593052053856, 5.6193229402691305, 5.6659593234698615, 5.673162332435011, 5.702926987520801, 5.721613123770134, 5.740214902904583, 5.745823631983057, 5.749400034149088, 5.781422492136644, 5.79804207696927, 5.812698676871701, 5.825561243873776, 5.84048430234921, 5.852535591962093, 5.861412707875998, 5.872262155394666, 5.889569735285067, 5.902418331349681, 5.9175704146333565, 5.924358086338901, 5.927768869705152, 5.938327570887244, 5.94654516828843, 5.9519338505587935, 5.958622901382908, 5.963053644756574, 5.971696903317351, 5.974456527007821, 5.9751696592234955, 5.975584550170409, 5.9777006442975305, 5.981751922517446, 5.986823063999937, 5.991474684178995, 5.993600275602922, 5.998564495825934, 6.001063036015827, 6.003364770232077, 6.005091704055008, 6.008626052501326, 6.0101091287663, 6.0116058865954, 6.012944689416385, 6.01369423033455, 6.0148857997968594, 6.0152970088561055, 6.0157461176641585, 6.016469451500177, 6.019876444441362, 6.020948176912219, 6.022269590556027, 6.023307641123826, 6.024125189636735, 6.024254073943204, 6.024451000168052, 6.024780947725789, 6.0250244432831845, 6.025026380957657, 6.025748045950466, 6.02688443607339, 6.028542323814487, 6.028838824131359, 6.029050283228291, 6.0295436277789305, 6.029958315268371, 6.030707696853089, 6.031181311371926, 6.032303460752103, 6.033070353931015, 6.033542585796796, 6.0339839388341785, 6.034542786119975, 6.035220596581021, 6.03528530788806, 6.035635639740599, 6.036241287126288, 6.036265232257685, 6.036739745700534, 6.0376417222741345, 6.037800559816152, 6.037810085397452, 6.037844913509164, 6.037912129044869, 6.038360709369642, 6.038722637795554, 6.039106737687189, 6.039392509085465, 6.039475532826342, 6.039488058686199, 6.039753823285381, 6.039829624155671, 6.0399900743183395, 6.040215230922622, 6.040500660172056]",8.05,2.491906089642216,8.0,12.95,13.0,1.0,0.0,0.0003853929998513195,24000,0.15,0.99,epsilon_greedy,exp,0.6,0.9995,none,2500,True
e4,q_learning__9262edec__s47,q_learning,9262edec,47,15000,19.429825702000016,completed,13,2.832860744900815,331730,"[-0.9973117781096842, -2.1025496612926586, -3.006038533756118, -3.814136818097556, -4.315756533916203, -4.589558599731083, -4.3388827854984555, -3.9296068061551988, -3.429731479665528, -2.8039226300330324, -2.3286344430502948, -1.8544371562325916, -1.2174150756079243, -0.5989826933977778, -0.07746137516562078, 0.5572213199552578, 0.8634846484091133, 1.5911208371931667, 1.9733962906434857, 2.277346493195795, 2.48785622880617, 2.737466218862069, 3.038070428866639, 3.150553998259899, 3.314650886259384, 3.4022853593809876, 3.58092585537615, 3.798998230414759, 4.004381547098395, 4.111375502734466, 4.218986912208036, 4.246680085141246, 4.392832043381883, 4.467789993511972, 4.486244433777484, 4.558352510333632, 4.612417765636466, 4.685564874270417, 4.7062513475410315, 4.7564730092360685, 4.780399185524484, 4.9037021352954095, 4.977650341360309, 5.005077444746102, 5.155225779044329, 5.160726626338401, 5.2689186816703675, 5.279212366731096, 5.306939649714852, 5.315187334453149, 5.342120377324998, 5.346633230735053, 5.380708019404514, 5.396670385902809, 5.435589948149171, 5.4487047035194776, 5.4490265657157755, 5.459094677180601, 5.476198639551012, 5.485990827819593, 5.499542897694789, 5.5022738401607665, 5.53697416484969, 5.545106909035937, 5.551162364044929, 5.555365272924056, 5.560017491209065, 5.590392877169474, 5.597366412648865, 5.609283405265061, 5.6204310327977725, 5.621365830342776, 5.634303876525815, 5.634306321187128, 5.63618156637485, 5.6388054038763595, 5.6675583015541715, 5.678446939265636, 5.683592371848184, 5.701949704200348, 5.703419353012915, 5.70412558339474, 5.7077010496966265, 5.708446720007094, 5.710171868961746, 5.7120652412004755, 5.714336402591271, 5.73404698332048, 5.737651678344127, 5.762099576056108, 5.771770022220112, 5.780159353803922, 5.7807941020968645, 5.782533836315224, 5.784865384634783, 5.78619342264446, 5.78693958850725, 5.794468825051367, 5.802285721339029, 5.803049563776365, 5.809203934685988, 5.809966310294447, 5.815017055613624, 5.815575459037097, 5.8227463081131665, 5.823129043172645, 5.823308553393706, 5.824394468108344, 5.825091411645633, 5.827061705976138, 5.82832687718517, 5.82959867798619, 5.8355457685098555, 5.83600824306341, 5.836172445354649, 5.836610414547018, 5.838852290640077, 5.839783473558029, 5.842358991430217, 5.84267849456056, 5.844570279274482, 5.845119569954686, 5.8455061768309, 5.846666920653714, 5.847138858955507, 5.847171287378655, 5.848031803741349, 5.8488772204439154, 5.848963197706157, 5.849075732556117, 5.850626645331035, 5.851803974769469, 5.85216329542247, 5.852167500066445, 5.852460956323554, 5.852876563097573, 5.853775596337414, 5.854868916531975, 5.855215840515426, 5.855356414807523, 5.856156256366589, 5.856275453621283, 5.8563305666682295, 5.856468631373186, 5.856600795596568, 5.856600817706302, 5.856904133963639, 5.857054365943472, 5.857136940348976, 5.857660338954771]",8.05,2.491906089642216,8.0,12.95,13.0,1.0,0.0,0.00041739700007383364,24000,0.15,0.99,epsilon_greedy,exp,0.6,0.9995,none,1400,True
e4,q_learning__9262edec__s48,q_learning,9262edec,48,15000,18.780364766000275,completed,1,3.3090633115732313,330659,"[-0.8712597197721618, -2.017942329903636, -2.8869128697087216, -3.929047319805307, -4.695764796358887, -4.849493505351756, -4.563113083496459, -4.322758923590779, -3.8215697542831304, -3.157807366623172, -2.4233459420930425, -1.7472569705771346, -1.0405109656004572, -0.2111487244319964, 0.10648653246835216, 0.6836161869762837, 1.1904176864404836, 1.766564238218016, 1.984834831350762, 2.3849310617892936, 2.668076903359276, 2.856136971241823, 3.0356703256524655, 3.1344804441615453, 3.336529100991794, 3.6031784602124555, 3.898710877621324, 4.017325027489492, 4.065530647228901, 4.127415717748501, 4.203238767971818, 4.229260712029172, 4.32836352569363, 4.346821114318278, 4.384170183722701, 4.4272282408213846, 4.486043564591994, 4.542873514241395, 4.571355588875138, 4.63088070086016, 4.674668938150573, 4.741859263167075, 4.79500115730165, 4.806729198337248, 4.844940849682799, 4.882283365986499, 4.9044053755176344, 4.9710611360991575, 5.047398717636396, 5.10237254173441, 5.1633891220106625, 5.185070105126873, 5.202860626832543, 5.204197077710456, 5.234874516380113, 5.260611469587126, 5.2843454014282925, 5.321296770724627, 5.35134300547029, 5.367998675486726, 5.395632298730814, 5.41509166058484, 5.42940909210605, 5.438665198353243, 5.451731226832183, 5.459560194282278, 5.465219875302269, 5.474514261003973, 5.478979718572125, 5.4801403659505095, 5.489986702890142, 5.503327493347212, 5.506590634412941, 5.509406709661624, 5.529414993423606, 5.534705727547496, 5.543030580162938, 5.549268256407296, 5.563019289042088, 5.56585184590234, 5.57742006154722, 5.58370703238622, 5.585741078769681, 5.586418388181345, 5.588121529641493, 5.5918063488167595, 5.5930446789735395, 5.595606987965848, 5.602129241110209, 5.604976359623549, 5.610219118145896, 5.614073023304793, 5.615601586521523, 5.619073874192628, 5.621094810550155, 5.62399003843403, 5.627848935782608, 5.630878349777385, 5.633357911237024, 5.637498405752344, 5.640582596765674, 5.6430494894188685, 5.643776324144227, 5.645207571841772, 5.647887771841159, 5.6512407139853185, 5.652930889715418, 5.653080661361345, 5.654785502363544, 5.656321327572491, 5.657466959814378, 5.657899771907253, 5.659475272595961, 5.661316391524432, 5.661770657465271, 5.661986617114392, 5.663840052659954, 5.664788571210668, 5.665811441424522, 5.665964273473567, 5.666348111960718, 5.6673255757945435, 5.667672394658587, 5.667727862798163, 5.66905281449464, 5.669729114873863, 5.671286077449392, 5.671391567972225, 5.671560280761891, 5.672180942091919, 5.6721809787919275, 5.672972504105434, 5.673290418052891, 5.673719121693155, 5.673770782781029, 5.674030470718872, 5.67447399490086, 5.6745466810881755, 5.674555088736569, 5.674658969011264, 5.674925046296917, 5.675095934848832, 5.675391081183966, 5.675654815188315, 5.675668249090568, 5.6757128241459425, 5.675858607180745, 5.6760686320243146, 5.676079994686638, 5.6763790314230596]",8.05,2.491906089642216,8.0,12.95,13.0,1.0,0.0,0.0004049140000279294,24000,0.15,0.99,epsilon_greedy,exp,0.6,0.9995,none,2000,True
e4,q_learning__9262edec__s49,q_learning,9262edec,49,15000,18.781775564999407,completed,52,3.106042498099471,334414,"[-0.9990335766797448, -2.0135693234821503, -2.959996032931125, -4.0697200367570385, -4.858578105742206, -5.116363759104014, -4.8681029742997755, -4.4030056674518425, -3.667493069648898, -3.0764797718832066, -2.419094435530518, -1.7450019349674193, -1.3797293162859943, -0.738338469318433, -0.2756985083008019, 0.045894266275861344, 0.4694082994643759, 0.8123894827474027, 1.126535693956437, 1.5253181600682586, 1.8363643976967952, 2.203762911996954, 2.543587749942557, 2.813264342703933, 2.9602641890776553, 3.2187807729438935, 3.364278132513546, 3.508559698750405, 3.6491359454589416, 3.779777007682833, 3.8336490051463987, 3.9788882314416947, 4.084770487398511, 4.165750652732551, 4.179370588503601, 4.202883174861152, 4.303759791658465, 4.313208045752371, 4.352210680619385, 4.39990954994725, 4.456037658937374, 4.5057869611659385, 4.578817658329088, 4.646182211583109, 4.721420194551119, 4.747364843786005, 4.773651396944635, 4.797089019414524, 4.821929113537052, 4.8792185999328, 4.91790447447695, 4.921827744990609, 4.950701035570704, 4.966099815918207, 4.977307859412326, 4.9845239530812115, 5.004376750099443, 5.021525083730713, 5.0539320261782255, 5.08113552356801, 5.107011432586718, 5.116266349911672, 5.1207178479737925, 5.134720466562383, 5.170924110656378, 5.195849346238984, 5.233889340799766, 5.253536118019422, 5.293253877864752, 5.299126343857237, 5.3142234217471565, 5.327296326022923, 5.332082716512068, 5.332949797831664, 5.3412568942777, 5.345288280590762, 5.355487044018906, 5.378268116761624, 5.379841317302689, 5.391443367609012, 5.397629352107406, 5.397755351911225, 5.406519093711773, 5.417921199799445, 5.4201271320383215, 5.43469999461916, 5.435794246078016, 5.4490568498422105, 5.454083704378399, 5.467835498886294, 5.470368261551811, 5.474667788212503, 5.47821562683452, 5.4819264014425615, 5.484473158974271, 5.491997878685973, 5.495491221936336, 5.500111906555683, 5.504842920587738, 5.5053652399758155, 5.506371510748624, 5.507728547385763, 5.508371833526868, 5.5101296899496495, 5.51130215820641, 5.51620122462243, 5.5183420967721, 5.520541694888084, 5.527407301035, 5.528130941810946, 5.530327787205592, 5.531235414157547, 5.532116665150441, 5.533485305905903, 5.5382102425014255, 5.539278356070491, 5.54183448512509, 5.545692790656029, 5.547472093164118, 5.548168557206095, 5.548776682639859, 5.549203594048588, 5.549624698092981, 5.551366102359, 5.553958403567088, 5.555437527758696, 5.555577317107543, 5.5557263707004285, 5.556673795901696, 5.557520671231192, 5.558607781009161, 5.560159745491408, 5.562201298261693, 5.562408267807437, 5.562541678953344, 5.5641259758834964, 5.564182117961844, 5.564886699796238, 5.566536307243795, 5.566623990082145, 5.56696198313452, 5.567167492745854, 5.567909186588404, 5.568549759525391, 5.568724954235367, 5.568971604773854, 5.5691067071554725, 5.569299096969778, 5.569497923902947, 5.5696044583458235]",8.05,2.491906089642216,8.0,12.95,13.0,1.0,0.0,0.0002947919999678561,24000,0.15,0.99,epsilon_greedy,exp,0.6,0.9995,none,1800,True
e4,q_learning__9262edec__s50,q_learning,9262edec,50,15000,19.514296161998573,completed,17,3.0442568879777543,335894,"[-1.0301036881379693, -2.227395191761153, -3.2631966440397884, -4.162931941914322, -5.012862745631495, -5.061596209768396, -4.767974856057317, -4.23751312994712, -3.6545949702288576, -2.82583064683856, -2.335535655548857, -1.9335007180964079, -1.372385091095645, -0.8225660997192177, -0.3360998413149679, 0.22040651568140626, 0.6420066554030728, 0.9851754823163004, 1.2741392955890718, 1.4974401786285247, 1.8312077985279975, 2.079661486376104, 2.3607670008759323, 2.6240626516678565, 2.839510787501949, 3.107541183851545, 3.2662218008130983, 3.4430345692107465, 3.5629181988261363, 3.6734168998746197, 3.8713114383043195, 4.139560640618143, 4.293923927390612, 4.34802546533812, 4.358395228928563, 4.4804127871622486, 4.547205172736641, 4.6056103949020235, 4.628209662758064, 4.679761768224213, 4.750632208379046, 4.773448765421035, 4.798339513923808, 4.867186448283216, 4.894692366748014, 4.905661945790925, 4.937263222093209, 4.973888423410221, 5.006245250260533, 5.026259131577459, 5.085616070580007, 5.106119907575874, 5.1169255554941575, 5.165911239574636, 5.248657170062128, 5.281416141196404, 5.29166844152704, 5.314415556287359, 5.331382350744625, 5.334475540792705, 5.366253898439353, 5.37872254696897, 5.391259233951205, 5.393496719735273, 5.433151658010803, 5.447320912745435, 5.456723991303572, 5.480742071107042, 5.50665672903259, 5.517085858962464, 5.524719624943387, 5.531985647564259, 5.538908824727558, 5.554158410832729, 5.562107666093561, 5.570497849096834, 5.575029556232859, 5.600574486793793, 5.603227538100601, 5.610989865408641, 5.6180313292824025, 5.620559480839666, 5.628241307815943, 5.632133562115741, 5.649901976853113, 5.653364623739017, 5.658581481856357, 5.664296143772379, 5.67532857602525, 5.6802204511383145, 5.680230877732234, 5.685576098511079, 5.689147697133236, 5.692681503769465, 5.699109998245674, 5.699473703217425, 5.700820904361918, 5.704592286809273, 5.708815557202043, 5.711545909513258, 5.712656409589247, 5.715196874860525, 5.717624699000568, 5.719706847931699, 5.720487831648361, 5.72178315219858, 5.723861370097385, 5.726063006315635, 5.72769327442973, 5.730369467301262, 5.732109525353424, 5.7325484302244085, 5.733246223270421, 5.733275022787661, 5.733652048646774, 5.735365823826613, 5.736937190495321, 5.737731585601777, 5.739674970142855, 5.740858157596227, 5.742024896207669, 5.742650285862323, 5.743290908610054, 5.743882582112553, 5.7444738243558975, 5.744474269312255, 5.745236708647609, 5.7461681780833, 5.74632302697828, 5.746957703006085, 5.747710117144851, 5.747838741420926, 5.747980784876907, 5.748173062583333, 5.748428151232669, 5.748764808479464, 5.749006815235786, 5.74967616221559, 5.74988127000064, 5.750123755170306, 5.750165527058942, 5.750360814554527, 5.750838795659876, 5.751199871660819, 5.751387941954035, 5.752062339666364, 5.752062346712817, 5.752273911302475, 5.7525216109903425, 5.752764509111995]",8.05,2.491906089642216,8.0,12.95,13.0,1.0,0.0,0.00040232999994259443,24000,0.15,0.99,epsilon_greedy,exp,0.6,0.9995,none,1800,True
e4,q_learning__9262edec__s51,q_learning,9262edec,51,15000,19.284185062000688,completed,9,2.7511997382960036,331670,"[-1.0043618383049497, -1.9675898101398386, -3.1348870167865, -4.228433095015374, -4.888101908940947, -5.26364975093085, -5.148920513117011, -4.338301648047325, -3.8144970602574184, -3.118371253814659, -2.593184544267276, -2.0998546442441373, -1.6610900164583704, -1.1122295746057302, -0.8040898779238691, -0.15857694386373786, 0.3093085929313352, 0.7110461604722375, 1.1085681136936525, 1.5207523471839364, 1.7316254090324432, 2.0500137666300153, 2.235338413163548, 2.652855114500136, 2.900669448770133, 2.998191912205558, 3.14405799352423, 3.444192715560349, 3.6041685597233863, 3.7101855736657194, 3.7832161719639554, 3.9733381178480713, 4.140929361641765, 4.2688341929949205, 4.334660726199945, 4.3507246956065675, 4.430774739138814, 4.475532265553763, 4.520139702456019, 4.537007936710779, 4.574699818135298, 4.631201439886525, 4.657182639244521, 4.692400868206579, 4.740537455335326, 4.807776312412224, 4.894141431682458, 4.92930344842395, 4.960054933652978, 4.960168556259335, 5.001473093028479, 5.071355903380624, 5.1166644695917665, 5.148054981077673, 5.160780736543609, 5.186265011522975, 5.1965207665067314, 5.2211440352164, 5.240741989315355, 5.25714441293349, 5.273049563578401, 5.293720804618271, 5.334377462641963, 5.363588222708284, 5.377733116738793, 5.387300790171017, 5.402875543264717, 5.415680170849424, 5.426071751006318, 5.426445180090107, 5.453466566583258, 5.470647643992065, 5.478760495890151, 5.4851300152987585, 5.486380214795212, 5.492626184445597, 5.497177284815334, 5.509768804797929, 5.5225770346435645, 5.524948086149165, 5.528473164515211, 5.546408510966587, 5.56494403277097, 5.567426439496232, 5.56943206349573, 5.573501364051467, 5.583559881063184, 5.588312016954846, 5.598241554096568, 5.602050007597012, 5.610413054374621, 5.621772091315891, 5.628302509983217, 5.629863336399888, 5.634800723353845, 5.637385441725275, 5.640536232542578, 5.640662487394234, 5.64226506381029, 5.642407409645288, 5.644613796547242, 5.648357562229418, 5.656312002538892, 5.660646652727076, 5.662113874770669, 5.664210021018809, 5.66441014394327, 5.665005094275837, 5.665836860559545, 5.6671678860899135, 5.671912234879913, 5.6740206264195026, 5.67842247055739, 5.678830890223157, 5.680176855240002, 5.687803949490357, 5.689181590584352, 5.6899996840559055, 5.690812358718015, 5.690914025131377, 5.692083767678588, 5.6933856462806665, 5.694076326095219, 5.694682945708374, 5.694902011359889, 5.695782765877218, 5.698953128973672, 5.699144661518022, 5.699250986243407, 5.703819427659569, 5.70454268296447, 5.70479781544956, 5.705047930328169, 5.70560509944374, 5.705605099677855, 5.705699761167524, 5.705841707620755, 5.706000491925597, 5.706001102837664, 5.706033692342744, 5.706372002283987, 5.70654732219138, 5.706672912020967, 5.706733388404247, 5.706733450703843, 5.707187245834317, 5.7072087394787205, 5.70728138836854, 5.70774151422678, 5.709499511539914]",8.05,2.491906089642216,8.0,12.95,13.0,1.0,0.0,0.0003170620001219504,24000,0.15,0.99,epsilon_greedy,exp,0.6,0.9995,none,1700,True
