exp_id,run_id,algorithm,config_hash,seed,n_train_episodes,train_wall_time_s,stop_reason,first_success_episode,post_convergence_std,cum_env_steps,probe_max_q,eval_mean_reward,eval_std_reward,eval_median_reward,eval_mean_steps,eval_median_steps,eval_success_rate,eval_mean_illegal,eval_mean_episode_seconds,memory_bytes,alpha,gamma,exploration,decay_type,decay_frac,epsilon_decay,reward_shaping,episodes_to_threshold,converged
e7,brute_force__69030a37__s42,brute_force,69030a37,42,15000,65.08982059399932,completed,29,87.16315964901686,2947595,"[nan, nan, nan, nan, nan, nan, nan, nan, nan, nan, nan, nan, nan, nan, nan, nan, nan, nan, nan, nan, nan, nan, nan, nan, nan, nan, nan, nan, nan, nan, nan, nan, nan, nan, nan, nan, nan, nan, nan, nan, nan, nan, nan, nan, nan, nan, nan, nan, nan, nan, nan, nan, nan, nan, nan, nan, nan, nan, nan, nan, nan, nan, nan, nan, nan, nan, nan, nan, nan, nan, nan, nan, nan, nan, nan, nan, nan, nan, nan, nan, nan, nan, nan, nan, nan, nan, nan, nan, nan, nan, nan, nan, nan, nan, nan, nan, nan, nan, nan, nan, nan, nan, nan, nan, nan, nan, nan, nan, nan, nan, nan, nan, nan, nan, nan, nan, nan, nan, nan, nan, nan, nan, nan, nan, nan, nan, nan, nan, nan, nan, nan, nan, nan, nan, nan, nan, nan, nan, nan, nan, nan, nan, nan, nan, nan, nan, nan, nan, nan, nan]",-786.63,84.04792464043142,-794.0,198.78,200.0,0.01,65.34,0.0036099299999841606,0,0.15,0.99,epsilon_greedy,exp,0.6,0.9995,none,,False
e7,brute_force__69030a37__s43,brute_force,69030a37,43,15000,66.4841810479993,completed,9,105.60325515816261,2945835,"[nan, nan, nan, nan, nan, nan, nan, nan, nan, nan, nan, nan, nan, nan, nan, nan, nan, nan, nan, nan, nan, nan, nan, nan, nan, nan, nan, nan, nan, nan, nan, nan, nan, nan, nan, nan, nan, nan, nan, nan, nan, nan, nan, nan, nan, nan, nan, nan, nan, nan, nan, nan, nan, nan, nan, nan, nan, nan, nan, nan, nan, nan, nan, nan, nan, nan, nan, nan, nan, nan, nan, nan, nan, nan, nan, nan, nan, nan, nan, nan, nan, nan, nan, nan, nan, nan, nan, nan, nan, nan, nan, nan, nan, nan, nan, nan, nan, nan, nan, nan, nan, nan, nan, nan, nan, nan, nan, nan, nan, nan, nan, nan, nan, nan, nan, nan, nan, nan, nan, nan, nan, nan, nan, nan, nan, nan, nan, nan, nan, nan, nan, nan, nan, nan, nan, nan, nan, nan, nan, nan, nan, nan, nan, nan, nan, nan, nan, nan, nan, nan]",-774.92,95.33817321895398,-785.0,197.54,200.0,0.05,64.27,0.0033899693400053364,0,0.15,0.99,epsilon_greedy,exp,0.6,0.9995,none,,False
e7,brute_force__69030a37__s44,brute_force,69030a37,44,15000,64.58594677400106,completed,24,117.67512736343225,2946059,"[nan, nan, nan, nan, nan, nan, nan, nan, nan, nan, nan, nan, nan, nan, nan, nan, nan, nan, nan, nan, nan, nan, nan, nan, nan, nan, nan, nan, nan, nan, nan, nan, nan, nan, nan, nan, nan, nan, nan, nan, nan, nan, nan, nan, nan, nan, nan, nan, nan, nan, nan, nan, nan, nan, nan, nan, nan, nan, nan, nan, nan, nan, nan, nan, nan, nan, nan, nan, nan, nan, nan, nan, nan, nan, nan, nan, nan, nan, nan, nan, nan, nan, nan, nan, nan, nan, nan, nan, nan, nan, nan, nan, nan, nan, nan, nan, nan, nan, nan, nan, nan, nan, nan, nan, nan, nan, nan, nan, nan, nan, nan, nan, nan, nan, nan, nan, nan, nan, nan, nan, nan, nan, nan, nan, nan, nan, nan, nan, nan, nan, nan, nan, nan, nan, nan, nan, nan, nan, nan, nan, nan, nan, nan, nan, nan, nan, nan, nan, nan, nan]",-782.4,76.67957730554842,-785.0,197.88,200.0,0.04,65.04,0.003277185999959329,0,0.15,0.99,epsilon_greedy,exp,0.6,0.9995,none,,False
e7,brute_force__69030a37__s45,brute_force,69030a37,45,15000,68.4804575420003,completed,20,79.12210500233168,2950777,"[nan, nan, nan, nan, nan, nan, nan, nan, nan, nan, nan, nan, nan, nan, nan, nan, nan, nan, nan, nan, nan, nan, nan, nan, nan, nan, nan, nan, nan, nan, nan, nan, nan, nan, nan, nan, nan, nan, nan, nan, nan, nan, nan, nan, nan, nan, nan, nan, nan, nan, nan, nan, nan, nan, nan, nan, nan, nan, nan, nan, nan, nan, nan, nan, nan, nan, nan, nan, nan, nan, nan, nan, nan, nan, nan, nan, nan, nan, nan, nan, nan, nan, nan, nan, nan, nan, nan, nan, nan, nan, nan, nan, nan, nan, nan, nan, nan, nan, nan, nan, nan, nan, nan, nan, nan, nan, nan, nan, nan, nan, nan, nan, nan, nan, nan, nan, nan, nan, nan, nan, nan, nan, nan, nan, nan, nan, nan, nan, nan, nan, nan, nan, nan, nan, nan, nan, nan, nan, nan, nan, nan, nan, nan, nan, nan, nan, nan, nan, nan, nan]",-785.05,87.13317045729137,-785.0,198.49,200.0,0.02,65.22,0.003380418970009487,0,0.15,0.99,epsilon_greedy,exp,0.6,0.9995,none,,False
e7,brute_force__69030a37__s46,brute_force,69030a37,46,15000,68.20451172100002,completed,26,65.75028212867227,2949647,"[nan, nan, nan, nan, nan, nan, nan, nan, nan, nan, nan, nan, nan, nan, nan, nan, nan, nan, nan, nan, nan, nan, nan, nan, nan, nan, nan, nan, nan, nan, nan, nan, nan, nan, nan, nan, nan, nan, nan, nan, nan, nan, nan, nan, nan, nan, nan, nan, nan, nan, nan, nan, nan, nan, nan, nan, nan, nan, nan, nan, nan, nan, nan, nan, nan, nan, nan, nan, nan, nan, nan, nan, nan, nan, nan, nan, nan, nan, nan, nan, nan, nan, nan, nan, nan, nan, nan, nan, nan, nan, nan, nan, nan, nan, nan, nan, nan, nan, nan, nan, nan, nan, nan, nan, nan, nan, nan, nan, nan, nan, nan, nan, nan, nan, nan, nan, nan, nan, nan, nan, nan, nan, nan, nan, nan, nan, nan, nan, nan, nan, nan, nan, nan, nan, nan, nan, nan, nan, nan, nan, nan, nan, nan, nan, nan, nan, nan, nan, nan, nan]",-754.27,116.11156729889603,-767.0,194.92,200.0,0.09,62.36,0.003275112009978329,0,0.15,0.99,epsilon_greedy,exp,0.6,0.9995,none,,False
e7,brute_force__69030a37__s47,brute_force,69030a37,47,15000,68.4328833139989,completed,45,87.16336615803684,2952976,"[nan, nan, nan, nan, nan, nan, nan, nan, nan, nan, nan, nan, nan, nan, nan, nan, nan, nan, nan, nan, nan, nan, nan, nan, nan, nan, nan, nan, nan, nan, nan, nan, nan, nan, nan, nan, nan, nan, nan, nan, nan, nan, nan, nan, nan, nan, nan, nan, nan, nan, nan, nan, nan, nan, nan, nan, nan, nan, nan, nan, nan, nan, nan, nan, nan, nan, nan, nan, nan, nan, nan, nan, nan, nan, nan, nan, nan, nan, nan, nan, nan, nan, nan, nan, nan, nan, nan, nan, nan, nan, nan, nan, nan, nan, nan, nan, nan, nan, nan, nan, nan, nan, nan, nan, nan, nan, nan, nan, nan, nan, nan, nan, nan, nan, nan, nan, nan, nan, nan, nan, nan, nan, nan, nan, nan, nan, nan, nan, nan, nan, nan, nan, nan, nan, nan, nan, nan, nan, nan, nan, nan, nan, nan, nan, nan, nan, nan, nan, nan, nan]",-782.2,73.49445110642262,-785.0,198.4,200.0,0.04,64.96,0.003535512109992851,0,0.15,0.99,epsilon_greedy,exp,0.6,0.9995,none,,False
e7,brute_force__69030a37__s48,brute_force,69030a37,48,15000,68.20927603999917,completed,1,95.00905220030351,2948664,"[nan, nan, nan, nan, nan, nan, nan, nan, nan, nan, nan, nan, nan, nan, nan, nan, nan, nan, nan, nan, nan, nan, nan, nan, nan, nan, nan, nan, nan, nan, nan, nan, nan, nan, nan, nan, nan, nan, nan, nan, nan, nan, nan, nan, nan, nan, nan, nan, nan, nan, nan, nan, nan, nan, nan, nan, nan, nan, nan, nan, nan, nan, nan, nan, nan, nan, nan, nan, nan, nan, nan, nan, nan, nan, nan, nan, nan, nan, nan, nan, nan, nan, nan, nan, nan, nan, nan, nan, nan, nan, nan, nan, nan, nan, nan, nan, nan, nan, nan, nan, nan, nan, nan, nan, nan, nan, nan, nan, nan, nan, nan, nan, nan, nan, nan, nan, nan, nan, nan, nan, nan, nan, nan, nan, nan, nan, nan, nan, nan, nan, nan, nan, nan, nan, nan, nan, nan, nan, nan, nan, nan, nan, nan, nan, nan, nan, nan, nan, nan, nan]",-770.09,123.55247484532246,-785.0,195.08,200.0,0.06,64.03,0.003497956129976956,0,0.15,0.99,epsilon_greedy,exp,0.6,0.9995,none,,False
e7,brute_force__69030a37__s49,brute_force,69030a37,49,15000,73.04889946200092,completed,14,90.877224319408,2948918,"[nan, nan, nan, nan, nan, nan, nan, nan, nan, nan, nan, nan, nan, nan, nan, nan, nan, nan, nan, nan, nan, nan, nan, nan, nan, nan, nan, nan, nan, nan, nan, nan, nan, nan, nan, nan, nan, nan, nan, nan, nan, nan, nan, nan, nan, nan, nan, nan, nan, nan, nan, nan, nan, nan, nan, nan, nan, nan, nan, nan, nan, nan, nan, nan, nan, nan, nan, nan, nan, nan, nan, nan, nan, nan, nan, nan, nan, nan, nan, nan, nan, nan, nan, nan, nan, nan, nan, nan, nan, nan, nan, nan, nan, nan, nan, nan, nan, nan, nan, nan, nan, nan, nan, nan, nan, nan, nan, nan, nan, nan, nan, nan, nan, nan, nan, nan, nan, nan, nan, nan, nan, nan, nan, nan, nan, nan, nan, nan, nan, nan, nan, nan, nan, nan, nan, nan, nan, nan, nan, nan, nan, nan, nan, nan, nan, nan, nan, nan, nan, nan]",-774.66,66.38900054933343,-785.0,199.71,200.0,0.02,63.93,0.0034016958699976383,0,0.15,0.99,epsilon_greedy,exp,0.6,0.9995,none,,False
e7,brute_force__69030a37__s50,brute_force,69030a37,50,15000,68.77944993399979,completed,1,100.72636993359782,2950815,"[nan, nan, nan, nan, nan, nan, nan, nan, nan, nan, nan, nan, nan, nan, nan, nan, nan, nan, nan, nan, nan, nan, nan, nan, nan, nan, nan, nan, nan, nan, nan, nan, nan, nan, nan, nan, nan, nan, nan, nan, nan, nan, nan, nan, nan, nan, nan, nan, nan, nan, nan, nan, nan, nan, nan, nan, nan, nan, nan, nan, nan, nan, nan, nan, nan, nan, nan, nan, nan, nan, nan, nan, nan, nan, nan, nan, nan, nan, nan, nan, nan, nan, nan, nan, nan, nan, nan, nan, nan, nan, nan, nan, nan, nan, nan, nan, nan, nan, nan, nan, nan, nan, nan, nan, nan, nan, nan, nan, nan, nan, nan, nan, nan, nan, nan, nan, nan, nan, nan, nan, nan, nan, nan, nan, nan, nan, nan, nan, nan, nan, nan, nan, nan, nan, nan, nan, nan, nan, nan, nan, nan, nan, nan, nan, nan, nan, nan, nan, nan, nan]",-778.38,106.29450036610929,-794.0,196.5,200.0,0.05,64.77,0.0035942717899706622,0,0.15,0.99,epsilon_greedy,exp,0.6,0.9995,none,,False
e7,brute_force__69030a37__s51,brute_force,69030a37,51,15000,67.94602273800047,completed,1,90.19443220066302,2944584,"[nan, nan, nan, nan, nan, nan, nan, nan, nan, nan, nan, nan, nan, nan, nan, nan, nan, nan, nan, nan, nan, nan, nan, nan, nan, nan, nan, nan, nan, nan, nan, nan, nan, nan, nan, nan, nan, nan, nan, nan, nan, nan, nan, nan, nan, nan, nan, nan, nan, nan, nan, nan, nan, nan, nan, nan, nan, nan, nan, nan, nan, nan, nan, nan, nan, nan, nan, nan, nan, nan, nan, nan, nan, nan, nan, nan, nan, nan, nan, nan, nan, nan, nan, nan, nan, nan, nan, nan, nan, nan, nan, nan, nan, nan, nan, nan, nan, nan, nan, nan, nan, nan, nan, nan, nan, nan, nan, nan, nan, nan, nan, nan, nan, nan, nan, nan, nan, nan, nan, nan, nan, nan, nan, nan, nan, nan, nan, nan, nan, nan, nan, nan, nan, nan, nan, nan, nan, nan, nan, nan, nan, nan, nan, nan, nan, nan, nan, nan, nan, nan]",-759.54,122.80710175891394,-776.0,193.68,200.0,0.08,63.06,0.0034706360098425647,0,0.15,0.99,epsilon_greedy,exp,0.6,0.9995,none,,False
e7,double_q_learning__f4d89acb__s42,double_q_learning,f4d89acb,42,15000,14.45133295999949,completed,26,3.610484731999292,379260,"[-1.2971480208152175, -2.870116847729114, -4.310244958490639, -6.00666848362985, -7.5216927620323055, -9.047709522410342, -10.231949226664973, -11.399428813893314, -12.304896884658449, -12.844590307007591, -13.04816936236404, -12.837069364406196, -12.743869966970005, -12.389219134367925, -12.12600734179715, -11.726689100018058, -11.267226459433099, -10.533196774324717, -9.970772528683415, -9.240828050457525, -8.739805820709064, -8.211247839558764, -7.786389426396667, -7.188610898392923, -6.520328303529198, -5.9065228318913165, -5.548918370788775, -4.943254989592295, -4.429534185740206, -3.95536716680043, -3.4258791295944566, -3.1155896232125126, -2.4127519393720176, -2.012321079534758, -1.580657237531409, -1.2035464554967203, -1.0223056041436183, -0.6890968535569058, -0.34925143736735637, 0.04613698181179018, 0.4322311778539744, 0.7554086687381779, 1.0219583120189788, 1.3530919806810686, 1.7142185380667234, 1.9443249722867297, 2.2665361671046615, 2.6537003759870634, 2.767622394187164, 3.0680398097254264, 3.2530806898369273, 3.629593083663364, 4.00764340477936, 4.209487366975775, 4.400533374231604, 4.566046611141483, 4.770078430330873, 4.8954367358412165, 5.060269860015513, 5.222171700785705, 5.40820268850405, 5.610644374008375, 5.849025831304166, 6.067276492748154, 6.226224514231961, 6.419615643126027, 6.522085750055623, 6.635706929260481, 6.799971123660703, 6.863307768079186, 7.097034018334361, 7.400960150099981, 7.47571140487532, 7.633580202512737, 7.745022382283876, 7.917475350227392, 8.001778943331844, 8.01998395661072, 8.084498515077895, 8.100939632128767, 8.22903895668272, 8.356395133997488, 8.461202182153981, 8.665722393855775, 8.773134444329367, 8.876538818167045, 8.949620609874993, 9.142909478193015, 9.248470833839848, 9.26164824834009, 9.333194734236287, 9.411834677210882, 9.532905430005124, 9.630021935008795, 9.657199075311013, 9.672066846517897, 9.752624878436144, 9.783215212387425, 9.831675419594978, 9.841440823734873, 9.8453680434617, 9.87244213645307, 9.907693788759474, 9.933434769185252, 9.970448295160912, 9.992531277498909, 10.070205939279987, 10.09726804777621, 10.141866772202867, 10.177578572506706, 10.184055427417386, 10.234358064853023, 10.2596678879484, 10.412538088239552, 10.495535372568618, 10.504973755748294, 10.58054083927489, 10.617519754633713, 10.719167071204573, 10.811295159598842, 10.879919961286625, 10.912435102630068, 10.945422936643155, 10.967257472441421, 10.996649058732036, 11.051304927392218, 11.057998003879772, 11.086409852527716, 11.127747331058725, 11.138730764815591, 11.215662004495739, 11.247248982483443, 11.269992938552543, 11.274003640389486, 11.340267752747398, 11.351934558488422, 11.387303035769119, 11.405546618947302, 11.413464062341186, 11.432544942478449, 11.45314290001877, 11.466443553820614, 11.469021729630784, 11.476820100708364, 11.477424661904715, 11.489762878465351, 11.498694555439906, 11.52024261824439, 11.54182963548193, 11.542164908442894]",8.05,2.491906089642216,8.0,12.95,13.0,1.0,0.0,0.00026328900010412325,48000,0.15,0.99,epsilon_greedy,exp,0.6,0.9995,none,3100.0,True
e7,double_q_learning__f4d89acb__s43,double_q_learning,f4d89acb,43,15000,14.350988258000143,completed,3,3.3395209237254373,375666,"[-0.9274440692390676, -2.6731751227238587, -4.492334291411429, -6.10638497092606, -7.741319843189499, -9.126351665130848, -10.318034102418618, -11.19627389650365, -11.844672290180645, -12.295915016754007, -12.589714654499794, -12.445293106267734, -12.241130899676852, -11.956270933674299, -11.497392387746364, -10.969220318934498, -10.351657178542514, -9.968211075710544, -9.46773716024961, -8.975747040877701, -8.398121011176256, -7.886783897221401, -7.403609972488095, -6.746929807262239, -6.417363174555029, -5.840707924815067, -5.499882926364043, -5.187097201432783, -4.553872605491813, -4.0023923453161965, -3.2429578025993058, -2.8198475905007276, -2.403234690960956, -1.7261922101321958, -1.0924246755811928, -0.6020226380581818, -0.13116536895964448, 0.3064874322487952, 0.6402223339665783, 1.0818239447998441, 1.398540013910911, 1.7126984250146118, 2.203036496738808, 2.5007839111001378, 2.6779464640233015, 3.0027158925839834, 3.3338661477286746, 3.7534342637992077, 4.1293028233534645, 4.4184797160875116, 4.732352627952966, 4.920581283545627, 5.21820376091337, 5.3637097280872545, 5.510402528064421, 5.7229335617557275, 5.953363507993935, 6.158460028240726, 6.244991666795277, 6.343042951251101, 6.53971558552315, 6.665333332832619, 6.843075660818526, 6.87447079120889, 7.037916035539351, 7.156486400490066, 7.258249524634206, 7.390483085781924, 7.5148835554460565, 7.608909629190635, 7.754418283407745, 7.8829753220426495, 7.967856916790223, 8.047654663721096, 8.175270767379738, 8.31878724044031, 8.491317405234476, 8.603774029683386, 8.669406645651355, 8.724250678025742, 8.997216667679199, 9.098382478299511, 9.205960282603524, 9.260909454139883, 9.47768475285106, 9.648080731184763, 9.732943352112443, 9.764248667089209, 9.900855210023725, 9.969742888349987, 10.069386644302574, 10.12854383922845, 10.204005449492533, 10.235203131809252, 10.266582952566987, 10.318966758798606, 10.36032087745012, 10.38265875818161, 10.40743967620467, 10.424231888793688, 10.471294400065851, 10.51414569855844, 10.587284071364623, 10.638024842480634, 10.701848971785786, 10.725452242829801, 10.809708123734676, 10.826092644462076, 10.83955590517824, 10.842899288020966, 10.860579046010509, 10.88123699048588, 10.92206468242795, 10.96868431516602, 11.012412907641172, 11.024350952493444, 11.0581139627682, 11.076550205861885, 11.110751130493645, 11.142034932825474, 11.16109257978889, 11.211474526786072, 11.213524166151922, 11.243629434294155, 11.268208006998622, 11.324089214705278, 11.33406449082844, 11.343226261997234, 11.357878946635399, 11.366072390459028, 11.415809821793406, 11.44287782952363, 11.511268662846694, 11.576549510414102, 11.588949199905043, 11.607965410197533, 11.658450390840548, 11.714801521183094, 11.72982990106507, 11.760937766245549, 11.782142844594885, 11.825829664776638, 11.838515431335868, 11.846454891089438, 11.875006384823013, 11.899683449296184, 11.920587069703418, 11.93329650072129, 11.936928011067868, 11.960850219106778]",8.05,2.491906089642216,8.0,12.95,13.0,1.0,0.0,0.00027238599992415404,48000,0.15,0.99,epsilon_greedy,exp,0.6,0.9995,none,3500.0,True
e7,double_q_learning__f4d89acb__s44,double_q_learning,f4d89acb,44,15000,14.212822188001155,completed,5,4.27452921384332,375691,"[-1.1219898535334856, -2.6985615794317686, -4.2639547081425, -5.638412510549668, -7.381071969453237, -8.502740235464453, -9.814968840959077, -10.74029567719298, -11.422831706412845, -11.767224563710077, -11.954435615648173, -11.920035098781828, -11.406803253399996, -10.905380136475971, -10.235457335973662, -9.79933055042307, -9.356871185799006, -8.83733716893433, -8.071158532745493, -7.427327448734173, -6.9835133631824915, -6.273203127777677, -5.795266170746181, -5.3189754691844975, -4.614542398328561, -4.1975279548789635, -3.7824560213553697, -3.2119568741050673, -2.7088079086526347, -2.374800593143121, -1.9147843943896814, -1.5101205672058022, -1.0267803642012423, -0.48063521290548994, -0.1979856434178706, 0.22571779138615522, 0.6966864103641035, 1.05484891628531, 1.4831150995628315, 1.841689620841351, 2.1231745593858293, 2.4110850547871143, 2.641419602158144, 2.826961749497166, 3.063730187507145, 3.3144397005057495, 3.5967151831402258, 3.8083150267268615, 4.031346647001574, 4.220055820435888, 4.430791624501429, 4.726528333107349, 5.002451892138888, 5.200137595885633, 5.380491736337498, 5.592562607704712, 5.792318076130451, 5.9081450703358165, 5.967538209387005, 6.080659401188968, 6.238787292518096, 6.277532841910836, 6.447256118952264, 6.473761003743259, 6.66384038059367, 6.749984196859459, 6.882251561206398, 7.088860584820066, 7.229693947395128, 7.306231323754249, 7.339532153520315, 7.424733731544138, 7.626071553344927, 7.84940428231525, 8.013441215514064, 8.123620939276458, 8.235676632372975, 8.3728292931878, 8.485489755962254, 8.657795933827622, 8.696027835613213, 8.706078660195638, 8.882717084211757, 8.96490383047121, 9.004619949205592, 9.055708287041302, 9.12093976074142, 9.155868550603897, 9.268850121137325, 9.316636100947175, 9.457473633038758, 9.488025953219024, 9.566142742986358, 9.616471820329094, 9.68481616879721, 9.686614489634334, 9.726006182036912, 9.794848721554274, 9.830093006568058, 9.858021285751569, 9.985844300767992, 10.066885665387938, 10.104225325715127, 10.167341885269412, 10.303876231792836, 10.33641705123117, 10.351654920272, 10.37205753330518, 10.40507483147044, 10.409720251083664, 10.446955605465115, 10.447477914051317, 10.497194249932166, 10.6036507872925, 10.662738353686553, 10.706083559325146, 10.735512669443406, 10.771660958720096, 10.830204524182625, 10.88894063260685, 10.933008677860363, 10.976319571771228, 10.985966509784994, 11.00604344470666, 11.029246711028666, 11.057359402884904, 11.073482898123222, 11.095772029528453, 11.110590309814452, 11.110694317807972, 11.144743304092085, 11.18377843990478, 11.196164782843562, 11.241338794528623, 11.251799926288353, 11.265218705051018, 11.279060761677707, 11.308549340151872, 11.33965181917522, 11.362985160890585, 11.382093133564313, 11.391662833451022, 11.404561443096984, 11.411964486422418, 11.422172949357607, 11.450136951253961, 11.483661010274577, 11.499976673032302, 11.513533619733018, 11.53648321275533]",8.05,2.491906089642216,8.0,12.95,13.0,1.0,0.0,0.0002540610000323795,48000,0.15,0.99,epsilon_greedy,exp,0.6,0.9995,none,2600.0,True
e7,double_q_learning__f4d89acb__s45,double_q_learning,f4d89acb,45,15000,14.859076774000641,completed,7,3.420760149440472,381603,"[-0.9042480630363843, -2.6775504568718556, -4.275314108223369, -5.824241366614993, -7.640541267358057, -8.963907334489752, -10.292175217560263, -11.304454525744115, -12.08878603689394, -12.857010762679426, -13.17843469171312, -13.253366743568636, -13.098932326869855, -12.824191660284816, -12.208724771300691, -11.762044337853338, -11.383524068465196, -10.923218396959546, -10.311500177601745, -9.927541743300074, -9.498800999387125, -9.068162487394453, -8.710024075126741, -8.331330058121072, -7.7865101752779635, -7.183812733648455, -6.613098416062136, -5.981986149855568, -5.369967222750063, -5.059835649096198, -4.478275753435108, -3.9582865807717895, -3.4310789379052995, -3.1039742733706075, -2.484197958840026, -2.2158278730827674, -1.744407703956459, -1.3421254258345114, -0.8642053711848712, -0.5221177304182074, -0.31450650314798295, 0.07205729876775724, 0.42507109349082056, 1.0226430726135576, 1.2356122832162129, 1.5046772451472639, 1.7738637360983973, 1.9686783536240953, 2.452815885793218, 2.652724700904734, 2.9059694001805942, 3.119076553186767, 3.3843309998377453, 3.779079644722329, 4.029555865116909, 4.141846909430757, 4.366969374704017, 4.481291363962343, 4.6887915350951115, 4.82005492524433, 5.054078216692588, 5.275431332752745, 5.505266562721388, 5.649718581566124, 5.752887372296249, 6.026852221167188, 6.169969818083333, 6.322829943959084, 6.489453058304815, 6.622759775290809, 6.739169748570661, 6.833013240222134, 6.9172734950041725, 6.999874331288851, 7.1519128287084905, 7.35831016090352, 7.3967519982755014, 7.481117551695808, 7.571794767397673, 7.640753482347032, 7.759441704066064, 7.881514870465941, 7.904612365686871, 8.079092531939647, 8.197849447150785, 8.268161443801844, 8.373041626889624, 8.382847706769587, 8.439263651890085, 8.521948308895828, 8.612411678869817, 8.728112056297478, 8.785293647549175, 8.896112997223502, 8.953306766572366, 9.048921561126974, 9.12887059545248, 9.182352139506024, 9.282571373566947, 9.33186594357883, 9.387590488525364, 9.480976642500439, 9.561436707202391, 9.631134866146466, 9.74946440063639, 9.763248094486244, 9.850457663342361, 9.899504527913356, 9.980817109577401, 10.031932883896452, 10.089556675314364, 10.203978651693815, 10.22151212470318, 10.267398655498397, 10.32110200175097, 10.392544951375404, 10.402425436445931, 10.456107853958857, 10.51693880744111, 10.580948225613662, 10.630217562173076, 10.67260824835845, 10.712404052220139, 10.775676575674122, 10.821178195114713, 10.899058319182249, 10.928598184714257, 10.941037862062318, 10.96295278915886, 10.975138016619004, 10.991539924954266, 11.058445437142048, 11.079352252232265, 11.087502629155532, 11.1161021826371, 11.137003583608132, 11.146655653415694, 11.185474656043601, 11.20055871217696, 11.2311705677881, 11.254896442048365, 11.267345903253611, 11.28403911942375, 11.311498962834408, 11.345575228648295, 11.3497116327867, 11.356684103656328, 11.359252092274167, 11.36412260073622, 11.381664221097449]",8.05,2.491906089642216,8.0,12.95,13.0,1.0,0.0,0.0002686330000324233,48000,0.15,0.99,epsilon_greedy,exp,0.6,0.9995,none,2800.0,True
e7,double_q_learning__f4d89acb__s46,double_q_learning,f4d89acb,46,15000,14.633882011999958,completed,1,3.2232902444551903,376426,"[-1.1965886309576055, -2.4946959376472857, -4.467854654794951, -6.076640169138247, -7.772436924971405, -9.26537300206513, -10.671298788045048, -11.803367168038909, -12.374687540105636, -12.765307943195525, -12.686112114686512, -12.58057901821691, -12.393113716670692, -11.87340103196643, -11.437399702484731, -10.908815635562146, -10.278950602505052, -9.789106292902876, -9.353599895541391, -8.863265666973852, -8.260586325414081, -7.655837515851444, -7.182481988955831, -6.688002339422558, -6.320851608730264, -5.943581379226488, -5.263255705060816, -4.881153212277805, -4.512061466155763, -4.121476498358866, -3.5771668569651998, -3.2845056512328066, -2.7696228081646352, -2.3238652883772657, -1.8448079469535046, -1.432547157152927, -0.9494294240088167, -0.4165209463120461, -0.20270311814172867, 0.2460721548937113, 0.6292530322246478, 0.8894917211491074, 1.3545056811313876, 1.5957814238294863, 1.9490288360244088, 2.1893429199617658, 2.520229338293663, 2.8227525055479936, 3.035922057980701, 3.3120115712528415, 3.5467891168108006, 3.865014923292213, 4.07611404060105, 4.419717631349787, 4.7522229230150375, 4.831174507073404, 4.939263636325759, 5.09060902235875, 5.192506862356941, 5.349941263176459, 5.702812537873151, 5.82575040648924, 5.944661428404015, 6.184946448106157, 6.315680391192757, 6.5777163271568755, 6.7381854174426135, 6.873948693316746, 6.898140824553285, 7.035729613877494, 7.1783394958292925, 7.361648262101844, 7.4901392772181, 7.579962116654636, 7.656166797523963, 7.779804739934874, 7.868186580943953, 7.999320243841472, 8.125762067807461, 8.227987789725372, 8.32614554290639, 8.354337292595691, 8.46884006168075, 8.53586285402187, 8.625770791280951, 8.745593882092788, 8.78093343932073, 8.850703703123553, 8.897411964903483, 8.942465304910316, 8.990056318618851, 9.06835220650271, 9.239874766547986, 9.407030965915542, 9.4099046371564, 9.453502498522063, 9.545030964643393, 9.665949041542268, 9.670183718079691, 9.718257965088236, 9.720722935072315, 9.748617163439706, 9.869246977498271, 9.916831643039892, 10.015481144240407, 10.059052811280104, 10.197844353219814, 10.238726880277552, 10.278992661471625, 10.369510224107632, 10.38208568508641, 10.445149727804534, 10.510543886271348, 10.558587367011407, 10.592566423000289, 10.648228588135318, 10.676622189003895, 10.707665160409475, 10.73485774133939, 10.761792263596305, 10.793339940921534, 10.794227371186174, 10.842801276896912, 10.905778521141894, 10.98561970430784, 11.013895071193398, 11.040693626567808, 11.070700781421987, 11.076088045776498, 11.1021508746288, 11.118280047165616, 11.12926514892133, 11.16049241945453, 11.19514241095343, 11.203154543775376, 11.233513879986946, 11.257959129345512, 11.274845640761407, 11.296786216256702, 11.311216959636422, 11.338986454686935, 11.381023422412122, 11.401716387237162, 11.411778206818807, 11.433886221213239, 11.439376175988526, 11.453581209980756, 11.46377908051824, 11.484102737321775, 11.508042255811716]",8.05,2.491906089642216,8.0,12.95,13.0,1.0,0.0,0.00026848399998925744,48000,0.15,0.99,epsilon_greedy,exp,0.6,0.9995,none,2800.0,True
e7,double_q_learning__f4d89acb__s47,double_q_learning,f4d89acb,47,15000,14.791770132000238,completed,86,3.521519558372493,383114,"[-1.1125060626824712, -2.7329938499756943, -4.637514640180696, -6.105760291463986, -7.70870903594205, -9.214841029302676, -10.761602381673253, -12.190008060798403, -13.05191437973813, -13.728431844062786, -13.7846353794304, -13.78210802489262, -13.55968202222988, -13.194115367675977, -12.598096349574572, -12.035454446962714, -11.72766810683897, -11.296468137869423, -10.857410905977263, -10.366189334467599, -9.86606824603222, -9.415153036757975, -8.929671234079219, -8.473367684328895, -8.000308033650777, -7.567097848647744, -7.086480352364691, -6.806472936073007, -6.232801687356887, -5.670343442585887, -5.265910361334793, -4.797543790887756, -4.111044578711072, -3.7491172651594717, -3.426012499373163, -2.911743009808698, -2.3395952646872247, -1.9505922020301865, -1.5451042159447395, -1.1062297458772177, -0.7050913319694146, -0.31562093469140723, 0.06447845648902183, 0.3203050506455452, 0.5873221778614531, 0.855357182158795, 1.0948646971860139, 1.2884829799194093, 1.6822041392861753, 2.1274919650783177, 2.347481992433964, 2.560628733425371, 2.9998569309936456, 3.3662267981429186, 3.658691768854894, 3.80786589083337, 4.0275048430626, 4.326537058522851, 4.5233848071496245, 4.777688363292611, 4.910688889160683, 5.12661131091947, 5.534157686187081, 5.873237375433305, 6.13476061634235, 6.253832458907401, 6.417168111280762, 6.57229570322241, 6.705005218148685, 6.820529715733695, 6.88907010455298, 6.974920948412928, 7.042819963162284, 7.1096530726980065, 7.260807621456023, 7.316322248991123, 7.416767788370853, 7.470051308193265, 7.63660656500861, 7.7515782754477325, 7.865713003009075, 7.968493290805104, 8.087015285204878, 8.273930001883183, 8.306747433316282, 8.438738589144101, 8.525217495133724, 8.653970669957504, 8.770549647582365, 8.802058781971278, 8.91379414378608, 9.07955898500656, 9.125087554164004, 9.15268315504202, 9.271268503907333, 9.340637555233931, 9.468668800892276, 9.525710414677791, 9.591994203332215, 9.67397234496239, 9.743336456726755, 9.790706323899004, 9.843102972829815, 9.88766299272017, 9.941969851738069, 9.992444539910876, 10.040912386845028, 10.093045845794016, 10.18035554006544, 10.198635191905998, 10.287053372223836, 10.320397464624888, 10.366914201215176, 10.416425366400444, 10.439113141123414, 10.47710670819742, 10.508443270694748, 10.538626825149361, 10.564503619471042, 10.576282516516066, 10.635951047683609, 10.650695081794987, 10.671183442198346, 10.687751241558647, 10.705158161791049, 10.736382871683492, 10.768828568759648, 10.794590079308813, 10.810382548928947, 10.849349060710034, 10.863481366032348, 10.883225974192614, 10.927068029956391, 10.94937295522868, 10.974638426288562, 11.01382623159501, 11.04201425853409, 11.049848404438878, 11.071072229678498, 11.087011246059408, 11.115076470235808, 11.137485725637669, 11.162295941265569, 11.19129217547647, 11.211498137522646, 11.217328170089626, 11.236360144096864, 11.243950726417749, 11.262506212944109, 11.271889347524267]",8.05,2.491906089642216,8.0,12.95,13.0,1.0,0.0,0.00026194600006419934,48000,0.15,0.99,epsilon_greedy,exp,0.6,0.9995,none,3400.0,True
e7,double_q_learning__f4d89acb__s48,double_q_learning,f4d89acb,48,15000,14.52010291499937,completed,26,3.7138120577110523,377269,"[-1.2056901496237664, -2.833721210683984, -4.606700659854265, -6.099767181620548, -7.763036783524698, -9.256686458935773, -10.455376123521688, -11.68324225184316, -12.689306305078171, -13.183098162084566, -13.522532153806823, -13.589352871885302, -13.361121248646445, -12.957826865150638, -12.584278621829887, -12.357843720689855, -11.892236787235419, -11.47414880253309, -11.119791060296718, -10.657230332317626, -10.045394048863104, -9.43546447208138, -8.935360299899378, -8.217233924284375, -7.691213399264805, -7.3226965683042184, -6.738007442395697, -6.153841210323221, -5.645728015182043, -5.1119276407267495, -4.72721712917453, -3.9736477227206546, -3.5390104735035854, -3.1161068509411227, -2.8376140275476818, -2.502602785179397, -2.0010439876594566, -1.602246606064195, -1.289059455388834, -0.8092393248675661, -0.3402377851555905, 0.05853408329812003, 0.5136555363094568, 0.7356254456033962, 0.9517056606538679, 1.2524119287391955, 1.4645439945469738, 1.772235333762682, 2.1807537616928854, 2.4577134537934584, 2.652152889250909, 2.809522901775089, 3.1036789058905794, 3.4030896587775668, 3.619431848195062, 3.7962606607840805, 3.8962911847669948, 4.007879686143104, 4.184241707755043, 4.445063304381631, 4.580244944113755, 4.9066188473822665, 5.066788725230565, 5.269123713347775, 5.395610684483622, 5.550476480874897, 5.70298016748023, 5.80425608076597, 5.836999844401495, 6.0135379378288025, 6.281229112473962, 6.424520672353606, 6.459672413313565, 6.605583751431544, 6.8092742955878425, 6.935332964533708, 7.056293812555487, 7.144758438667707, 7.240945045300442, 7.363494193618862, 7.502756195515335, 7.558887721686805, 7.672541885968943, 7.791004607440736, 7.838342265142265, 7.885687907763702, 7.9113238277034705, 7.977215849849637, 8.027776258260962, 8.091577732472322, 8.202624673126035, 8.28125026737231, 8.354224730918842, 8.476503710745313, 8.511466538891785, 8.536881806731577, 8.715591398277745, 8.74065618066506, 8.818366381254316, 8.881144621400654, 8.968226280967738, 9.030595880882204, 9.042290879650976, 9.065709633381863, 9.1109092268127, 9.173244721732374, 9.219246219514714, 9.228745255297587, 9.263602501578559, 9.360310642281238, 9.39659423663778, 9.40788738844966, 9.454895962775428, 9.514663560848057, 9.617356681292645, 9.625224549546504, 9.678500464742749, 9.732754018252724, 9.77336065122831, 9.79230183355899, 9.796018997286213, 9.811103474083653, 9.844469948295709, 9.909828226414731, 9.921791887827716, 9.936172052867027, 9.99647464667375, 10.018966378600771, 10.03114584629502, 10.060685970049859, 10.083900018289466, 10.098577030808304, 10.119408105141538, 10.127671522872962, 10.172342074862717, 10.211380092436393, 10.252900992118422, 10.317343185364926, 10.32272760456093, 10.350016586786136, 10.373856788370757, 10.41927159841435, 10.43846376198534, 10.479137143560392, 10.501042253940605, 10.519735402577764, 10.547620194544708, 10.551727028904946, 10.59010742202094, 10.59734804521917]",8.05,2.491906089642216,8.0,12.95,13.0,1.0,0.0,0.0002809430000343127,48000,0.15,0.99,epsilon_greedy,exp,0.6,0.9995,none,2900.0,True
e7,double_q_learning__f4d89acb__s49,double_q_learning,f4d89acb,49,15000,14.645006959999591,completed,2,3.745877734256685,377961,"[-1.5013956783082218, -3.0629628476792705, -4.873413489653387, -6.353997807660501, -8.092742384146876, -9.373416031408137, -10.745008532471612, -11.9263034988064, -12.9512396393869, -13.524782954168971, -13.706206935214414, -13.892509471275439, -13.77303377714255, -13.487041759941185, -13.094710185415677, -12.698776074683517, -12.20787706044575, -11.603265435277056, -10.973061407263698, -10.537667474777157, -10.068506281575237, -9.508465623406883, -8.978501063916775, -8.672731758811375, -8.125158775472396, -7.514099576601383, -7.247603677618533, -6.705692795094495, -6.206684584220025, -5.585722155946244, -5.12672629716128, -4.701522302862878, -4.404016264298466, -3.958690091341981, -3.603416564284989, -3.140306253906752, -2.7899847792718195, -2.225735611018353, -2.0001321385574857, -1.6139593436987847, -1.109089238440661, -0.7469838428194097, -0.4453508345607053, -0.17299203393175333, 0.07270720480440171, 0.34305904915021623, 0.4638296286788029, 0.7105962644466844, 0.9868976683974987, 1.2952016036475877, 1.5053998381173594, 1.689223190247861, 1.7938417295372868, 2.1221711054252412, 2.4049471940918483, 2.553311098771931, 2.793964800513486, 3.0733185243140855, 3.202125451678891, 3.5164796398196625, 3.756780532526211, 4.104155073344076, 4.312684595454581, 4.492738576358244, 4.698390770515203, 4.840294736602508, 4.884035363379718, 4.938241008987997, 5.035626049860841, 5.212330682844239, 5.356551809467039, 5.454761859486546, 5.535771132412932, 5.70569921799356, 5.736242853870507, 5.805840983478097, 5.942449049076852, 6.163581465389766, 6.265584066507044, 6.362386564474873, 6.421299423538373, 6.55889160300328, 6.689278159995316, 6.766277857009869, 6.85582888438802, 7.022452194049683, 7.145937855547546, 7.3073900491980135, 7.402501194372575, 7.537009321352117, 7.667972617148554, 7.7116406382976095, 7.856432279792035, 7.912658756007791, 8.000695357859948, 8.082818234570171, 8.130108493820204, 8.245514587573927, 8.290532797301882, 8.383852840089762, 8.440583584731089, 8.576397046118533, 8.667356789681602, 8.693066995256448, 8.766156461058582, 8.850624719160633, 8.899524533095995, 8.978295303388592, 9.02707265901234, 9.033413140954186, 9.09249753959013, 9.133227149340204, 9.177332442318939, 9.18784104249366, 9.204678382109337, 9.26627538206839, 9.30661674290116, 9.387878511536325, 9.397394206850576, 9.426213955472132, 9.44163802940684, 9.45528906521057, 9.47746645717937, 9.511095833956977, 9.517176549857659, 9.556784092082818, 9.593207969141446, 9.641156992907847, 9.679132596816759, 9.688939214147894, 9.749810210523092, 9.792134116969294, 9.798984599240551, 9.87997535851622, 9.902270725512476, 9.938721530866166, 9.978498503855848, 10.011658387334245, 10.019950427669214, 10.028304434940127, 10.053337375548713, 10.088182917746654, 10.105009020643601, 10.138508312093565, 10.178298411554342, 10.207775090690244, 10.211595828269964, 10.239767790708292, 10.265952196603994, 10.273651590480824]",8.05,2.491906089642216,8.0,12.95,13.0,1.0,0.0,0.0002671419999751379,48000,0.15,0.99,epsilon_greedy,exp,0.6,0.9995,none,3400.0,True
e7,double_q_learning__f4d89acb__s50,double_q_learning,f4d89acb,50,15000,14.382011060000877,completed,17,3.253843880704789,372854,"[-1.0521618411671405, -3.0106255866727194, -4.479624527870672, -6.1500961536982395, -7.579131586685423, -9.168946736845164, -10.372340895935675, -11.757791634524347, -12.576051677768072, -12.949057150673996, -13.050186055619253, -12.923218463369347, -12.481040352451595, -12.116946524225295, -11.654095929633998, -11.351296479555689, -10.861024007685442, -10.294576659886173, -9.684295727599682, -9.096972269176723, -8.547294230021832, -8.086934339270089, -7.643798684307333, -6.894209568329563, -6.239208865341879, -5.608354448909791, -5.055403395930212, -4.57242062672699, -3.936852189855144, -3.369459269395553, -2.8838293641090096, -2.5576337642102485, -2.258716017921534, -1.8286503940463112, -1.517292577357337, -1.1527312868080253, -0.7845869230744942, -0.5674944932485618, -0.26556485488842096, 0.15778602754604756, 0.46325239982555516, 0.6763029803877796, 1.0946820711311283, 1.2341938362656886, 1.3303742542982298, 1.6047502825243067, 1.9281312307871086, 2.09784237535779, 2.4002296213949585, 2.799508496158283, 2.9711451281410457, 3.242739130271809, 3.4629638394833426, 3.7389366531400112, 3.9084048192648706, 4.129578656042079, 4.3418969165701755, 4.448485418781087, 4.586692312416085, 4.837704638444465, 5.069346116127234, 5.2780911134839705, 5.426760862750017, 5.578783931757795, 5.699447374034334, 5.83749648038314, 5.958717067023527, 6.10296331627651, 6.247011347843857, 6.422189741728867, 6.534224225395664, 6.59553339730447, 6.615964833561738, 6.67330416020828, 6.770989996192102, 6.817646563630024, 7.141599067140992, 7.254917440415707, 7.373478331375951, 7.504243419809847, 7.524268624289691, 7.605695471198187, 7.782478473659568, 7.864824478351816, 7.903051487397858, 8.026723802880142, 8.070262654573392, 8.164372983499486, 8.295119387733067, 8.450964355138312, 8.528061909967372, 8.748736678340606, 8.8302605072875, 8.973715061560767, 9.017534899827007, 9.164766771948587, 9.183961447646569, 9.257794697981762, 9.2858079895956, 9.341424261927559, 9.412188102387905, 9.467865960482785, 9.504733583149516, 9.53004659060697, 9.589155287671478, 9.611280634299513, 9.626758771672769, 9.658214773368108, 9.692177406059923, 9.711854761220197, 9.714199646107367, 9.743456071250234, 9.794153445447312, 9.8431630076241, 9.894848218821272, 9.948432575300627, 9.971380185006117, 10.017349578363905, 10.049923360115681, 10.144308119734891, 10.152050873159604, 10.170755875141364, 10.219586991440933, 10.271928040499144, 10.329185199300571, 10.36140628837962, 10.381897056862755, 10.430251528621193, 10.441641794415329, 10.500212504172966, 10.518272155796298, 10.532830902235451, 10.550228629711992, 10.587688741680916, 10.60221347295883, 10.636067394491128, 10.650111032666626, 10.656117865844651, 10.686385456049326, 10.708177452746583, 10.73769208660045, 10.76287292477537, 10.780482853234924, 10.811934445423345, 10.824050508662227, 10.836629285555635, 10.851264875780977, 10.871419572473592, 10.879604752817636, 10.901100091662553]",8.05,2.491906089642216,8.0,12.95,13.0,1.0,0.0,0.00027621499999440856,48000,0.15,0.99,epsilon_greedy,exp,0.6,0.9995,none,4000.0,True
e7,double_q_learning__f4d89acb__s51,double_q_learning,f4d89acb,51,15000,14.828308170999662,completed,36,3.236834873761712,377368,"[-1.144958730777378, -2.8184874812456315, -4.516393076005561, -6.305145891967579, -7.903444827730736, -9.375595703378728, -10.578223468184307, -11.74002896306297, -12.454926239181024, -13.024607723068339, -13.207401112133336, -13.01447989112634, -12.809022333331956, -12.291764378726732, -11.854467459291719, -11.343831886141212, -10.925668372688127, -10.357871117862253, -9.894122948657133, -9.269237418310102, -8.742932025682158, -8.09809515482458, -7.552264263284897, -6.974334270915837, -6.6234050899512855, -6.125477873435582, -5.669574053110965, -4.981341361880027, -4.499423767629191, -4.238738154579447, -3.7471546716397635, -3.2798117806013343, -2.8960880784197363, -2.6358404739101076, -2.3995917590429863, -2.1033206623350407, -1.8167842720663596, -1.486642071083361, -1.148237573112047, -0.9299457528806082, -0.43641909871173795, -0.00545781147663232, 0.3567364972372099, 0.6362064716558777, 0.8755319624724326, 1.3287752357287488, 1.6076663403353693, 1.928890724909546, 2.2584885416289042, 2.486261710243251, 2.813663177584934, 3.074957696666204, 3.3964921159197545, 3.6227963857284133, 3.871668341938701, 4.023178196784186, 4.156784919717034, 4.261760194031354, 4.464316775286799, 4.563714573727432, 4.786694886383347, 4.897627255161418, 4.988686028489818, 5.155047839730658, 5.1877341505396934, 5.391655152926729, 5.486378459848882, 5.695076284779485, 5.7228206006652975, 5.828759420667187, 5.911977189858403, 5.967988207523718, 6.115047827851009, 6.224354766849676, 6.447156526919422, 6.485698726208076, 6.505697053246217, 6.634342764795373, 6.893908120613539, 7.001242917195742, 7.071653036415071, 7.185668221701198, 7.257539803332552, 7.382117883136738, 7.473258546800872, 7.619711133696193, 7.7146986872429215, 7.7428046816872085, 7.818879224525376, 7.884248101935025, 7.931746892997904, 7.966383968224401, 7.98451621305078, 8.051729244006195, 8.207204280880445, 8.273619828344483, 8.342910387086894, 8.44226313471718, 8.552803235725207, 8.629500181931052, 8.648616549188754, 8.68025662803512, 8.747302549683488, 8.761548710148025, 8.879489385328473, 8.96901800769498, 8.990540799032429, 9.016418191824755, 9.050318244442225, 9.105751872936587, 9.134599292620637, 9.197137136842525, 9.223881533151976, 9.265289455049729, 9.294511945356932, 9.333700739175557, 9.377603343027312, 9.408026250049359, 9.444965067186917, 9.478798438691616, 9.503270850937508, 9.530050796335935, 9.60035129536317, 9.640198330271739, 9.664753648047904, 9.699864997074481, 9.709738502123411, 9.749686760726746, 9.792092199024404, 9.856851657131743, 9.923634192300979, 9.957648471134956, 9.980373308492476, 10.05028922352117, 10.078726616199434, 10.118212958312203, 10.149837222254092, 10.156948716652375, 10.210385403191852, 10.241698538520495, 10.310428801484, 10.320231450337825, 10.353197726525185, 10.358556323996561, 10.395173988836186, 10.403141239490798, 10.433969620564607, 10.46425659088244, 10.500505711266667, 10.514490632809125]",8.05,2.491906089642216,8.0,12.95,13.0,1.0,0.0,0.00026053800002046046,48000,0.15,0.99,epsilon_greedy,exp,0.6,0.9995,none,3200.0,True
e7,dqn__2dbf49e4__s42,dqn,2dbf49e4,42,5000,515.8898006809995,completed,12,2.9086079144497976,115424,"[-16.24593584537506, -15.207000609238943, 4.708506651719412, 5.8075771252314246, 7.229905605316162, 6.132558210690816, 6.19449474811554, 6.21583301226298, 6.1625488758087155, 6.1353298902511595, 6.187716976801554, 6.165720367431641, 6.112817136446635, 6.157623545328776, 6.1764695326487224, 6.126239903767904, 6.1677404324213665, 6.141505265235901, 6.133999490737915, 6.173260680834452, 6.118614872296651, 6.177325956026713, 6.218378472328186, 6.174173227945963, 6.1205857515335085, 6.195767203966777, 6.146829803784688, 6.219699923197428, 6.160736624399821, 6.167017149925232, 6.190788475672404, 6.14383426507314, 6.206898736953735, 6.171716928482056, 6.167145888010661, 6.157098929087321, 6.231787888209025, 6.156189529101054, 6.21368834177653, 6.143900736172994, 6.152047085762024, 6.149996789296468, 6.130748772621155, 6.142188978195191, 6.170811041196187, 6.155252496401469, 6.202994958559672, 6.186249677340189, 6.188723945617676, 6.132585144042968]",8.05,2.491906089642216,8.0,12.95,13.0,1.0,0.0,0.007599701050112344,2101312,0.15,0.99,epsilon_greedy,exp,0.6,0.9995,none,600.0,True
e7,dqn__2dbf49e4__s43,dqn,2dbf49e4,43,5000,470.1374310329993,completed,10,3.075369896451482,107823,"[-2.640162624915441, 1.0620847543080647, 6.297288513183593, 6.358495426177979, 6.308659108479818, 6.286990284919739, 6.337752286593119, 6.3212421576182045, 6.274904751777649, 6.362186415990194, 6.25962172349294, 6.337097533543905, 6.30204389890035, 6.340814622243245, 6.287605230013529, 6.323728100458781, 6.26662540435791, 6.293161765734355, 6.307114473978678, 6.338747978210449, 6.355983297030131, 6.3957954565684, 6.313008642196655, 6.279846366246542, 6.32196679910024, 6.305759374300639, 6.3202035586039225, 6.29184467792511, 6.31762912273407, 6.311172525087993, 6.315629148483277, 6.295721197128296, 6.314616990089417, 6.3084423542022705, 6.278394285837809, 6.319222903251648, 6.295433100064596, 6.3020280202229815, 6.315805991490682, 6.306199606259664, 6.295164545377095, 6.324509731928507, 6.335554099082946, 6.347086532910665, 6.32045427163442, 6.2734837849934895, 6.309100262324015, 6.308424067497254, 6.344671734174093, 6.294466543197632]",8.05,2.491906089642216,8.0,12.95,13.0,1.0,0.0,0.00722891098996115,2101312,0.15,0.99,epsilon_greedy,exp,0.6,0.9995,none,300.0,True
e7,dqn__39c19977__s42,dqn,39c19977,42,5000,278.0053295329999,completed,12,2.915115778146727,107942,"[-20.893197123209635, 6.710580150286357, 6.0868328015009565, 6.189063874880473, 6.168843801816305, 6.205774490038554, 6.202637688318888, 6.167110451062521, 6.149542180697123, 6.16417289574941, 6.131721862157186, 6.166852291425069, 6.167202965418498, 6.1439003070195515, 6.146888486544291, 6.162668466567993, 6.1782382249832155, 6.161408424377441, 6.131080436706543, 6.1556077400843305, 6.1521188894907635, 6.17436576684316, 6.165238213539124, 6.158567118644714, 6.136793231964111, 6.140474692980448, 6.159107812245687, 6.156608120600382, 6.15671021938324, 6.200114353497823, 6.144318397839864, 6.142742665608724, 6.14705053170522, 6.167747751871745, 6.139800667762756, 6.144154818852742, 6.179517483711242, 6.137574458122254, 6.164414445559184, 6.177594423294067, 6.191674280166626, 6.110894076029459, 6.128518160184225, 6.141606116294861, 6.148827425638834, 6.176259263356527, 6.1575973669687905, 6.174347503980001, 6.152723058064779, 6.158277638753256]",8.05,2.491906089642216,8.0,12.95,13.0,1.0,0.0,0.0021180160098992927,2101312,0.15,0.99,epsilon_greedy,exp,0.6,0.9995,none,300.0,True
e7,dqn__39c19977__s43,dqn,39c19977,43,5000,271.65868242800025,completed,10,3.2102803615883766,105320,"[-15.506419531504314, 6.40411913394928, 6.3606414238611855, 6.306644638379415, 6.301290448506673, 6.287780563036601, 6.289578183492025, 6.299455515543619, 6.298329639434814, 6.295654773712158, 6.3058513641357425, 6.308903495470683, 6.324872835477193, 6.360648671785991, 6.313296063741048, 6.304031952222188, 6.330801812807719, 6.316108719507853, 6.315810577074687, 6.305844068527222, 6.316035000483195, 6.285661562283834, 6.3429728746414185, 6.3122188727060955, 6.277224588394165, 6.344812528292338, 6.32537477016449, 6.327698040008545, 6.26127937634786, 6.336239488919576, 6.291421469052633, 6.3184775590896605, 6.31606293519338, 6.299220252037048, 6.301019501686096, 6.316441480318705, 6.342309292157491, 6.318237177530924, 6.309353868166606, 6.311949253082275, 6.299138323465983, 6.304994948705038, 6.318174854914347, 6.331823992729187, 6.296430897712708, 6.298759301503499, 6.301607322692871, 6.3218221187591555, 6.324049051602682, 6.271239399909973]",8.05,2.491906089642216,8.0,12.95,13.0,1.0,0.0,0.002118012010014354,2101312,0.15,0.99,epsilon_greedy,exp,0.6,0.9995,none,200.0,True
e7,expected_sarsa__99ae47d6__s42,expected_sarsa,99ae47d6,42,15000,19.920725792000667,completed,16,3.9226904032819108,382229,"[-2.426855536035667, -6.204411140790937, -10.951991055155531, -14.741778246700541, -17.603811129297256, -20.339667989295545, -22.638512187353072, -24.77669458743926, -26.52844598573881, -28.19523152541041, -29.09916352007608, -30.067573319133682, -30.703696653524496, -31.284296379121464, -31.728692816945273, -32.028711169235365, -32.361236921547764, -32.45730676940765, -32.73825128355601, -32.75800480183408, -32.793182413345164, -32.75895085375084, -32.66311551712298, -32.534561211675864, -32.3394189028088, -32.19133585566814, -31.935388505869856, -31.68323595233519, -31.5184413094967, -31.266888402617337, -30.952080015976538, -30.62041581428706, -30.257037127072174, -29.89762008384893, -29.578683161192124, -29.146045295745772, -28.735072765749837, -28.250681933649, -27.849862320615294, -27.228990919423417, -26.62795458910433, -26.039615667996102, -25.427704021314746, -24.796805102404672, -24.2709154076279, -23.441123642617168, -22.700943665850296, -22.03752692152987, -21.340118351169014, -20.718263310115535, -20.115871543695114, -19.46911427626409, -19.128584480339793, -18.32925246941143, -17.68470608277098, -17.20112810349622, -16.71582269603446, -16.001522031195986, -15.119636195138954, -14.510386707157835, -14.144477262546841, -13.758866133804908, -12.958284216011744, -12.260769657810403, -11.654861987846195, -11.014773823049927, -10.509340927316025, -10.039124982974354, -9.52647413158448, -8.814471977380391, -8.270464416024067, -7.647117854560955, -7.098305712694563, -6.569833135915582, -6.072509657303997, -5.652471696053521, -5.422685072182072, -5.232999218459011, -4.622137212964711, -4.161014101472788, -4.00140053239464, -3.612258474525504, -3.222913180933626, -2.762613366859866, -2.3878704655032217, -1.9871635802529386, -1.6048418456585407, -1.213272860466431, -0.9791079559938011, -0.6539744058956286, -0.4345751799620346, -0.18593011254012243, 0.13642876495548725, 0.22914890302348948, 0.45974070474871787, 0.7249778061710047, 0.9205202638803005, 0.973591728229824, 1.1206984145190835, 1.2293566726630591, 1.4034385833450154, 1.5960207472005696, 1.6384798937966134, 1.7456122829477168, 1.8541895218104962, 1.9040481030644616, 2.0584687916611584, 2.1934365809710656, 2.27438629098913, 2.4319314366556415, 2.5312999139506975, 2.737236993572927, 2.7771570992738743, 2.837181656410624, 2.9023854939354856, 2.9798607470296106, 3.106912845591887, 3.134733720044877, 3.194643751678197, 3.28649028907514, 3.344837042805797, 3.371456209759553, 3.396974715426317, 3.498052098188512, 3.5119833800829467, 3.519548435214991, 3.535110533041264, 3.578730687343951, 3.581572658599634, 3.617635114687267, 3.6280572845294077, 3.662114294228994, 3.7002836942861963, 3.726708307489708, 3.7749373857360196, 3.7786358304711696, 3.801693211048421, 3.8069623436762727, 3.8416607355873915, 3.864290019257922, 3.8781657850439357, 3.879481653622792, 3.8913773143072614, 3.9029860957338696, 3.910213848410562, 3.921295386840143, 3.9337555266387474, 3.9532651249138575, 3.9749537602615157, 3.993817579557144]",8.05,2.491906089642216,8.0,12.95,13.0,1.0,0.0,0.00026013299999249283,24000,0.15,0.99,epsilon_greedy,exp,0.6,0.9995,none,3900.0,True
e7,expected_sarsa__99ae47d6__s43,expected_sarsa,99ae47d6,43,15000,19.865459960001317,completed,17,3.9730466898842254,382281,"[-1.8191205356065956, -5.740816737720679, -10.086503997043401, -14.31135122823591, -17.94321680158529, -20.517685582813314, -23.104494791623097, -25.06081010379875, -26.76729274250747, -27.943334928580544, -29.26844825869012, -30.074722335894467, -30.98898878043973, -31.60820152347787, -32.02613134657221, -32.22742036606104, -32.45730002358496, -32.590714073586135, -32.70914581972289, -32.72147362692661, -32.761748181898426, -32.71069180473127, -32.63341591063322, -32.46765252951019, -32.27941469902989, -32.13305156719877, -31.854527560653217, -31.60215184286555, -31.20359585599612, -30.8904726327586, -30.44316425991208, -30.035089302366654, -29.59694962425295, -29.265376308583864, -28.711798530681627, -28.37245791779442, -27.761710223129104, -27.21496764623673, -26.67556475250424, -26.209966555186316, -25.66484223554794, -24.89989391338959, -24.46446728394641, -23.851310827222175, -23.105278326277908, -22.488262206360414, -21.7820749998405, -21.082429943032324, -20.12570224481724, -19.41180447026907, -18.832381321551157, -18.241982273421723, -17.74151384948256, -17.116249228238306, -16.56654585130785, -15.966870166854843, -15.532083647661468, -14.90761638645059, -14.241076874681067, -13.383163179204653, -12.96710446975738, -12.456259654697728, -11.810796034146081, -11.329200792022785, -10.659994667160884, -10.096518622000906, -9.728885053951982, -9.289008011464828, -8.519863688770785, -7.8943458644616955, -7.398330529800689, -6.955650603974323, -6.640308011025587, -6.195802207669105, -5.988772254369683, -5.551854514369504, -5.267512409473211, -4.858281332844838, -4.395073454363465, -3.992698426391117, -3.4788443511158014, -2.781530135021588, -2.2826592792424014, -2.1178042110859487, -1.651224285097329, -1.45185127845562, -1.0649214778627019, -0.8772692160374258, -0.7465268751566436, -0.39957916408640404, -0.14187195402368177, 0.034315661516399074, 0.20289388862445812, 0.5010898149972496, 0.6997186334660578, 0.8888124266524199, 1.0940896402260474, 1.3417664135079064, 1.4641305823597337, 1.7564946249976827, 1.9044216728162193, 1.9466664705849095, 2.138272485445401, 2.3056059835486318, 2.3507567545296295, 2.385511034796431, 2.457558140112014, 2.4712869521140624, 2.5688174674755375, 2.716315949633055, 2.8746363060072855, 2.9320055953393505, 2.9960446754163246, 3.0679944297767756, 3.1112616997069416, 3.141392137542929, 3.1461986200394123, 3.1546891618530966, 3.2566212773816545, 3.2772511036555474, 3.3251612760988563, 3.3712200016567975, 3.4426810632110807, 3.4651840005345966, 3.4972245641249358, 3.528961391532003, 3.577458943576029, 3.600280295897709, 3.604217896527402, 3.669291190691797, 3.7034846080402706, 3.7790593259074496, 3.8187511641777903, 3.852772529620286, 3.9116116291647995, 3.9316530472354305, 3.9599724657851634, 3.976084458098329, 4.033105674673438, 4.046591580695263, 4.077981579753755, 4.0970007067702054, 4.101141805815572, 4.12895311824841, 4.131533721603075, 4.133323446395336, 4.138839349967799, 4.166554422189768, 4.182214031456903, 4.199171597566834]",8.05,2.491906089642216,8.0,12.95,13.0,1.0,0.0,0.00024041199998464435,24000,0.15,0.99,epsilon_greedy,exp,0.6,0.9995,none,3900.0,True
e7,expected_sarsa__99ae47d6__s44,expected_sarsa,99ae47d6,44,15000,19.605778552999254,completed,45,3.26490428649907,379540,"[-2.2040096652157715, -5.8897173548196955, -10.716408938830687, -14.226829643310111, -17.404871946125578, -19.997465502696105, -22.3889112578, -24.688889668518026, -26.6273143985722, -27.935014555454135, -29.184509282947737, -30.048255298912363, -30.780709344180305, -31.455249053311928, -31.911456494583906, -32.28232372720134, -32.522815173344846, -32.69095278342561, -32.84198538097325, -32.87182214605825, -32.88526180035736, -32.820786091206955, -32.75282658890046, -32.670878068289426, -32.46190429533559, -32.20293157127859, -31.96127059668605, -31.72344998151825, -31.387929585974202, -31.158621672548723, -30.867495480991387, -30.521140998058367, -30.002350064931065, -29.45688752763392, -28.965344560186605, -28.54012246190629, -28.082128623263177, -27.47947660620977, -26.966783686629007, -26.510827923893807, -25.891760021527123, -25.130802994512912, -24.52957103382768, -24.08164180257717, -23.477863913427523, -22.71200503550714, -21.848029371521932, -21.20184177546886, -20.33926766765626, -19.754823361650963, -19.39488860865494, -18.660890917810413, -18.066346155849928, -17.479266984818555, -16.90462652248203, -16.311542433703707, -15.837477554961964, -15.120609795181016, -14.289500674106753, -13.530927160970599, -13.097528059567423, -12.651997886261233, -11.747874744665758, -11.38900884320807, -11.037707908399321, -10.37796840909898, -9.82021100576702, -9.32899410275315, -8.835826483035568, -8.385378489502624, -7.777526233254648, -7.354828201961146, -6.8726245457636015, -6.365384474183582, -6.033101761176335, -5.642195182444451, -4.961614238387992, -4.545454917321465, -4.217749675941388, -3.5870759941629666, -3.3059001408639492, -3.030560878723145, -2.654304908773423, -2.3985187954851552, -2.1382842738171464, -1.7247156454139312, -1.486050029324867, -1.2780225635252869, -1.103222481535205, -0.91699504114855, -0.5559042523871666, -0.24238427649606115, -0.0821474771195597, 0.07026176702953647, 0.3200535699416904, 0.6144199262065706, 0.7640132995809061, 0.9324181111581982, 0.9882420578610678, 1.127765839020046, 1.253241749614751, 1.4328713102278625, 1.56411453995943, 1.7448730030556545, 1.8637229489006713, 1.968500720238416, 1.9882440724950021, 2.0399369657894795, 2.1077812989916125, 2.126350566786215, 2.247849971734861, 2.396617712688203, 2.531658696221657, 2.5751283758718744, 2.6547378372649484, 2.7458123995070305, 2.8629413417416343, 2.9894599108453646, 3.0788944630312534, 3.099157612815693, 3.186064312360374, 3.25342385522599, 3.276744714574287, 3.334542470306918, 3.423135752084961, 3.451184004479451, 3.4546097821633612, 3.492473408159015, 3.56796646151931, 3.5814872821558454, 3.6064774910076376, 3.6229220573855647, 3.629228786674683, 3.668056345352653, 3.6702347264146087, 3.7355445751550627, 3.751769505043158, 3.829074417418439, 3.83332396758707, 3.8463980714342556, 3.858568732306559, 3.8606692675988636, 3.871860068162069, 3.8918627238414607, 3.9040775002195516, 3.9154019005924434, 3.9218480835507825, 3.9302676187869654, 3.948447609217881, 3.9546467899142184]",8.05,2.491906089642216,8.0,12.95,13.0,1.0,0.0,0.0002438060000895348,24000,0.15,0.99,epsilon_greedy,exp,0.6,0.9995,none,4000.0,True
e7,expected_sarsa__99ae47d6__s45,expected_sarsa,99ae47d6,45,15000,19.676524649001294,completed,33,2.716615541441225,380393,"[-2.5595029747626414, -6.763252945547198, -11.195829954901042, -14.920515737494465, -18.415765046578695, -21.287234314298775, -23.795654244849246, -25.94281790918179, -27.488129434068934, -28.62153487836412, -29.953266574026955, -30.705747111841564, -31.356713489536812, -31.927399499928008, -32.449510556151736, -32.73290997273613, -33.006004162275126, -33.15266681345638, -33.241345908419966, -33.22608886068237, -33.11784120700491, -33.09155825447521, -32.963480257936645, -32.81678078223994, -32.68907231612119, -32.5226108949537, -32.27061335794845, -31.86713056922887, -31.596293795781307, -31.266283855793972, -30.933649212850085, -30.4392362919864, -30.028181079295354, -29.618712700612672, -29.193087145668414, -28.649399962817096, -28.11309169614989, -27.66008008740606, -27.032565138553068, -26.30586310859098, -25.646715139221996, -25.10585528177725, -24.588111762309232, -23.752584479559427, -23.126744366635126, -22.620364149523386, -22.12237448983213, -21.609435736148633, -20.8156485592874, -20.276364174869016, -19.675893006089023, -19.060664214442987, -18.547185525250338, -18.007793091647923, -17.42794949993532, -16.813754234761095, -16.14261285525302, -15.603272313104153, -14.748527345383367, -14.193564895970901, -13.6388714638128, -13.232180020349405, -12.658723186876633, -12.160882700971122, -11.435949084710918, -10.794287170655487, -10.32693029144883, -9.57231920774306, -8.976639862378198, -8.35145669348741, -7.973417749652738, -7.514920501256402, -7.038055181961527, -6.511540930738006, -6.211878750165372, -5.914473851693635, -5.560888867874988, -5.293760888750081, -4.9393333596821964, -4.642774948829948, -4.140739595032413, -3.7003706492142503, -3.3056270864420982, -2.990002755306833, -2.6333057381306677, -2.368349803998773, -1.8824987018660033, -1.453578394048335, -1.154340098518741, -1.034073853479672, -0.7210069604439815, -0.5492476653083674, -0.3022467885036116, -0.04433976028258405, 0.17803755422344344, 0.3481993669414109, 0.5218821196206512, 0.7980219757724991, 0.9941510565082001, 1.1062215745756427, 1.2777334464935743, 1.3091604014884013, 1.3740837621627027, 1.4808287149026091, 1.62393955262266, 1.7028001201869105, 1.8673745459949067, 1.9496775620642817, 2.134272941593629, 2.2126408300150033, 2.260039960003178, 2.4160791228322327, 2.531555314528644, 2.6093239758677327, 2.686616410826511, 2.743645019878186, 2.8253729677653565, 2.889825620286167, 2.901812192874497, 2.950462501940451, 2.9957616322555083, 3.077033137725454, 3.1164445744572675, 3.1412690208862046, 3.177157210788496, 3.2510511412475713, 3.302519296844719, 3.324587106057227, 3.3604421418889165, 3.386282161755041, 3.4194191817842934, 3.5004279888708427, 3.531691066840958, 3.542109202939594, 3.598026536593433, 3.636521276280412, 3.6685978693184973, 3.6735396606726556, 3.72385267941329, 3.7385077286662143, 3.7557744572548373, 3.774882620152875, 3.7922052266221256, 3.8169022369434376, 3.838974225898464, 3.856742712059558, 3.860213595705362, 3.866865056693302, 3.876555028331862, 3.88183029477722]",8.05,2.491906089642216,8.0,12.95,13.0,1.0,0.0,0.0002516139999534062,24000,0.15,0.99,epsilon_greedy,exp,0.6,0.9995,none,3800.0,True
e7,expected_sarsa__99ae47d6__s46,expected_sarsa,99ae47d6,46,15000,19.63301077200049,completed,12,3.1153009485441374,381595,"[-2.927630053983341, -7.320685481845379, -10.962378386090268, -14.744337143270306, -17.859225003549184, -20.773703994277273, -23.095598462545162, -25.201654353919213, -26.66366650211948, -28.01849112451983, -29.423748145799127, -30.36681166635527, -31.127057277810017, -31.69562809882505, -32.28433723508875, -32.633793511311715, -32.929796006575614, -33.05044213784375, -33.143663656027876, -33.1986425419017, -33.21612839602074, -33.1823832566968, -33.050566910448154, -32.86400436928536, -32.70444242109827, -32.464802206458785, -32.28555129266032, -32.031329661713436, -31.681324082463036, -31.304161422756845, -30.95445884351425, -30.46577539428228, -30.060536206581368, -29.60616453068135, -29.14471410155455, -28.648393237363827, -28.003917282575518, -27.370767094324183, -26.62137238233391, -26.02050219905157, -25.399303532729107, -25.024332955485928, -24.51811778038188, -23.97036032458245, -23.216099650843642, -22.375572070639425, -21.691861152324044, -21.120643556994676, -20.58181503841166, -19.756265787002402, -19.07800866769064, -18.307504427769548, -17.703561625456476, -17.07290575220123, -16.279810760551424, -15.69426328746579, -15.096895795605743, -14.342334519371315, -13.862720231587312, -13.286248931239594, -12.669635796591859, -12.096830350753232, -11.338455298549938, -10.777971891319464, -9.976562920843769, -9.108559443630678, -8.639750933328177, -8.070264409438202, -7.524673917997193, -7.2497764692735025, -6.737900788888822, -6.249326939042167, -5.763676246235641, -5.360537554154324, -4.8943572318249515, -4.63852725482886, -4.21622406114459, -3.808781742177026, -3.606006354791116, -3.3046201350819047, -2.834748262866061, -2.4971387678406205, -2.232627797557944, -1.8284524761016885, -1.4100706334501776, -1.1802603723482477, -1.046911528748865, -0.7649782038022573, -0.5625558628269562, -0.312417363138445, -0.07321958534213721, 0.1964190218357813, 0.464337465587585, 0.7188559869176495, 1.0535475536364012, 1.2124926503491875, 1.2687267065455496, 1.390542458343835, 1.509426139657706, 1.6953114378971037, 1.846060093322299, 2.041932148413674, 2.135196594828259, 2.201876924363521, 2.3179545870893694, 2.4020221435501266, 2.432747153008504, 2.5428677885527096, 2.6314491061195, 2.718520679903215, 2.8054168819097507, 2.85263730268874, 2.8656071563809675, 2.9468376116109343, 3.01564076002353, 3.0386085273758936, 3.1290868045122875, 3.161615746063345, 3.23591312809379, 3.3081879583438996, 3.351517174549551, 3.3782003492541484, 3.447369356940628, 3.4950415158895156, 3.5322223700709583, 3.583283692359702, 3.6080477138490923, 3.634074173464953, 3.6618007207195404, 3.683652833995985, 3.6966303120982453, 3.728612884717767, 3.757119020652151, 3.7652790792138915, 3.7749717503411486, 3.7891386217773086, 3.813288952355607, 3.8346464444443904, 3.847410245264515, 3.8526060751718405, 3.8820228114775572, 3.8915275740400954, 3.8925285927284294, 3.8951510738325408, 3.902594681515852, 3.913932909412489, 3.9228702660590566, 3.930973478330583, 3.9369580935813713, 3.9513457760057147]",8.05,2.491906089642216,8.0,12.95,13.0,1.0,0.0,0.00024314299998877685,24000,0.15,0.99,epsilon_greedy,exp,0.6,0.9995,none,3900.0,True
e7,expected_sarsa__99ae47d6__s47,expected_sarsa,99ae47d6,47,15000,20.43689066099978,completed,13,2.5849371365663814,380936,"[-2.6093399397672616, -7.040501771354765, -10.93718537971521, -15.288257615041712, -17.94653676998815, -20.709939546201003, -23.21347343059078, -25.151323390188804, -27.18903121412659, -28.716691437210507, -29.946493775664567, -30.769265749997523, -31.324472427730477, -32.07152032347969, -32.45220203739481, -32.76735394016851, -32.969217970499514, -33.188038790148475, -33.297426480467024, -33.31173203600552, -33.415085683859566, -33.40533769373791, -33.365271178738936, -33.25978741144103, -33.15899449713844, -32.997933632100505, -32.71155689797859, -32.51182115107632, -32.210302835338375, -31.83689306115937, -31.444320941709137, -31.172208977869705, -30.764070336422137, -30.288213525342535, -29.717161900396192, -28.95968728697848, -28.442281927796344, -27.794587525635027, -27.32708910277095, -26.746660707501672, -26.101151889029907, -25.453247327610075, -25.123000470258187, -24.549428912277524, -23.757561835557382, -23.137918829492005, -22.450488590863404, -21.816282863715283, -21.1518399990275, -20.725848208559356, -20.067036785936367, -19.350049931477468, -18.735755734010883, -18.231257640736423, -17.403351892388805, -16.70220759407319, -16.026351210106053, -15.498364094064199, -14.94522167301504, -14.418485371161491, -13.64243026334346, -13.061803697101773, -12.735925732807754, -12.332357773776609, -11.529301305592405, -10.951176447036653, -10.2627101651582, -9.864178930641803, -9.490770526922047, -8.958406319120988, -8.524287107634542, -8.277124444791946, -7.78292825299904, -7.430710308044589, -7.085591805045872, -6.791266547688723, -6.290086847640074, -6.082741044310315, -5.293298282696608, -5.126553267180053, -4.761478476163664, -4.420109557146357, -3.9533875447907647, -3.662402984422419, -3.2846002135623875, -3.0419320103720353, -2.7818579768521303, -2.289630648220078, -2.132026538202974, -1.8313419759319598, -1.5475122731497999, -1.1895080122110053, -0.8832653975826145, -0.5343781063797547, -0.29859928708062244, -0.05936105331264547, 0.14260145423472587, 0.28658741002374827, 0.5064554268709948, 0.5855681798313601, 0.8503798037477937, 1.0401526799302996, 1.2018544102355968, 1.3854147353610184, 1.5215354276102773, 1.751731068507597, 1.7984329094815736, 1.8303541534976986, 2.022403334807982, 2.0938846496757604, 2.137735824263746, 2.3133930636965414, 2.346084706452297, 2.495535338210707, 2.5712877048918887, 2.64309466318395, 2.7225000150512324, 2.790648283718208, 2.856941584389087, 2.995113870586119, 3.0602948000176666, 3.0856045924011406, 3.149497481246421, 3.1888825059549686, 3.1998807754099494, 3.270290262891235, 3.2789437469609966, 3.306040863736293, 3.333132285526139, 3.342606994424413, 3.3733235256077214, 3.4187097992373356, 3.4411960053950876, 3.461254715402533, 3.4640578680286325, 3.479891270171966, 3.525235805409445, 3.532027259991856, 3.5562191079312693, 3.559678441700669, 3.5903587114053157, 3.6080535723874823, 3.628324551513174, 3.6517477768315345, 3.6660685657280188, 3.687401402807695, 3.7000739889956322, 3.7049860659805622, 3.711981012422814, 3.7132088798278873]",8.05,2.491906089642216,8.0,12.95,13.0,1.0,0.0,0.00026246200010064056,24000,0.15,0.99,epsilon_greedy,exp,0.6,0.9995,none,3900.0,True
e7,expected_sarsa__99ae47d6__s48,expected_sarsa,99ae47d6,48,15000,20.76567218299897,completed,1,2.582150266735071,377784,"[-2.79708350174608, -6.72008532287068, -11.272896580589334, -14.486595135540975, -18.553178873820166, -20.670522177881082, -22.5088998282878, -24.285499170500806, -25.88740981673201, -27.413945666947278, -29.079232807874128, -30.19524410913793, -30.91864389885662, -31.792283814416756, -32.21936503472488, -32.605864577479146, -32.99067680075177, -33.23175490701379, -33.387207004685656, -33.417915868307624, -33.46613481569, -33.40983541560128, -33.35975818011144, -33.204617994705615, -33.076838785432045, -32.89457961895286, -32.711986971850315, -32.48959583525119, -32.27662831045844, -31.943503763846934, -31.491162741459636, -31.1514317413854, -30.825785449654976, -30.38859011345738, -30.015790893175826, -29.572522678560766, -29.155292945930583, -28.581126075161915, -28.093562508806635, -27.533834368781942, -26.942673728566163, -26.34753197128482, -25.724059860627293, -25.112775283419555, -24.69124690135943, -24.10442333099783, -23.520294577456493, -23.04071042671833, -22.430523051648926, -21.707008776688628, -21.237047675239094, -20.323375471425756, -19.688647581330613, -18.97322269634223, -18.439749284699232, -17.874173271925567, -17.369287712100423, -16.78228421392961, -16.146304378872784, -15.484505043577899, -14.893605013003341, -14.345304228746357, -13.664549684955546, -12.88448549411608, -12.100127690652583, -11.562499387119614, -10.961839220513145, -10.252904831610254, -9.4966788352208, -9.302190380580775, -8.80222224361045, -8.3495486439538, -7.822373021817948, -7.456857453000568, -6.87965225271921, -6.618615031830261, -6.104858487553454, -5.726236283752325, -5.268693852499813, -4.762813403602987, -4.288898167131816, -4.032887686890041, -3.787721386872583, -3.3544685485677803, -3.0698627472728295, -2.799400933076176, -2.623540405113812, -2.220073748748732, -1.9471515083858846, -1.6590569239436113, -1.4789796996501772, -1.2578725908496362, -1.0507385906380398, -0.8393005582048345, -0.6364078239091596, -0.4585042020123335, -0.2709008636482719, -0.030061756493108344, 0.0675555435494272, 0.20591456455798635, 0.5006894081049322, 0.6961741493421968, 0.7278246051231173, 0.843956860986706, 0.9845513922768622, 1.1323374654635903, 1.1741350966688513, 1.2630915496567638, 1.3558537953408631, 1.4868437285311369, 1.602518504099807, 1.6459734457436794, 1.7229045430191183, 1.8079968177376553, 1.9044164584578034, 1.9821495226393315, 2.0905340172884412, 2.1516131582414895, 2.295200856731644, 2.3231404198786474, 2.363411974289015, 2.4121851012721423, 2.4385239907726963, 2.5314685685139193, 2.6039744754914196, 2.6722761624780156, 2.7781448627277996, 2.8014413485138925, 2.8429432900263105, 2.876700193780312, 2.8969496420838223, 2.90042622898442, 2.9453305288668528, 2.9792209798351066, 2.9915357555228197, 3.04159679686231, 3.1035846549699833, 3.1553068258566577, 3.2072664842688, 3.216310254181456, 3.246998345406031, 3.2717789935339314, 3.289772475993557, 3.310522455912396, 3.3451277607883654, 3.367967550295964, 3.3893355697277157, 3.4129452982033177, 3.4211649950858205, 3.426487785254896]",8.05,2.491906089642216,8.0,12.95,13.0,1.0,0.0,0.00025711998005135684,24000,0.15,0.99,epsilon_greedy,exp,0.6,0.9995,none,3800.0,True
e7,expected_sarsa__99ae47d6__s49,expected_sarsa,99ae47d6,49,15000,19.89672723700096,completed,23,3.0849797406141906,381855,"[-3.0039064262130495, -7.874104337091108, -11.94836729671174, -15.423888377060887, -18.409916502533314, -20.980873978672662, -23.902438327187646, -25.808115598113, -27.48764248996578, -28.94531482372888, -30.156170257217447, -31.168365979762147, -31.937051508178754, -32.52097932520168, -33.09079310596918, -33.50955345119533, -33.695043051893116, -33.947875166763644, -34.014550580425585, -34.101418654014275, -34.09919922466313, -34.123552640103135, -34.01475860889005, -33.889379177133705, -33.773646069991166, -33.58542793173887, -33.39458230849417, -33.19718494769167, -32.81675654491036, -32.48903633407817, -32.08513173988622, -31.5259482787412, -31.19022851440117, -30.73542867247436, -30.311228618107275, -29.841324499724315, -29.42659194907684, -28.982497016611017, -28.45737158301693, -27.93038788591891, -27.33426631575976, -26.762665124971157, -26.21293102983624, -25.680668307766744, -25.241044928753812, -24.60549774903421, -23.84673083894209, -23.427951154173133, -22.616213162562374, -22.043735663674145, -21.42446510082891, -20.868295450668864, -20.170092128927575, -19.538205649134913, -18.57209544342547, -18.10616110751261, -17.61129817586954, -16.963445489203522, -16.64539431581921, -16.091855083597885, -15.177008805732019, -14.626637155859678, -14.241086677617858, -13.809534853666692, -13.5648460408181, -12.899213655724854, -12.433859365967397, -11.898715632177266, -11.351934866865596, -10.475243265544748, -10.0084379249255, -9.839691465237925, -9.56947335407652, -8.866400754880667, -8.341829156601749, -7.839185171894379, -7.603923034096704, -7.2975617989271635, -7.011732705788459, -6.6964326972682535, -6.451276120102534, -6.041501700304048, -5.552095074342065, -5.247905149968302, -4.896457613010506, -4.628450375211979, -4.3409017473887275, -4.185768240181075, -3.8302098631649453, -3.349081004087329, -2.955137153314647, -2.6326349021568083, -2.4292445705656247, -2.014606498603736, -1.8224387875742485, -1.550945334531435, -1.3161012673997163, -1.0704483601146895, -0.9271124005022937, -0.8072876389064424, -0.7052758348451742, -0.582033804586794, -0.4777640750150919, -0.29379708144556577, -0.09746064944475438, 0.020647054645249872, 0.11931775057836293, 0.22677141980900964, 0.3563223008177555, 0.4509344155899085, 0.5278900836132797, 0.5850401992153121, 0.6182944401845496, 0.7319053929555418, 0.7579370021425269, 0.872624598236358, 1.0876275997912717, 1.1105575923291613, 1.1207010070377161, 1.359508879928241, 1.5499512724514681, 1.5801201018990405, 1.6109039606499331, 1.6619867163977669, 1.7348543747757366, 1.7980725702715763, 1.8426327541039242, 1.9678078676073754, 2.000799529165274, 2.056714243116009, 2.0956904075357357, 2.143427501520391, 2.2501924917878755, 2.3798454691698634, 2.4001703192711292, 2.443160772220598, 2.488442283457435, 2.5897299641398566, 2.614480843741861, 2.691328177826237, 2.7410393031048352, 2.7747876821522093, 2.8075897271837182, 2.8193681351619753, 2.845787357292748, 2.915268602905401, 2.9202178934228065, 2.9964768856283692, 3.0514854113254684, 3.0789789329416024]",8.05,2.491906089642216,8.0,12.95,13.0,1.0,0.0,0.0002461259999472531,24000,0.15,0.99,epsilon_greedy,exp,0.6,0.9995,none,4000.0,True
e7,expected_sarsa__99ae47d6__s50,expected_sarsa,99ae47d6,50,15000,20.864766711998527,completed,27,3.025409063250786,380641,"[-2.4371727857446603, -7.265310269389219, -11.38068068941839, -15.036949823031902, -18.628113610802206, -21.614385114798054, -24.075688718179187, -26.213891559410754, -27.4206127192814, -28.780862451681674, -29.984424179632747, -31.068371820115456, -31.89482915433002, -32.43037123864886, -32.890701660487835, -33.21118139219853, -33.42571407680692, -33.62899396727738, -33.71733994306259, -33.75506782312798, -33.772092768314316, -33.65605411369474, -33.481664073734116, -33.35017504958651, -33.198004040620056, -32.97061808508406, -32.696356246102944, -32.39749365493114, -32.12270917314947, -31.768414319520712, -31.360176372490287, -30.923131287319393, -30.4868320562108, -29.871396800416615, -29.383913224877464, -28.984095960946625, -28.606835377760763, -28.209726151564016, -27.835921417950598, -27.086177212297187, -26.69182081424571, -26.128472099262105, -25.49704853321759, -24.905195461977307, -24.1456428294132, -23.662059468916805, -23.050879478348545, -22.23059827010039, -21.569817448887722, -20.752061195467302, -20.088307086695064, -19.439987128464587, -19.04514368343609, -18.140799644627236, -17.597476215444082, -16.941391703528808, -16.49669206371053, -15.72314898064282, -15.123032684356096, -14.314683384489511, -13.849859561484838, -13.300545640813453, -12.813047286400243, -12.296814876960521, -11.933090076561575, -11.625367684007527, -10.898633199582033, -10.32664952128112, -10.013778566431279, -9.547166232165523, -8.871102122205599, -8.102471373652515, -7.740354144247366, -7.407756964055695, -6.989506192807474, -6.3658837127757835, -5.981644293615122, -5.483972287360887, -4.9756054653225155, -4.340695836146576, -4.044268028396675, -3.817421225704182, -3.603769535677874, -3.242526682897191, -2.857001884690737, -2.399983586297097, -2.210909867370203, -1.8661697026428172, -1.553010612661508, -1.355382481453386, -1.128787286388418, -0.7662062452962685, -0.477359246272455, -0.26318511436393, -0.026487362754046433, 0.1752700103611937, 0.31833884276914814, 0.4114708905915635, 0.5560831818926569, 0.8624899004938967, 0.9983882686281039, 1.1198813272694408, 1.1811622351414401, 1.4255909882293645, 1.695701350981405, 1.766583583862969, 1.9339440409248931, 1.9993416402937148, 2.059039043378065, 2.119493736135469, 2.2276626193545326, 2.2698923526506394, 2.3484823852287473, 2.4060689399814335, 2.4496835244266095, 2.5068026345537993, 2.612144744029287, 2.7259060550170866, 2.784193950569638, 2.8293613591471574, 2.861902597983926, 2.875067425664177, 2.974682932249651, 3.0015357193244716, 3.0331223873822006, 3.043353757501316, 3.072647292360639, 3.1195650721329273, 3.122510914871471, 3.1690975971369824, 3.194114805925356, 3.2411798880580998, 3.2753048805716314, 3.3194532765648272, 3.330517446186493, 3.336329986039223, 3.36705048773012, 3.384605711465476, 3.4172330193800815, 3.4405830727940563, 3.4639773621280523, 3.4788209284667593, 3.493387078837059, 3.527208145275148, 3.534773054584488, 3.547801906240301, 3.562740000003748, 3.5890265889127893, 3.5959477142950047, 3.605457118377075]",8.05,2.491906089642216,8.0,12.95,13.0,1.0,0.0,0.0002860069999042025,24000,0.15,0.99,epsilon_greedy,exp,0.6,0.9995,none,4200.0,True
e7,expected_sarsa__99ae47d6__s51,expected_sarsa,99ae47d6,51,15000,20.62325620900083,completed,9,3.1068311830545285,380961,"[-3.276421291043386, -7.121703823941186, -11.78413929577692, -15.130239045767242, -17.743405666327412, -20.511382870005516, -22.750103773015606, -25.077016270799014, -26.546315150429912, -28.19276044628834, -29.388922770568296, -30.442073970694253, -31.391685591614294, -31.928982965808807, -32.36630557995211, -32.74812819043037, -33.0203261609479, -33.12900616083706, -33.27125131509056, -33.280249283878724, -33.25778586907439, -33.20759139402026, -33.11058116757523, -32.98577174162931, -32.75922148616475, -32.549596049075234, -32.243461447907244, -31.935814429113968, -31.6632752320939, -31.243836088580235, -30.840085184085954, -30.403787133512047, -30.015349889566288, -29.56349433416917, -29.117349160315012, -28.6998832954898, -28.284058515724134, -27.663606450811137, -27.091161537386288, -26.488052042136474, -25.863131984292593, -25.23842928846184, -24.76193893201309, -24.054099221208958, -23.52776011392577, -22.99124156974009, -22.450171223197305, -21.91841200885566, -21.27301531512582, -20.633080819603208, -19.888934902109252, -19.317515082218254, -18.619690332243454, -18.06121629434852, -17.277556112592883, -16.413928972875933, -15.906039656520162, -15.585157740591018, -15.060656180754146, -14.406046994453563, -13.895612601401782, -13.408626454637238, -12.655171337898825, -12.237536460363412, -11.723395661591235, -11.415654343052406, -10.811062522802834, -10.266592575602468, -9.771312188529189, -9.317482789641122, -8.990198091656, -8.660703126061177, -8.108133272951948, -7.857248185507732, -7.5637872651579965, -6.961449125228063, -6.628254236765196, -6.4010481817298, -6.069144567552541, -5.767315454686057, -4.859843575682675, -4.366489068374994, -4.023135621529328, -3.764707292502047, -3.5195604405130103, -3.2159649917473634, -2.65481280906743, -2.4132084287394355, -2.154070729075973, -1.7042357397848877, -1.584459389530423, -1.017014546718857, -0.7960062083576805, -0.5139277916231361, -0.2580094693111107, -0.09835090711024096, 0.08776137323303039, 0.28058332466481717, 0.472865339232855, 0.5353398631329294, 0.7419540229339405, 0.8052327709458584, 0.9528412658149311, 1.025553613296043, 1.087740301707601, 1.1964228200923803, 1.298575381498356, 1.4602768144799998, 1.5085713585645213, 1.596391969430228, 1.7329135624465353, 1.8104720754701566, 1.8965824735399044, 1.9601676589093342, 2.0590696948524516, 2.1079792386880363, 2.1369049042692176, 2.1410756792819097, 2.2399221751895424, 2.319598859310623, 2.387195741446004, 2.4657523439027136, 2.5438637539610798, 2.559016761463735, 2.5780736759541445, 2.671870998268988, 2.7526309904399833, 2.8474936325302336, 2.8958552965452244, 2.9232439357622906, 2.9441092592698834, 2.965775350885473, 3.003822723381174, 3.0293422165772825, 3.0407701155677573, 3.1057471006183204, 3.1440416865001484, 3.1858213163969853, 3.2423265578018805, 3.2712645685983146, 3.2906850277226263, 3.3183137240254412, 3.329792736034713, 3.336500831681888, 3.3580348776354847, 3.381601961953029, 3.409796080275517, 3.4614646753875635, 3.484427638342666, 3.4904852272718334]",8.05,2.491906089642216,8.0,12.95,13.0,1.0,0.0,0.00024334399999133893,24000,0.15,0.99,epsilon_greedy,exp,0.6,0.9995,none,3900.0,True
e7,monte_carlo__faa14d3a__s42,monte_carlo,faa14d3a,42,15000,21.929572568998992,completed,16,53.43329579952934,674740,"[-203.40728108318257, -219.73335910210426, -228.01486918209744, -232.3131473113271, -232.2056043391682, -230.2945677747827, -223.45765872121393, -218.31704650870464, -213.05350412978132, -208.02898686751203, -200.57404389323034, -195.4021341350835, -191.45541875497875, -188.144531142941, -183.4770876903168, -179.42540534694632, -175.8451095600004, -171.03593201397618, -167.95714181940448, -164.44251938800298, -161.60822196430664, -157.08834833706163, -154.32141631493738, -150.49997238900946, -148.1873847858616, -145.5713445059885, -143.60324871028658, -141.14777234468468, -139.32939717731097, -136.78177660090668, -134.77112128813158, -132.3470207722696, -130.09439590822754, -128.74930153191937, -126.74574182919791, -125.00283811882454, -123.49011989615694, -121.96081205537469, -120.46793910872202, -119.42716225626302, -117.8131641372273, -116.48318112428909, -115.10122711361699, -113.45982223582492, -111.98279289755865, -110.52664819830314, -109.5327035540839, -108.04728962132297, -106.93630016035732, -105.32112131813415, -104.15903541523672, -102.75936446023856, -101.5618539586845, -100.79726926873195, -100.12532171064899, -99.31490948538661, -98.29426582690631, -97.25911150912638, -96.4824373154865, -95.52086045366653, -94.52495326815875, -93.84164462050448, -93.21239766007443, -92.55904478820153, -91.82438448704653, -91.17300804174856, -90.64947711699388, -90.0552002572599, -89.491335143005, -88.7156903929327, -87.79889243919554, -87.11020535720733, -86.17675090129678, -85.44730183990015, -85.08643240763686, -84.6450825833252, -83.60416022696339, -82.9192976579143, -82.35444057449054, -81.29223026885951, -80.79826350118512, -80.362215672928, -80.10347776012695, -79.62247630133521, -79.13022837328269, -78.55679025273041, -78.08925209579779, -77.53870884326246, -76.91417740649422, -76.43301574708796, -76.0691128971081, -75.57012239847906, -75.28317968258331, -74.7024473898551, -74.23237320968492, -73.81425785675194, -72.9715576447077, -72.60728240995213, -72.25983276446422, -71.70293943973171, -71.24725515584979, -70.74906778058498, -70.38811958045532, -70.02597054948677, -69.6321992712652, -69.42741513812683, -69.10076600029494, -68.70177003132537, -68.13502557468512, -67.84067980153822, -67.55516743101562, -67.11631227562074, -66.6766733633384, -66.40552954429144, -66.07070748873826, -65.83935966839296, -65.45157791758963, -65.1950203097881, -64.91466969513905, -64.55275277620342, -64.19031766015685, -64.02787902590146, -63.677392120186454, -63.46922556104341, -63.16109291724742, -62.79382233868431, -62.49542472611804, -62.233301564745034, -61.981052271586236, -61.68460560562279, -61.41863622729137, -61.30030042520597, -60.94024493332533, -60.62256489305168, -60.21221232774088, -59.9711294819246, -59.67349171316309, -59.33471049469282, -59.05815770800341, -58.81598081472656, -58.62333281818135, -58.382547713131736, -58.12449822319234, -57.83813156673622, -57.628422973772004, -57.35751860500148, -57.03346609724733, -56.80398962860348, -56.61477557794084, -56.34458711844082]",-4.42,45.279642893976764,6.0,24.37,15.0,0.95,0.0,0.0003999560000374913,48000,0.15,0.99,epsilon_greedy,exp,0.6,0.9995,none,,False
e7,monte_carlo__faa14d3a__s43,monte_carlo,faa14d3a,43,15000,22.789972761000172,completed,18,69.7705346116826,697268,"[-203.74884975607995, -224.56448891794832, -230.05319589537456, -232.58508175080593, -230.81593129925082, -229.2091534399853, -224.20344028857147, -218.23639921390637, -212.36599371602958, -207.52358785327428, -201.5005218430201, -194.17520688901942, -188.67169967951074, -183.7781738588945, -179.12161583160525, -174.2574659661499, -169.55806944516902, -164.64786480873323, -159.84125310367006, -156.13167426707722, -152.73184999675925, -149.91232306509644, -146.26594739535287, -143.30028569732937, -139.86934190774323, -137.0603543550033, -132.81859106001164, -130.03494146439508, -127.14947676796179, -125.14935613548963, -122.78790828040876, -119.9850232218988, -117.98832857046422, -115.87136764788697, -113.64730071785515, -111.31954841111023, -109.16788766285677, -107.44380356770552, -106.07542784365916, -104.48534208429233, -103.21420272638595, -101.88663745626361, -100.29359422689382, -98.61635776255324, -97.244700994816, -95.35366868246447, -93.98621149213794, -92.74595618371418, -91.04532028444538, -90.14495115744967, -88.99198094204017, -87.73967454615432, -86.72869436428275, -85.37518867331063, -84.65532770520886, -83.63508199081629, -82.55536013189639, -81.71644104696313, -80.80809451920268, -79.92127634348904, -79.0297721511565, -77.98928050206018, -77.43739521814182, -76.76785818167751, -76.03933034289217, -75.52811353667889, -74.75092676596472, -74.27663190621571, -73.71674092368502, -73.04500691559217, -72.64443640941253, -72.11403481627808, -71.37063406947098, -70.79020898229643, -69.99863563828217, -69.53116924743135, -69.0073069376629, -68.10233052116227, -67.54837080887077, -67.08939539429714, -66.62083619678462, -66.06268037555955, -65.5574760785716, -65.13496668427878, -64.40689254759181, -63.917924560127425, -63.51024332895995, -63.21462417249145, -62.49920636625195, -62.25422933080934, -61.85849830372611, -61.43239704564004, -60.97181250983718, -60.712783222083345, -60.296101886893126, -59.98656544054196, -59.57201091946344, -59.21897408118488, -58.48647734584701, -58.18384223833504, -57.81976910678633, -57.399033359765234, -57.12552125301586, -56.77559128718546, -56.41413614255728, -55.98609599719146, -55.727803862306104, -55.44341132386691, -55.01679592044124, -54.43903906681992, -54.22973875136936, -53.79520324294279, -53.524907948824044, -53.35423406396886, -52.9763170298423, -52.672158739578514, -52.3704627897423, -52.06088514528379, -51.82006141632953, -51.45557949617142, -51.10554965369467, -50.89890745733015, -50.66514078582615, -50.444604281622055, -50.25617117794113, -49.85213991594699, -49.5288625904161, -49.31226865016389, -48.86894666012426, -48.71043103585321, -48.43595679889424, -48.16229184929192, -47.93735952811008, -47.46337489237188, -47.261683358967424, -47.11106907586576, -46.924053429956196, -46.77367301954596, -46.47474665448917, -46.322619220955715, -46.11831657984274, -45.89652168586397, -45.47351719655147, -45.20315778866778, -45.00053985811548, -44.79332898207937, -44.53483966626152, -44.38887602516861, -44.2286026232673, -43.99957751324973]",-24.13,74.30766712755417,6.0,41.98,15.0,0.85,0.0,0.0006769160000112606,48000,0.15,0.99,epsilon_greedy,exp,0.6,0.9995,none,,False
e7,monte_carlo__faa14d3a__s44,monte_carlo,faa14d3a,44,15000,22.290924179000285,completed,45,66.31727602970436,647650,"[-205.05076948126828, -221.9431620268083, -228.70693700701105, -230.05448351584266, -229.59767799120365, -226.56791441860088, -220.28541560065233, -215.18801228176054, -208.05430881183474, -200.8841196963496, -196.0993249042146, -190.54000753106564, -185.6447801521719, -179.97469568615193, -174.52331763514096, -168.81166880512316, -164.75620148925722, -160.42206977659464, -155.92917269135714, -152.30107191470503, -147.81403145024387, -144.66255284645268, -142.80989384977948, -139.69353656107972, -137.0577843284926, -134.70723826681322, -132.50395803727577, -130.7148061550649, -128.98671563402053, -126.35311116206724, -124.1384136065359, -122.01082976923789, -119.20190299287786, -117.4251374123624, -115.68447720664383, -113.94485499972515, -112.00816531046615, -110.67382519371317, -109.07183915615309, -107.32456754792773, -105.84891599527579, -104.29438705604117, -103.0883236321458, -102.15597530507004, -100.74727294396351, -98.78025413645716, -97.48623654018985, -95.87382281751853, -94.48735631878232, -92.87230396692198, -91.62170308459898, -90.54107358070198, -89.8191715109512, -89.139463943991, -88.34193350094064, -87.28617439276239, -86.49929029672916, -85.62343585237323, -84.88461900901771, -83.99653227955046, -83.36100210346517, -82.48638009877892, -81.86571225206283, -80.94500894089433, -80.38970989326813, -79.66957243919582, -78.52640702301204, -78.02244910044077, -77.3051686857184, -76.54410464483672, -75.76399499691645, -74.98554955535138, -74.42695350595226, -73.67326577531568, -73.07343603850363, -72.64470064763428, -71.98186549355779, -71.4546011119352, -70.9848951006733, -70.32245104769933, -69.69154335444173, -69.29906879932496, -68.83414060735785, -68.18086099800907, -67.81324957964806, -67.53646367838168, -67.14121458356621, -66.61254345902782, -66.15827440525777, -65.72728126185837, -65.3826258520795, -64.88473780054497, -64.54852936740853, -64.2864437239083, -63.69195028016324, -63.25693525083901, -62.87940581503941, -62.39016280814172, -61.93713287509386, -61.52147553926416, -61.097205966586664, -60.871304002094945, -60.49550063849709, -60.125842252132095, -59.67867186525503, -59.401935976047334, -59.10702178710771, -58.71956938211493, -58.2897099158909, -57.920673373702336, -57.57747055195518, -57.30125597454907, -56.98854069817061, -56.52994872232041, -56.32282424228329, -55.83208992361515, -55.371838918924226, -55.096361487753555, -54.84883859381625, -54.603579218344414, -54.191644628965484, -53.89410756437506, -53.71816598136781, -53.43214275860278, -53.24435616762934, -52.8777621404009, -52.58053392737337, -52.44904734480965, -52.216832168201975, -51.956010252626356, -51.70557716221304, -51.44720451181094, -51.2854087999976, -51.07227969607649, -50.81512882876225, -50.608425680011024, -50.44803887452416, -50.25240518810515, -49.95939230814616, -49.71938291402098, -49.55279776684993, -49.41221008500545, -49.18129523472494, -48.82520913118925, -48.62104159888601, -48.384244067227556, -48.20933212917123, -47.97187027610496, -47.80013360738518, -47.580688384413314]",-13.26,62.62919898622819,7.0,32.16,14.0,0.9,0.0,0.0005430079999678128,48000,0.15,0.99,epsilon_greedy,exp,0.6,0.9995,none,,False
e7,monte_carlo__faa14d3a__s45,monte_carlo,faa14d3a,45,15000,24.512435953000022,completed,18,60.737056234229854,693527,"[-203.378922428485, -213.04763909765376, -232.19748913778938, -232.02724095802307, -233.49747620096437, -230.15517508537314, -226.28780803356707, -221.1370257531907, -215.1737105658897, -207.70842302263435, -200.24146670856265, -192.81687647528963, -188.45190532488795, -183.36145392119172, -178.79152843657442, -173.5667882247775, -168.7169039990865, -164.45843616933064, -160.87398896254072, -157.21753292741877, -152.93856374859445, -149.58080545695427, -145.7525929191001, -142.41188379271773, -140.7385591239564, -138.3460107862979, -135.38290693224815, -132.0534929306151, -128.98714365041883, -126.54804535394007, -124.57496795497741, -122.98989929832665, -120.88488681975808, -118.46801464975943, -116.89703773255192, -115.26951067447604, -113.48937813637419, -111.61583961965009, -109.7195640988366, -108.53211082145005, -107.03438553811655, -105.96725306733471, -104.70015331537473, -102.99087970723032, -101.79805504487507, -100.42495282449771, -99.03709815723109, -98.12404657021149, -97.17415223703708, -95.99210744314632, -94.59965151506454, -93.72564193055291, -92.91174073806441, -91.26832827470083, -90.11915000094001, -89.1182648827839, -88.31325618535647, -87.26156680921787, -86.51211191863784, -85.7523504845655, -84.74974421135632, -84.12595336724873, -83.2208188331184, -82.42498585585167, -81.97436656244145, -81.30789972056013, -80.7009871829942, -79.98650570865188, -79.4742779844069, -78.73270563718711, -78.17762302332835, -77.46099253312532, -76.77086787766153, -76.18211731809234, -75.49064688074296, -74.4872595801333, -74.09968136665228, -73.70943530324531, -73.29407525814663, -72.96488273728814, -72.25650612493678, -71.4089307450067, -70.93907317147672, -70.55055055203628, -70.13147265647444, -69.53317995137634, -69.07015366433079, -68.6504410713597, -68.3270958789918, -68.0145488262245, -67.52354595240111, -67.13496021969496, -66.93019725899897, -66.5002015914248, -66.04752118515768, -65.62997869324062, -65.12886510442121, -64.77114034189822, -64.26451645540428, -63.822636592744175, -63.229609999010535, -62.957941961544975, -62.54454858862555, -62.207382732065774, -61.76033700326116, -61.26593126042726, -61.068308713346944, -60.76914240019088, -60.32286268848591, -60.04943605101484, -59.75323722907172, -59.562867184113856, -59.10413970593598, -58.81718069078466, -58.553970962893196, -58.290001941544915, -57.995702120922445, -57.66678086604149, -57.25658449897425, -56.921425830720075, -56.64117187492627, -56.246626338684, -55.997772149306606, -55.791470810796746, -55.57533199598341, -55.1797991107293, -54.72452761153794, -54.45538765075354, -54.23980331690557, -54.05078420801953, -53.71684331837875, -53.40846613544089, -53.18057611427424, -52.9851660895681, -52.65600080874591, -52.43231887038132, -52.2005120138898, -51.96746436230236, -51.736192440920966, -51.552583996480784, -51.26356277226533, -51.109541270971846, -50.80258740428581, -50.63297858148659, -50.36599592261271, -50.218707524576345, -49.8687944201775, -49.76721800800289, -49.51524645207957, -49.36876857354502]",-17.75,67.72439320026008,7.0,36.23,14.0,0.88,0.0,0.0006424540000261914,48000,0.15,0.99,epsilon_greedy,exp,0.6,0.9995,none,,False
e7,monte_carlo__faa14d3a__s46,monte_carlo,faa14d3a,46,15000,25.705013950999273,completed,12,55.14952311670519,705911,"[-198.62275038643187, -217.77136716874438, -226.2035329627773, -229.2234349005994, -228.36427602572377, -225.9207366719, -225.28793945043864, -220.67920172721708, -213.58607937061115, -208.07460270568362, -202.41624238476058, -197.17434979165148, -192.31889209610603, -186.5353758123365, -182.6062957431503, -178.28848929265354, -174.64106565565518, -171.3770247533543, -168.1835176351665, -165.1842305317611, -161.5248046128366, -158.1722699316522, -154.0284033944812, -150.4097644191361, -147.31939315876946, -143.3646386592423, -140.39691220795655, -138.0103125951769, -135.9825527164467, -133.91313920317424, -131.70640784948623, -129.43199765110475, -128.0925475064643, -126.0239383266124, -124.56207762869225, -122.80931527263859, -120.38444476258424, -119.06647696425543, -117.68470470855195, -116.47329015879156, -115.02480722162359, -114.44333504189395, -113.20537329725832, -111.96785891800421, -110.3849764906221, -109.46011904946666, -108.65425385341497, -107.48619484598812, -106.29063737513424, -105.28339956935146, -104.25648340782249, -102.99952209221428, -102.25377554098759, -100.86177574591999, -99.83858496278954, -98.65333283783009, -97.34510920374008, -96.6120342109517, -95.23840873953276, -94.24664596229783, -92.87944971147832, -91.6154833016806, -90.59829463553335, -89.87723514194165, -89.15266548342987, -88.02934532197611, -87.06866275305055, -86.37017712198761, -85.31438278750119, -84.30157271252934, -83.32434352688814, -82.58903561477041, -82.14924799096357, -81.23698435613365, -80.71400156451179, -80.01914842104756, -79.31633122260956, -78.46989655898611, -77.78329440556679, -77.09024996632934, -76.4241816133895, -76.00632261236291, -75.2345092617879, -74.54074293085064, -73.75945763401344, -73.10564104772246, -72.44565068260779, -72.04802967325763, -71.226369473985, -70.72776300606671, -70.14050255965338, -69.92630203135997, -69.56897047506747, -69.12277411020416, -68.52119833273848, -68.18912634402757, -67.8106483058799, -67.40814737752525, -66.91180665018545, -66.45099836315471, -65.88061736911328, -65.31754810856823, -65.0603481599606, -64.61534913978602, -64.2219425660882, -63.97508053437242, -63.512256361277046, -63.075990564566496, -62.69714627514895, -62.19496164368599, -61.751461566122394, -61.55601901672929, -61.07977545099926, -60.75943902899507, -60.368251378559165, -60.08523405343065, -59.8066618629346, -59.6073888937733, -59.37496291566785, -58.98619497168493, -58.73672638368236, -58.403995335117884, -58.164941794170815, -57.83910997337035, -57.48344059892866, -57.272930876461665, -56.779879444815315, -56.23680465823614, -55.93966588950752, -55.51701167664996, -55.17596676542869, -54.93216275532772, -54.65263044965421, -54.309291112049145, -54.052383531967465, -53.53934034884959, -53.203693867063855, -52.940998946221924, -52.770700372786614, -52.55534674109542, -52.37083701875849, -52.11958319160454, -51.87237716455127, -51.619375371832696, -51.383249046057436, -51.188336109479074, -50.92817869839224, -50.58887871429704, -50.2861520042766, -50.050364606596034]",-15.64,65.21224400123621,7.0,34.33,14.0,0.89,0.0,0.0005422189899763907,48000,0.15,0.99,epsilon_greedy,exp,0.6,0.9995,none,,False
e7,monte_carlo__faa14d3a__s47,monte_carlo,faa14d3a,47,15000,24.56063766800071,completed,35,53.23429251901446,680296,"[-205.21759058480225, -221.3995468313412, -221.3631070004071, -225.1752079345791, -223.07367082402078, -221.42813286405024, -214.8368642915959, -213.14806385165377, -208.38989834706717, -205.06295927955048, -200.6104493024598, -197.0548540828942, -192.8493736793598, -188.82935711190922, -184.16274904944888, -180.31430853466267, -176.33332604650602, -173.1357968031847, -170.65267582716672, -167.33154312011675, -164.90235812899033, -161.23790772220133, -158.58621185710612, -155.83523882780185, -153.96480233267872, -151.84121139410135, -150.00704632526976, -147.73544026229027, -145.5212179484406, -143.18520658051781, -141.39832319251596, -139.1547115328982, -137.10531672412299, -135.39102834644666, -133.26477179222596, -131.77220217021156, -129.76112049625533, -128.4866020530044, -126.97727091248515, -125.62543647276442, -124.28603629655322, -122.4571536722688, -121.23202174278653, -119.94599445388516, -118.49923817020856, -117.4167510619192, -116.50295906802904, -115.28994723721863, -113.9650825059674, -112.39859659723624, -111.34126222412296, -110.18656951332652, -108.99764025116126, -108.06369756772149, -106.67713084540092, -105.8597491562026, -104.84755605130175, -104.00234781038462, -103.20214409772561, -102.46747629101785, -101.4049448890264, -100.47134073757555, -99.79503704824316, -98.79347758913455, -97.4539051838429, -96.61545220521528, -95.72883410309204, -95.01957160636508, -94.17887607582297, -93.5962125278025, -92.99314314393541, -91.8359844550047, -91.33063536167136, -90.64933397076193, -90.11978429655952, -89.65749063745619, -89.17016458254798, -88.44940565167781, -87.64419545474615, -87.01214327744647, -86.22022163080064, -85.47060280342296, -84.75553168739033, -84.06384150167193, -83.35229878062243, -82.91795145183991, -82.30856324651077, -81.6012543274965, -81.22924225550568, -80.6097351153579, -80.14972447045002, -79.83456154055646, -79.32190453842453, -78.90942027042631, -78.1934581319978, -77.58246551947933, -77.27161990953279, -76.88218330786587, -76.4351512398542, -76.12946831477265, -75.74859630985476, -75.42775168788658, -75.1593576315299, -74.84265598652333, -74.26384180805576, -73.83644806221486, -73.36959564364474, -73.06750678725572, -72.66271480258388, -72.27778541400038, -72.01757290587287, -71.5651457189461, -71.22246510668951, -70.9058500447152, -70.65901425583668, -70.12867055029113, -69.82769770177491, -69.6373424607963, -69.23218615243566, -68.85121949164949, -68.50790443489099, -68.01138452882937, -67.65954545535392, -67.28468700739265, -66.85638786908048, -66.67712409283455, -66.34033042059932, -66.04423061390007, -65.77555954485702, -65.53520347761128, -65.15297661287039, -64.9596559320714, -64.53142104655231, -64.16106479676874, -63.770648311792115, -63.543174342419746, -63.282217235746394, -63.04879566414802, -62.7419917699255, -62.33549037031241, -62.087947527361244, -61.87990483793755, -61.59288098050778, -61.18665309073909, -60.96110554770076, -60.81035879986787, -60.63599697518974, -60.44251787618524, -60.09531099968107, -59.78176845357188]",-16.78,64.92755558888285,6.5,35.47,14.5,0.89,0.0,0.0005734510000547743,48000,0.15,0.99,epsilon_greedy,exp,0.6,0.9995,none,,False
e7,monte_carlo__faa14d3a__s48,monte_carlo,faa14d3a,48,15000,25.206867450999198,completed,1,74.64468567821824,724073,"[-196.39538953259503, -225.93600121778158, -235.32756523537276, -240.1220714425304, -239.42875209951725, -236.37027204048027, -232.53724750741713, -227.68431952197412, -219.892919840205, -215.02343649261715, -209.79608133606047, -203.15622667537667, -196.7790445239475, -190.10307250136609, -186.0491562699838, -181.07601723038226, -176.79551571482594, -172.14563905970047, -168.9306805183673, -165.18420470356847, -161.92004577999285, -159.38848665755364, -156.59492950255415, -152.685910764463, -149.51113273647348, -147.08488709955114, -144.23533493935992, -142.61013113754564, -140.7312865021184, -138.75778663612093, -136.14637189721253, -133.2649820881408, -131.34344521738865, -130.0372173260559, -128.11252818089744, -126.80046448504456, -124.86991738504757, -122.9583420948734, -120.9545855905931, -119.36799744256724, -118.10743791907821, -116.37192935135917, -115.09024742190486, -113.79834705991559, -112.77280635936002, -111.08644084250629, -109.76303873547221, -108.77230162378906, -107.2928853420712, -105.9834383499412, -104.7911678202975, -103.85088718160566, -102.57065656755012, -101.47241168127651, -100.31545355275071, -99.13622319486353, -98.2495345154246, -97.20490677191474, -96.10753852868915, -95.12270002643444, -93.88032717276141, -92.91496653233068, -92.01261905495059, -91.42294668005812, -90.45894715328747, -89.60646031801139, -88.95271181596308, -88.23006795806074, -87.48913771179492, -86.85816844825769, -86.09260990590128, -85.52920314202899, -84.96815178797878, -84.23330855733147, -83.68959460111962, -83.10537171501501, -82.59354496066354, -81.94966819069599, -81.52602587193934, -80.94843778003427, -80.41398025425852, -79.75258476358269, -79.05805275366097, -78.74107595039689, -78.24296773090359, -77.81386343992982, -77.14494269394662, -76.72287508012904, -76.41014154308868, -76.0146112277295, -75.64670173079394, -75.18575548546401, -74.61883733714463, -74.26100434715765, -74.00909118535851, -73.72881131593499, -73.45460725188015, -73.05517564911568, -72.69342887958996, -72.31232219048722, -71.95571768556796, -71.47528427798044, -71.10639225399363, -70.78825770538, -70.43180950954022, -70.11162054886613, -69.81894541504309, -69.4172246058183, -69.15475474458387, -68.88354838717524, -68.433859934343, -68.16249626500469, -67.9072627508976, -67.49946027693042, -67.15274158380774, -66.89779095984106, -66.65536169802262, -66.40791838192338, -66.15850335789835, -65.89400045702685, -65.64927274389024, -65.38477486156458, -65.17260146025795, -64.85270862714619, -64.58676389976381, -64.21711120116849, -63.984203092118996, -63.72058150140057, -63.45780157957896, -63.264381164332285, -63.099313363915435, -62.89113534788118, -62.656590273864914, -62.30416958305597, -62.059682935506196, -61.74034678741248, -61.389214894912506, -61.11543337592675, -60.9833732862323, -60.84107193426181, -60.59239560631488, -60.41271279725172, -60.1353718860659, -59.98900613225874, -59.73977480471953, -59.561735331149734, -59.42932951551615, -59.25418396265612, -59.06867362917987, -58.90061449613253]",-20.43,69.86455221759928,6.0,38.7,15.0,0.87,0.0,0.0006151149900324527,48000,0.15,0.99,epsilon_greedy,exp,0.6,0.9995,none,,False
e7,monte_carlo__faa14d3a__s49,monte_carlo,faa14d3a,49,15000,20.914349871000013,completed,52,45.36290995956939,591576,"[-200.43151149295494, -223.39698061458415, -224.30539914055177, -227.83046225325057, -228.21418020967212, -227.62543864227226, -222.60825184673575, -217.87673050410714, -210.86222768197948, -205.845108890669, -199.55337059348437, -194.24315500522587, -189.89476526656205, -186.16297180243456, -181.75381827803324, -175.70796410681862, -173.00636346971496, -169.26899162468155, -165.48790169600878, -161.95061099524355, -158.71209083421164, -155.50586359275582, -152.92683998463326, -151.0246180464654, -148.56534574038005, -146.19191669699669, -143.82117499602614, -141.79308859445655, -139.85659700584725, -137.61857932402467, -135.64892832879255, -134.07458463358358, -131.5987666863591, -130.22550530233693, -128.24210664192677, -126.73972176389226, -125.11861752033823, -122.94599489943052, -121.07160664343958, -119.46049050709095, -117.8779244038091, -116.51746975333499, -114.98158089273706, -114.08831145198248, -112.8654669959175, -111.31652171845093, -109.90150586063876, -109.08889385764846, -108.22023932974247, -107.42072224460263, -106.1191442646183, -104.67261727749528, -103.67554691476575, -102.27256116801999, -101.6171474298837, -100.85227055684034, -99.48616124065833, -98.9002198340102, -98.43509388173835, -97.48054040072908, -96.71087422595683, -96.14389821129927, -95.09636471752327, -94.05821961562381, -92.8062353665549, -92.0641337903991, -91.08021283841825, -90.42641535873034, -89.69263000797095, -89.02762280711632, -88.29526342554186, -87.86837201216218, -87.2501115572957, -86.82587490231406, -86.24878214060415, -85.79967426385255, -84.99465707234089, -84.57239755422242, -83.92357794341818, -83.52572076204673, -82.7630564557025, -82.16658612989092, -81.70331521052883, -81.18893135422826, -80.80192570058036, -80.28884672733695, -79.74439464958958, -79.34559585679044, -78.96032574696967, -78.59356810063271, -77.9989741395753, -77.55887311843018, -76.9737023243725, -76.78176653663922, -76.2737648527694, -75.7837479151328, -75.22941243936792, -74.696688323169, -74.21347416607374, -73.8901880108323, -73.47825479085863, -72.9006646007321, -72.30542001689449, -71.9347430568119, -71.55941904755547, -71.14242029295397, -70.80747011026749, -70.37677321904273, -69.83163385921429, -69.47040866288219, -68.8922931355254, -68.43954399364081, -68.01466100083564, -67.76935967905426, -67.48215627322084, -67.16386380344484, -66.90080259817306, -66.44660317507868, -66.14459478282544, -65.8568310211612, -65.57727063239558, -65.23601861931714, -64.95365106082154, -64.61013529745318, -64.31577212391396, -63.88167735641445, -63.56731071616139, -63.253720180630665, -62.995416845674896, -62.633559583168946, -62.22606537644587, -61.956896061554765, -61.84466610814966, -61.55531860311926, -61.158776376380615, -60.776871899237925, -60.419303591531815, -60.18904374097487, -59.897548852781306, -59.75781229145848, -59.517756959536584, -59.32669944846479, -59.17937383893312, -58.886490640767576, -58.60075856969451, -58.44555053060341, -58.292290181714264, -58.02416534147357, -57.757189639199204, -57.56923455834449]",-14.9,65.44926325487599,7.0,33.59,14.0,0.89,0.0,0.0005486569999266067,48000,0.15,0.99,epsilon_greedy,exp,0.6,0.9995,none,,False
e7,monte_carlo__faa14d3a__s50,monte_carlo,faa14d3a,50,15000,23.10303120000026,completed,68,58.487349059433356,665723,"[-201.24949398867463, -219.62229578145786, -226.21204340884623, -228.52804367640658, -234.52142170599345, -231.60757377490665, -228.08175824763973, -220.5800745797196, -214.83495717551716, -209.38208104616342, -203.00149751887326, -196.1264823321864, -190.23321353635282, -184.29761806919842, -179.9647733284329, -176.72529862846102, -173.29160775353668, -168.6203931555872, -164.1804463457858, -160.6855951048092, -155.83098803173883, -151.3792289726012, -148.3570986244044, -145.5602975205525, -143.4024923493921, -140.83930763283476, -137.3600473201358, -135.18885008750937, -132.388449650306, -130.0915820444452, -127.25388355326122, -125.77561910524675, -124.37088165095129, -122.91845101774263, -121.448098133884, -119.36461386134602, -117.71293970159006, -116.34909437669872, -115.02069576203995, -113.4684490102777, -112.23318702848704, -111.09167110530417, -109.44382486702678, -108.27279424316947, -107.091692879214, -106.05437387698255, -104.82291275134449, -103.4973590902053, -102.3356062478431, -100.65187691129204, -99.48741845558567, -98.41610448027707, -97.27830414578027, -96.5968262886994, -95.70800021458692, -94.8011378615197, -93.60925665612801, -92.97984599508352, -92.08945939358543, -91.14670430747748, -90.19709055840481, -89.45559652541776, -88.65823466872801, -87.92397966240529, -87.1197899722621, -86.32866348746354, -85.52714444875089, -85.00985869638917, -84.20558949605544, -83.38017046984643, -82.72233349557827, -81.92506447053202, -81.22719048583116, -80.71145423125903, -80.10179094228153, -79.42681565315358, -78.91713214059085, -78.42585752654463, -77.65667786962217, -76.86967640550338, -76.27779619063408, -75.77242253665017, -75.12627870767058, -74.73533452522422, -74.28393477340524, -73.80765232440784, -73.42832939922387, -72.92971653921289, -72.45053311365753, -72.13986804715529, -71.64029684285036, -71.30791407774326, -70.79625149285377, -70.30631889482177, -69.89572792784375, -69.16627625934146, -68.82669714295156, -68.43123451602808, -67.97895013590032, -67.45031264409127, -67.02947262045193, -66.6985391882464, -66.49116559793758, -66.09702014814894, -65.60814802252357, -65.29182025086678, -64.85928272886926, -64.53393390374676, -64.28012141760055, -63.809027005141985, -63.40940881919258, -63.11184172955025, -62.89094890059494, -62.768986941933655, -62.48608664747685, -62.208273196183576, -61.84695193898051, -61.630701787950905, -61.32484725418226, -60.7320377540468, -60.27467751623636, -59.84843182673328, -59.56106641605935, -59.29050097955237, -58.97366409623165, -58.66270589136241, -58.36283642892885, -58.24234492055686, -57.828588997076835, -57.529316394919114, -57.222487674454065, -56.72185389137207, -56.35117154012604, -55.79253297717123, -55.49409717647739, -55.17529410109026, -54.725941718523714, -54.36919611000259, -53.97977257287923, -53.83615242913145, -53.50861042482613, -53.34202993842037, -52.89100069214965, -52.70097317825288, -52.425128552569596, -52.09387001928675, -51.78857955200312, -51.466996827561395, -51.2064858639436, -50.93613473039239]",-23.59,74.52598963659007,7.0,41.44,14.0,0.85,0.0,0.0007207749999361113,48000,0.15,0.99,epsilon_greedy,exp,0.6,0.9995,none,,False
e7,monte_carlo__faa14d3a__s51,monte_carlo,faa14d3a,51,15000,26.148346100999333,completed,9,62.016690495381965,711375,"[-171.31712831244948, -200.82877342108728, -218.12238144020506, -217.31323292470205, -219.40622072968, -218.5307454614144, -216.07574984204638, -214.61212764956028, -207.75972983113877, -203.42496309562802, -197.2700597930812, -193.74461726105645, -189.89064452308259, -185.43194347745228, -181.54242958426144, -178.08283622699977, -174.63617238956297, -170.81439727952835, -167.50620522015336, -164.70427613560807, -162.43892535436825, -159.6376584222359, -156.7697538415356, -154.39362641128525, -152.64506841783495, -149.97629492054804, -147.75259504774218, -145.46425779726823, -142.905469051184, -140.8978664952741, -138.86304018671248, -137.23173294516826, -135.7512694469204, -133.35453078334382, -131.3813294662402, -129.13096169402664, -127.52110794786628, -125.74494859650494, -124.24311124848366, -122.8768953577631, -121.68155278949943, -120.4616314463313, -119.4184228060135, -118.04784690385509, -117.02917345355675, -115.79547409308938, -113.99552827247284, -112.48651852007204, -111.5054058476429, -110.17551339938049, -108.82026040832423, -107.8221250866322, -106.75756432412739, -106.16619720573188, -105.19457747123029, -104.15324983244248, -103.1671375741556, -102.05740595752496, -101.13568882387024, -100.24144825913564, -99.57940768375987, -98.86051989020355, -97.8646266657693, -96.87172174621261, -96.31576346895066, -95.25488382481656, -94.01975355549095, -93.2990698405178, -92.81198441536058, -91.89295245375912, -91.26000343087523, -90.59233996628646, -89.77529771850104, -89.31042268212323, -88.8518367010115, -88.45358419530095, -87.7653887157814, -87.14016584708575, -86.46823378304246, -85.74195869399091, -85.07463022929007, -84.74692607985986, -84.29983672196967, -83.95745058529118, -83.54120560815078, -82.85779149330736, -82.42403062258937, -82.02204482394606, -81.40268577374019, -81.01789823797314, -80.44651005117424, -79.79817642401233, -79.53146758553645, -79.219273282208, -78.81786283226414, -78.41474246577312, -77.89770773633579, -77.55773175291415, -77.12521772009953, -76.78710718854758, -76.26644057257299, -75.88354254693323, -75.69068453710794, -75.39796627216171, -74.89625875364378, -74.7307476838548, -74.41516626432578, -74.04802831846968, -73.61603158180975, -73.30656495992852, -72.97012645282112, -72.71412075996561, -72.47513385442308, -72.03386998144154, -71.70758295292374, -71.3465393588769, -71.14020150689802, -70.82066647600472, -70.52287883707262, -70.1850994822075, -69.93864830229467, -69.55778536517985, -69.2733955929039, -68.99076011332052, -68.73481698262002, -68.40695414689893, -68.17161929819324, -67.81913193842742, -67.513503933527, -67.2865605199768, -66.99094564029889, -66.70837558524345, -66.43681330432669, -66.18655562398797, -65.89436984415292, -65.59528111925522, -65.32431725608181, -65.04736875278783, -64.7692388972104, -64.55740550319544, -64.41583899603955, -64.0831334087603, -63.71952412945083, -63.484156405605674, -63.26494774749889, -62.989628654474515, -62.81833406981461, -62.579816275998255, -62.3799629206497, -62.1173040455291]",-42.44,89.03526937073416,6.5,58.4,14.5,0.76,0.0,0.0009284460000526452,48000,0.15,0.99,epsilon_greedy,exp,0.6,0.9995,none,,False
e7,q_learning__9262edec__s42,q_learning,9262edec,42,15000,12.351404316999833,completed,68,3.0819474362811574,335520,"[-0.98868822900771, -2.0297615665799564, -3.046537633512926, -4.125954118267338, -4.977942911389162, -5.316244514280628, -5.173979208228005, -4.7429467024949234, -3.9803991250170556, -3.235328329927308, -2.4131524865185043, -1.6503823262429014, -1.0233137861202093, -0.48328891659453516, 0.054840537180313564, 0.5267455190962879, 0.9358581355150061, 1.3917990747783697, 1.7047131720849116, 2.146985121380083, 2.3788389756728336, 2.665075217558572, 2.8354955791457894, 3.0788100691834686, 3.222260489765176, 3.310235065886415, 3.488851505184127, 3.6252013434589645, 3.777685460704286, 3.8898135535084175, 4.086039351410539, 4.210243222672023, 4.287216889087265, 4.364543581660627, 4.4095812185881975, 4.4966860502214745, 4.5666955159437554, 4.694454331151984, 4.844441150634618, 4.95720884973839, 4.960364541995426, 4.990292874751704, 4.991117344245873, 5.056656981159721, 5.104544984685804, 5.184924186585983, 5.247852842868885, 5.31079268321638, 5.372157044472463, 5.451643704864515, 5.4658835112906505, 5.491815416690526, 5.497435545212515, 5.531762985436213, 5.594152351676893, 5.598189612677545, 5.621823794379959, 5.640526007014131, 5.674082087994814, 5.710811391925101, 5.721556491829785, 5.741877351846735, 5.758646739360503, 5.798484250505472, 5.80549918486997, 5.811414099316159, 5.822155271744206, 5.832299838397966, 5.851269046860566, 5.851369165799919, 5.859685614430982, 5.8854546088112505, 5.892115620851416, 5.902748230168146, 5.914422529092831, 5.914965840800022, 5.922769863764782, 5.934470775357292, 5.9518855272063655, 5.956845681206894, 5.966307892255363, 5.9776420295999575, 5.987991836780305, 5.997639960176636, 6.010853824437303, 6.025019750489637, 6.026080336708571, 6.026190796613731, 6.030442903299436, 6.035060284276316, 6.0407092090227525, 6.0473050236421555, 6.050349910471626, 6.059896959091825, 6.065310712433272, 6.06574372803241, 6.069880703486126, 6.07167651941771, 6.073277572272324, 6.0764872582146285, 6.077734853497997, 6.08447761710718, 6.08873217441804, 6.089545502276902, 6.089558631762643, 6.092888373969776, 6.094698204288261, 6.098535556598824, 6.1020771026284875, 6.103812610839496, 6.10381638009588, 6.107937107388784, 6.109324269966722, 6.110046172951722, 6.110281099927939, 6.11450135003021, 6.115717521615476, 6.11687261905019, 6.118584333414341, 6.122061681581348, 6.123007606644292, 6.124132618031299, 6.127728459070454, 6.127728585516012, 6.130047284950222, 6.131558843542687, 6.133632072263826, 6.1339317454801, 6.135395375739647, 6.135395741650552, 6.135797879170127, 6.136307782344359, 6.136420175575385, 6.137479922493903, 6.137823914162329, 6.13889513485062, 6.138941386931441, 6.140034268249144, 6.140721780336871, 6.140887552432982, 6.140931778897277, 6.141050687245707, 6.14201379367601, 6.142589008611813, 6.1430395967450835, 6.143284898021614, 6.143393281411984, 6.143497732143664, 6.143858281524144, 6.1443793417726456]",8.05,2.491906089642216,8.0,12.95,13.0,1.0,0.0,0.00025178300002153263,24000,0.15,0.99,epsilon_greedy,exp,0.6,0.9995,none,1400.0,True
e7,q_learning__9262edec__s43,q_learning,9262edec,43,15000,12.128829240999039,completed,17,3.490615991483452,334068,"[-0.8904878570391899, -2.11366192614014, -3.1382901502700076, -4.089349701347989, -4.692345800600069, -4.840495722445515, -4.6375983526135505, -4.39902165221862, -3.847145876121512, -2.8905405838545115, -2.073584489949393, -1.4137215790073705, -0.8653113832602053, -0.21676149710531104, 0.3117444489324955, 0.8649785926173792, 1.511113629030767, 1.8246198268046405, 2.256251856127609, 2.468757144876316, 2.8057435257137557, 3.0335987134428275, 3.1789485593322597, 3.4362823831288454, 3.5822006334256935, 3.71819974439502, 3.8604484779177017, 3.9088141564969336, 4.174726604085874, 4.315095889397662, 4.47268485748607, 4.60639182981432, 4.747546125197973, 4.819412631428808, 4.858306033988041, 4.98219257184208, 5.009528581881841, 5.102254664687343, 5.169946515113894, 5.252696270592517, 5.348681270728923, 5.427079928229931, 5.493550981909821, 5.535815503549055, 5.569325142299984, 5.613572352515669, 5.62213247184053, 5.656758599130549, 5.699980355902332, 5.726889599745062, 5.7525142883023905, 5.783497314953434, 5.788896975017236, 5.831182174043436, 5.87742243182964, 5.892611199257343, 5.908036641666527, 5.911858172382181, 5.945643967403758, 5.966028963254181, 5.978141585811245, 6.002678492207538, 6.016501345167449, 6.030524570188636, 6.052830412503307, 6.055694743168612, 6.074105483022252, 6.080685521146726, 6.08953430900406, 6.095125322176713, 6.107633466844277, 6.112180437926693, 6.115112979317761, 6.12511156866108, 6.134113668988129, 6.1480287363812005, 6.156078271597965, 6.157149995339007, 6.162036776888381, 6.17790973253486, 6.181405537714611, 6.1937461206854145, 6.200400388199305, 6.2017137204756825, 6.206992906941176, 6.208429557640729, 6.209867132908429, 6.219963383092083, 6.2213239280706825, 6.224699369240437, 6.227338514998619, 6.228289744106764, 6.229100965477202, 6.235190210671738, 6.236304503977926, 6.240583372098155, 6.245184095144251, 6.2512833405547745, 6.251290164329409, 6.251511965110938, 6.2517812921752105, 6.252298829304501, 6.254988108456791, 6.256670052146079, 6.259784762262444, 6.262056300344654, 6.263217407490973, 6.265659277098275, 6.266864781622099, 6.266865946856296, 6.268008697505294, 6.269051025815469, 6.270352347766959, 6.27103447882497, 6.273351874378359, 6.275184305726814, 6.276968361982833, 6.2800744290817, 6.280835771777919, 6.281236335001623, 6.282137360650508, 6.283345262550038, 6.283407549375427, 6.283859746256246, 6.284112979417367, 6.285072070714119, 6.285901708283743, 6.2868865542636, 6.287051658582101, 6.2876981130617375, 6.288309325736097, 6.28830933993054, 6.288491082102152, 6.288491148346611, 6.288661769385092, 6.28890276893495, 6.2890527278425195, 6.289094158275125, 6.289246125958769, 6.289246158695998, 6.289671205262548, 6.289849188987074, 6.289922922301359, 6.290099079980863, 6.29013163532947, 6.290170736969964, 6.290691736245543, 6.290708095808907, 6.290708104426882, 6.29103416792699]",8.05,2.491906089642216,8.0,12.95,13.0,1.0,0.0,0.00025405799995496635,24000,0.15,0.99,epsilon_greedy,exp,0.6,0.9995,none,1400.0,True
e7,q_learning__9262edec__s44,q_learning,9262edec,44,15000,12.222040678998383,completed,45,3.3591070241955667,336817,"[-0.8512762051546486, -1.9658484852054816, -3.2981763512041415, -3.992293942081665, -4.688425601154368, -4.907608697267587, -4.643453894833248, -4.122895317465107, -3.6480731382784257, -2.9163510148221237, -2.094383930384648, -1.5822413453353488, -1.007096062750528, -0.6674714911168768, -0.2015656113103475, 0.24092105736899724, 0.7942559067158167, 1.1920078543534118, 1.6802076247921671, 1.9112559162970415, 2.178166419674741, 2.482590590653816, 2.6931263607629874, 3.0121896088137774, 3.211384836808206, 3.48596956337903, 3.680781308784103, 3.883439918063706, 3.980277251674844, 4.1027306616771755, 4.219888554067412, 4.291515610569945, 4.411624585337689, 4.499037867521508, 4.596525182083054, 4.701577793525419, 4.794262690774048, 4.904770502649949, 5.011851336639484, 5.047774402220989, 5.0973232279686815, 5.186555366442863, 5.252789908351696, 5.270316897340448, 5.304469975335888, 5.37648353269238, 5.385618089809757, 5.423934670963459, 5.432378049605805, 5.458681734304372, 5.503608865294913, 5.535961002049467, 5.579401658422845, 5.62178545667166, 5.64355310670452, 5.723745367032312, 5.766148709726611, 5.797114204133126, 5.7996121381114, 5.822090986809724, 5.86500207035443, 5.88791238388141, 5.899947141136872, 5.907396252694465, 5.915450092175503, 5.939091640064457, 5.94269760705372, 5.977717335867142, 5.984964070473324, 5.9932355212553325, 5.994146614751881, 5.995981788060612, 6.000730373028069, 6.006821152303923, 6.01180441633831, 6.018932744627484, 6.027475328475088, 6.028993650751387, 6.0325420648377825, 6.032573066009865, 6.040435695693988, 6.042863370067432, 6.043002435841369, 6.047737251222552, 6.052985356293296, 6.056910772610661, 6.064262404358042, 6.066070203695552, 6.078247827570121, 6.085180519880269, 6.09284693700281, 6.094620563977665, 6.098473205529286, 6.1049677974930034, 6.1082252671973984, 6.110048758466121, 6.110554224696557, 6.112034227746834, 6.114136564760864, 6.114523512437143, 6.117040445596785, 6.117234537092882, 6.119570714206052, 6.1207772507746245, 6.1209370203171565, 6.121888807447212, 6.123088307038008, 6.124794233192303, 6.125430667869147, 6.126100082581147, 6.126215494349095, 6.126226477102676, 6.126241582730866, 6.127487704327214, 6.128407276355173, 6.130047434441052, 6.130105287671152, 6.130879466695872, 6.131508836992771, 6.1329415582425115, 6.133620066032716, 6.134174069901436, 6.134675961284519, 6.1351040277657525, 6.135523528824909, 6.136639028828457, 6.136641535198765, 6.13675621045383, 6.136862292129483, 6.137339691985412, 6.137688797123208, 6.138061831838616, 6.1388085573739595, 6.138980430288345, 6.139758395635163, 6.140061689834256, 6.140284386973734, 6.140317237606487, 6.141052303729423, 6.141150849588666, 6.141448311961905, 6.1424432144678285, 6.142528247025889, 6.142553129129943, 6.142733075482344, 6.143347727095292, 6.143680764719045, 6.143998466839599, 6.144660954574984, 6.144782845662876]",8.03,2.4759652744745915,8.0,12.97,13.0,1.0,0.0,0.0002666259999932663,24000,0.15,0.99,epsilon_greedy,exp,0.6,0.9995,none,1800.0,True
e7,q_learning__9262edec__s45,q_learning,9262edec,45,15000,12.044939344999875,completed,30,4.044885659694227,332031,"[-0.8893338149689017, -2.10216625087978, -3.180292852379369, -4.166900336434543, -4.910454986331707, -5.195743906700129, -5.07375052900776, -4.265437236494722, -3.9054268083968133, -3.325731551309001, -2.8209503550830997, -2.5301948885206107, -1.9288965843228483, -1.3139584397449415, -0.8914836748030256, -0.447793421695363, -0.10659576544069789, 0.17867970307443173, 0.6065850086771023, 0.9606112660306544, 1.190603133302236, 1.5121372638541026, 1.7518034729185397, 2.245398762304644, 2.4955050189146726, 2.631756767860194, 2.9808611700438306, 3.152724164009064, 3.311082193278953, 3.4940625915531656, 3.663441455574068, 3.790289254746588, 3.883432717107611, 3.934840268039794, 4.105630667997049, 4.242235752955517, 4.32849304860514, 4.44909608319922, 4.530164669540795, 4.592631618089523, 4.665179275960526, 4.731241646802124, 4.816771012148734, 4.838032408697562, 4.882231239557364, 4.917527827744308, 4.9643657270575945, 5.028414470356726, 5.050431788098141, 5.07924799833089, 5.114010603092035, 5.185881295032814, 5.1939214960301054, 5.205070372650824, 5.22799607801844, 5.232221258930531, 5.294012672370499, 5.314727145047055, 5.351533552526188, 5.3600413174249315, 5.4129686581082215, 5.423052981035093, 5.438772131643274, 5.495558403162332, 5.533370555797538, 5.535338874153677, 5.5589211376993894, 5.573916374276606, 5.616330256558583, 5.654704604425513, 5.669383919480415, 5.675064129882504, 5.680453967496788, 5.691869284358904, 5.7205275427555735, 5.722018289689519, 5.722218909966917, 5.72435171521169, 5.733509240314513, 5.740626635996922, 5.748315230862428, 5.748798774877702, 5.776492644097758, 5.792464612681609, 5.806571859026391, 5.825503545107375, 5.828940644763053, 5.8291233721803986, 5.845261663679571, 5.857882780357813, 5.859668923576117, 5.867576968295654, 5.874750881372296, 5.8865822494038555, 5.892385320150415, 5.901923064815789, 5.906536098980728, 5.910006962767897, 5.913568289774747, 5.91763519298399, 5.922853571023999, 5.9262890821471945, 5.930192578546805, 5.932586745220386, 5.936020333714245, 5.936246439084289, 5.937410445810414, 5.9422689989337, 5.945513871103358, 5.9457125806201585, 5.947670218068776, 5.94770860655336, 5.950431468879116, 5.950683043178916, 5.950861979317538, 5.956365094412025, 5.959664268441477, 5.960167236400342, 5.960809997173891, 5.9675762654773585, 5.96945520479368, 5.973911513801435, 5.97570719224039, 5.976762913327662, 5.980347386936525, 5.9806058861601485, 5.981646728969555, 5.98414358918754, 5.984736007913447, 5.986013285463149, 5.986626731927439, 5.987775125045196, 5.989335896659317, 5.990662348472709, 5.992114878375086, 5.99311277901305, 5.9937683587498, 5.994172848089648, 5.994865055148069, 5.996006841324306, 5.9960333369076135, 5.996333332831449, 5.9969053310850535, 5.997347344647935, 5.997502171676965, 5.997868028592828, 5.998258206212308, 5.9991716317340185, 5.999307030891429, 5.999307194503633]",8.05,2.491906089642216,8.0,12.95,13.0,1.0,0.0,0.00023770400001012603,24000,0.15,0.99,epsilon_greedy,exp,0.6,0.9995,none,1300.0,True
e7,q_learning__9262edec__s46,q_learning,9262edec,46,15000,12.208597024000483,completed,12,2.7726341266023544,336403,"[-0.8610863298046739, -1.9712314221503136, -3.329162662116502, -4.181229286148258, -5.09297038858759, -5.360878859427361, -5.44059525426603, -5.042540678421353, -4.408298248103914, -3.646800449528393, -3.009743275528041, -2.305540218789981, -1.5441263803111487, -0.9151123152550956, -0.26694478786104886, 0.45799471781863993, 0.8824132797519358, 1.3819612399667756, 1.721865840313633, 2.0361144800215243, 2.4673390885011495, 2.7095844500274606, 2.9291807071307643, 3.171443215053872, 3.40483267918755, 3.635880330532254, 3.7314876569336946, 3.9641694716036358, 4.043766948549816, 4.197302533761068, 4.299642503388321, 4.395741667703834, 4.475091100802641, 4.632827702009252, 4.7011436843396, 4.794958625725766, 4.830816282762253, 4.882157120724995, 4.946682152414748, 4.992906501208868, 5.023538862801064, 5.061836545405121, 5.161020242848029, 5.199934695507368, 5.22294328708064, 5.27039852972172, 5.287406062435149, 5.322911431088314, 5.339241748418095, 5.374462621368582, 5.413228314100029, 5.4657909778420635, 5.50827722416602, 5.527248122955054, 5.553681937828118, 5.58593052053856, 5.6193229402691305, 5.6659593234698615, 5.673162332435011, 5.702926987520801, 5.721613123770134, 5.740214902904583, 5.745823631983057, 5.749400034149088, 5.781422492136644, 5.79804207696927, 5.812698676871701, 5.825561243873776, 5.84048430234921, 5.852535591962093, 5.861412707875998, 5.872262155394666, 5.889569735285067, 5.902418331349681, 5.9175704146333565, 5.924358086338901, 5.927768869705152, 5.938327570887244, 5.94654516828843, 5.9519338505587935, 5.958622901382908, 5.963053644756574, 5.971696903317351, 5.974456527007821, 5.9751696592234955, 5.975584550170409, 5.9777006442975305, 5.981751922517446, 5.986823063999937, 5.991474684178995, 5.993600275602922, 5.998564495825934, 6.001063036015827, 6.003364770232077, 6.005091704055008, 6.008626052501326, 6.0101091287663, 6.0116058865954, 6.012944689416385, 6.01369423033455, 6.0148857997968594, 6.0152970088561055, 6.0157461176641585, 6.016469451500177, 6.019876444441362, 6.020948176912219, 6.022269590556027, 6.023307641123826, 6.024125189636735, 6.024254073943204, 6.024451000168052, 6.024780947725789, 6.0250244432831845, 6.025026380957657, 6.025748045950466, 6.02688443607339, 6.028542323814487, 6.028838824131359, 6.029050283228291, 6.0295436277789305, 6.029958315268371, 6.030707696853089, 6.031181311371926, 6.032303460752103, 6.033070353931015, 6.033542585796796, 6.0339839388341785, 6.034542786119975, 6.035220596581021, 6.03528530788806, 6.035635639740599, 6.036241287126288, 6.036265232257685, 6.036739745700534, 6.0376417222741345, 6.037800559816152, 6.037810085397452, 6.037844913509164, 6.037912129044869, 6.038360709369642, 6.038722637795554, 6.039106737687189, 6.039392509085465, 6.039475532826342, 6.039488058686199, 6.039753823285381, 6.039829624155671, 6.0399900743183395, 6.040215230922622, 6.040500660172056]",8.05,2.491906089642216,8.0,12.95,13.0,1.0,0.0,0.00024946600000475883,24000,0.15,0.99,epsilon_greedy,exp,0.6,0.9995,none,2500.0,True
e7,q_learning__9262edec__s47,q_learning,9262edec,47,15000,12.071441832000346,completed,13,2.832860744900815,331730,"[-0.9973117781096842, -2.1025496612926586, -3.006038533756118, -3.814136818097556, -4.315756533916203, -4.589558599731083, -4.3388827854984555, -3.9296068061551988, -3.429731479665528, -2.8039226300330324, -2.3286344430502948, -1.8544371562325916, -1.2174150756079243, -0.5989826933977778, -0.07746137516562078, 0.5572213199552578, 0.8634846484091133, 1.5911208371931667, 1.9733962906434857, 2.277346493195795, 2.48785622880617, 2.737466218862069, 3.038070428866639, 3.150553998259899, 3.314650886259384, 3.4022853593809876, 3.58092585537615, 3.798998230414759, 4.004381547098395, 4.111375502734466, 4.218986912208036, 4.246680085141246, 4.392832043381883, 4.467789993511972, 4.486244433777484, 4.558352510333632, 4.612417765636466, 4.685564874270417, 4.7062513475410315, 4.7564730092360685, 4.780399185524484, 4.9037021352954095, 4.977650341360309, 5.005077444746102, 5.155225779044329, 5.160726626338401, 5.2689186816703675, 5.279212366731096, 5.306939649714852, 5.315187334453149, 5.342120377324998, 5.346633230735053, 5.380708019404514, 5.396670385902809, 5.435589948149171, 5.4487047035194776, 5.4490265657157755, 5.459094677180601, 5.476198639551012, 5.485990827819593, 5.499542897694789, 5.5022738401607665, 5.53697416484969, 5.545106909035937, 5.551162364044929, 5.555365272924056, 5.560017491209065, 5.590392877169474, 5.597366412648865, 5.609283405265061, 5.6204310327977725, 5.621365830342776, 5.634303876525815, 5.634306321187128, 5.63618156637485, 5.6388054038763595, 5.6675583015541715, 5.678446939265636, 5.683592371848184, 5.701949704200348, 5.703419353012915, 5.70412558339474, 5.7077010496966265, 5.708446720007094, 5.710171868961746, 5.7120652412004755, 5.714336402591271, 5.73404698332048, 5.737651678344127, 5.762099576056108, 5.771770022220112, 5.780159353803922, 5.7807941020968645, 5.782533836315224, 5.784865384634783, 5.78619342264446, 5.78693958850725, 5.794468825051367, 5.802285721339029, 5.803049563776365, 5.809203934685988, 5.809966310294447, 5.815017055613624, 5.815575459037097, 5.8227463081131665, 5.823129043172645, 5.823308553393706, 5.824394468108344, 5.825091411645633, 5.827061705976138, 5.82832687718517, 5.82959867798619, 5.8355457685098555, 5.83600824306341, 5.836172445354649, 5.836610414547018, 5.838852290640077, 5.839783473558029, 5.842358991430217, 5.84267849456056, 5.844570279274482, 5.845119569954686, 5.8455061768309, 5.846666920653714, 5.847138858955507, 5.847171287378655, 5.848031803741349, 5.8488772204439154, 5.848963197706157, 5.849075732556117, 5.850626645331035, 5.851803974769469, 5.85216329542247, 5.852167500066445, 5.852460956323554, 5.852876563097573, 5.853775596337414, 5.854868916531975, 5.855215840515426, 5.855356414807523, 5.856156256366589, 5.856275453621283, 5.8563305666682295, 5.856468631373186, 5.856600795596568, 5.856600817706302, 5.856904133963639, 5.857054365943472, 5.857136940348976, 5.857660338954771]",8.05,2.491906089642216,8.0,12.95,13.0,1.0,0.0,0.00025215099996785286,24000,0.15,0.99,epsilon_greedy,exp,0.6,0.9995,none,1400.0,True
e7,q_learning__9262edec__s48,q_learning,9262edec,48,15000,12.020599551999112,completed,1,3.3090633115732313,330659,"[-0.8712597197721618, -2.017942329903636, -2.8869128697087216, -3.929047319805307, -4.695764796358887, -4.849493505351756, -4.563113083496459, -4.322758923590779, -3.8215697542831304, -3.157807366623172, -2.4233459420930425, -1.7472569705771346, -1.0405109656004572, -0.2111487244319964, 0.10648653246835216, 0.6836161869762837, 1.1904176864404836, 1.766564238218016, 1.984834831350762, 2.3849310617892936, 2.668076903359276, 2.856136971241823, 3.0356703256524655, 3.1344804441615453, 3.336529100991794, 3.6031784602124555, 3.898710877621324, 4.017325027489492, 4.065530647228901, 4.127415717748501, 4.203238767971818, 4.229260712029172, 4.32836352569363, 4.346821114318278, 4.384170183722701, 4.4272282408213846, 4.486043564591994, 4.542873514241395, 4.571355588875138, 4.63088070086016, 4.674668938150573, 4.741859263167075, 4.79500115730165, 4.806729198337248, 4.844940849682799, 4.882283365986499, 4.9044053755176344, 4.9710611360991575, 5.047398717636396, 5.10237254173441, 5.1633891220106625, 5.185070105126873, 5.202860626832543, 5.204197077710456, 5.234874516380113, 5.260611469587126, 5.2843454014282925, 5.321296770724627, 5.35134300547029, 5.367998675486726, 5.395632298730814, 5.41509166058484, 5.42940909210605, 5.438665198353243, 5.451731226832183, 5.459560194282278, 5.465219875302269, 5.474514261003973, 5.478979718572125, 5.4801403659505095, 5.489986702890142, 5.503327493347212, 5.506590634412941, 5.509406709661624, 5.529414993423606, 5.534705727547496, 5.543030580162938, 5.549268256407296, 5.563019289042088, 5.56585184590234, 5.57742006154722, 5.58370703238622, 5.585741078769681, 5.586418388181345, 5.588121529641493, 5.5918063488167595, 5.5930446789735395, 5.595606987965848, 5.602129241110209, 5.604976359623549, 5.610219118145896, 5.614073023304793, 5.615601586521523, 5.619073874192628, 5.621094810550155, 5.62399003843403, 5.627848935782608, 5.630878349777385, 5.633357911237024, 5.637498405752344, 5.640582596765674, 5.6430494894188685, 5.643776324144227, 5.645207571841772, 5.647887771841159, 5.6512407139853185, 5.652930889715418, 5.653080661361345, 5.654785502363544, 5.656321327572491, 5.657466959814378, 5.657899771907253, 5.659475272595961, 5.661316391524432, 5.661770657465271, 5.661986617114392, 5.663840052659954, 5.664788571210668, 5.665811441424522, 5.665964273473567, 5.666348111960718, 5.6673255757945435, 5.667672394658587, 5.667727862798163, 5.66905281449464, 5.669729114873863, 5.671286077449392, 5.671391567972225, 5.671560280761891, 5.672180942091919, 5.6721809787919275, 5.672972504105434, 5.673290418052891, 5.673719121693155, 5.673770782781029, 5.674030470718872, 5.67447399490086, 5.6745466810881755, 5.674555088736569, 5.674658969011264, 5.674925046296917, 5.675095934848832, 5.675391081183966, 5.675654815188315, 5.675668249090568, 5.6757128241459425, 5.675858607180745, 5.6760686320243146, 5.676079994686638, 5.6763790314230596]",8.05,2.491906089642216,8.0,12.95,13.0,1.0,0.0,0.00024484500003381983,24000,0.15,0.99,epsilon_greedy,exp,0.6,0.9995,none,2000.0,True
e7,q_learning__9262edec__s49,q_learning,9262edec,49,15000,12.197237071999552,completed,52,3.106042498099471,334414,"[-0.9990335766797448, -2.0135693234821503, -2.959996032931125, -4.0697200367570385, -4.858578105742206, -5.116363759104014, -4.8681029742997755, -4.4030056674518425, -3.667493069648898, -3.0764797718832066, -2.419094435530518, -1.7450019349674193, -1.3797293162859943, -0.738338469318433, -0.2756985083008019, 0.045894266275861344, 0.4694082994643759, 0.8123894827474027, 1.126535693956437, 1.5253181600682586, 1.8363643976967952, 2.203762911996954, 2.543587749942557, 2.813264342703933, 2.9602641890776553, 3.2187807729438935, 3.364278132513546, 3.508559698750405, 3.6491359454589416, 3.779777007682833, 3.8336490051463987, 3.9788882314416947, 4.084770487398511, 4.165750652732551, 4.179370588503601, 4.202883174861152, 4.303759791658465, 4.313208045752371, 4.352210680619385, 4.39990954994725, 4.456037658937374, 4.5057869611659385, 4.578817658329088, 4.646182211583109, 4.721420194551119, 4.747364843786005, 4.773651396944635, 4.797089019414524, 4.821929113537052, 4.8792185999328, 4.91790447447695, 4.921827744990609, 4.950701035570704, 4.966099815918207, 4.977307859412326, 4.9845239530812115, 5.004376750099443, 5.021525083730713, 5.0539320261782255, 5.08113552356801, 5.107011432586718, 5.116266349911672, 5.1207178479737925, 5.134720466562383, 5.170924110656378, 5.195849346238984, 5.233889340799766, 5.253536118019422, 5.293253877864752, 5.299126343857237, 5.3142234217471565, 5.327296326022923, 5.332082716512068, 5.332949797831664, 5.3412568942777, 5.345288280590762, 5.355487044018906, 5.378268116761624, 5.379841317302689, 5.391443367609012, 5.397629352107406, 5.397755351911225, 5.406519093711773, 5.417921199799445, 5.4201271320383215, 5.43469999461916, 5.435794246078016, 5.4490568498422105, 5.454083704378399, 5.467835498886294, 5.470368261551811, 5.474667788212503, 5.47821562683452, 5.4819264014425615, 5.484473158974271, 5.491997878685973, 5.495491221936336, 5.500111906555683, 5.504842920587738, 5.5053652399758155, 5.506371510748624, 5.507728547385763, 5.508371833526868, 5.5101296899496495, 5.51130215820641, 5.51620122462243, 5.5183420967721, 5.520541694888084, 5.527407301035, 5.528130941810946, 5.530327787205592, 5.531235414157547, 5.532116665150441, 5.533485305905903, 5.5382102425014255, 5.539278356070491, 5.54183448512509, 5.545692790656029, 5.547472093164118, 5.548168557206095, 5.548776682639859, 5.549203594048588, 5.549624698092981, 5.551366102359, 5.553958403567088, 5.555437527758696, 5.555577317107543, 5.5557263707004285, 5.556673795901696, 5.557520671231192, 5.558607781009161, 5.560159745491408, 5.562201298261693, 5.562408267807437, 5.562541678953344, 5.5641259758834964, 5.564182117961844, 5.564886699796238, 5.566536307243795, 5.566623990082145, 5.56696198313452, 5.567167492745854, 5.567909186588404, 5.568549759525391, 5.568724954235367, 5.568971604773854, 5.5691067071554725, 5.569299096969778, 5.569497923902947, 5.5696044583458235]",8.05,2.491906089642216,8.0,12.95,13.0,1.0,0.0,0.0002482309999686549,24000,0.15,0.99,epsilon_greedy,exp,0.6,0.9995,none,1800.0,True
e7,q_learning__9262edec__s50,q_learning,9262edec,50,15000,12.278571053000633,completed,17,3.0442568879777543,335894,"[-1.0301036881379693, -2.227395191761153, -3.2631966440397884, -4.162931941914322, -5.012862745631495, -5.061596209768396, -4.767974856057317, -4.23751312994712, -3.6545949702288576, -2.82583064683856, -2.335535655548857, -1.9335007180964079, -1.372385091095645, -0.8225660997192177, -0.3360998413149679, 0.22040651568140626, 0.6420066554030728, 0.9851754823163004, 1.2741392955890718, 1.4974401786285247, 1.8312077985279975, 2.079661486376104, 2.3607670008759323, 2.6240626516678565, 2.839510787501949, 3.107541183851545, 3.2662218008130983, 3.4430345692107465, 3.5629181988261363, 3.6734168998746197, 3.8713114383043195, 4.139560640618143, 4.293923927390612, 4.34802546533812, 4.358395228928563, 4.4804127871622486, 4.547205172736641, 4.6056103949020235, 4.628209662758064, 4.679761768224213, 4.750632208379046, 4.773448765421035, 4.798339513923808, 4.867186448283216, 4.894692366748014, 4.905661945790925, 4.937263222093209, 4.973888423410221, 5.006245250260533, 5.026259131577459, 5.085616070580007, 5.106119907575874, 5.1169255554941575, 5.165911239574636, 5.248657170062128, 5.281416141196404, 5.29166844152704, 5.314415556287359, 5.331382350744625, 5.334475540792705, 5.366253898439353, 5.37872254696897, 5.391259233951205, 5.393496719735273, 5.433151658010803, 5.447320912745435, 5.456723991303572, 5.480742071107042, 5.50665672903259, 5.517085858962464, 5.524719624943387, 5.531985647564259, 5.538908824727558, 5.554158410832729, 5.562107666093561, 5.570497849096834, 5.575029556232859, 5.600574486793793, 5.603227538100601, 5.610989865408641, 5.6180313292824025, 5.620559480839666, 5.628241307815943, 5.632133562115741, 5.649901976853113, 5.653364623739017, 5.658581481856357, 5.664296143772379, 5.67532857602525, 5.6802204511383145, 5.680230877732234, 5.685576098511079, 5.689147697133236, 5.692681503769465, 5.699109998245674, 5.699473703217425, 5.700820904361918, 5.704592286809273, 5.708815557202043, 5.711545909513258, 5.712656409589247, 5.715196874860525, 5.717624699000568, 5.719706847931699, 5.720487831648361, 5.72178315219858, 5.723861370097385, 5.726063006315635, 5.72769327442973, 5.730369467301262, 5.732109525353424, 5.7325484302244085, 5.733246223270421, 5.733275022787661, 5.733652048646774, 5.735365823826613, 5.736937190495321, 5.737731585601777, 5.739674970142855, 5.740858157596227, 5.742024896207669, 5.742650285862323, 5.743290908610054, 5.743882582112553, 5.7444738243558975, 5.744474269312255, 5.745236708647609, 5.7461681780833, 5.74632302697828, 5.746957703006085, 5.747710117144851, 5.747838741420926, 5.747980784876907, 5.748173062583333, 5.748428151232669, 5.748764808479464, 5.749006815235786, 5.74967616221559, 5.74988127000064, 5.750123755170306, 5.750165527058942, 5.750360814554527, 5.750838795659876, 5.751199871660819, 5.751387941954035, 5.752062339666364, 5.752062346712817, 5.752273911302475, 5.7525216109903425, 5.752764509111995]",8.05,2.491906089642216,8.0,12.95,13.0,1.0,0.0,0.00026070600000821287,24000,0.15,0.99,epsilon_greedy,exp,0.6,0.9995,none,1800.0,True
e7,q_learning__9262edec__s51,q_learning,9262edec,51,15000,12.155590643000323,completed,9,2.7511997382960036,331670,"[-1.0043618383049497, -1.9675898101398386, -3.1348870167865, -4.228433095015374, -4.888101908940947, -5.26364975093085, -5.148920513117011, -4.338301648047325, -3.8144970602574184, -3.118371253814659, -2.593184544267276, -2.0998546442441373, -1.6610900164583704, -1.1122295746057302, -0.8040898779238691, -0.15857694386373786, 0.3093085929313352, 0.7110461604722375, 1.1085681136936525, 1.5207523471839364, 1.7316254090324432, 2.0500137666300153, 2.235338413163548, 2.652855114500136, 2.900669448770133, 2.998191912205558, 3.14405799352423, 3.444192715560349, 3.6041685597233863, 3.7101855736657194, 3.7832161719639554, 3.9733381178480713, 4.140929361641765, 4.2688341929949205, 4.334660726199945, 4.3507246956065675, 4.430774739138814, 4.475532265553763, 4.520139702456019, 4.537007936710779, 4.574699818135298, 4.631201439886525, 4.657182639244521, 4.692400868206579, 4.740537455335326, 4.807776312412224, 4.894141431682458, 4.92930344842395, 4.960054933652978, 4.960168556259335, 5.001473093028479, 5.071355903380624, 5.1166644695917665, 5.148054981077673, 5.160780736543609, 5.186265011522975, 5.1965207665067314, 5.2211440352164, 5.240741989315355, 5.25714441293349, 5.273049563578401, 5.293720804618271, 5.334377462641963, 5.363588222708284, 5.377733116738793, 5.387300790171017, 5.402875543264717, 5.415680170849424, 5.426071751006318, 5.426445180090107, 5.453466566583258, 5.470647643992065, 5.478760495890151, 5.4851300152987585, 5.486380214795212, 5.492626184445597, 5.497177284815334, 5.509768804797929, 5.5225770346435645, 5.524948086149165, 5.528473164515211, 5.546408510966587, 5.56494403277097, 5.567426439496232, 5.56943206349573, 5.573501364051467, 5.583559881063184, 5.588312016954846, 5.598241554096568, 5.602050007597012, 5.610413054374621, 5.621772091315891, 5.628302509983217, 5.629863336399888, 5.634800723353845, 5.637385441725275, 5.640536232542578, 5.640662487394234, 5.64226506381029, 5.642407409645288, 5.644613796547242, 5.648357562229418, 5.656312002538892, 5.660646652727076, 5.662113874770669, 5.664210021018809, 5.66441014394327, 5.665005094275837, 5.665836860559545, 5.6671678860899135, 5.671912234879913, 5.6740206264195026, 5.67842247055739, 5.678830890223157, 5.680176855240002, 5.687803949490357, 5.689181590584352, 5.6899996840559055, 5.690812358718015, 5.690914025131377, 5.692083767678588, 5.6933856462806665, 5.694076326095219, 5.694682945708374, 5.694902011359889, 5.695782765877218, 5.698953128973672, 5.699144661518022, 5.699250986243407, 5.703819427659569, 5.70454268296447, 5.70479781544956, 5.705047930328169, 5.70560509944374, 5.705605099677855, 5.705699761167524, 5.705841707620755, 5.706000491925597, 5.706001102837664, 5.706033692342744, 5.706372002283987, 5.70654732219138, 5.706672912020967, 5.706733388404247, 5.706733450703843, 5.707187245834317, 5.7072087394787205, 5.70728138836854, 5.70774151422678, 5.709499511539914]",8.05,2.491906089642216,8.0,12.95,13.0,1.0,0.0,0.00025987301014538387,24000,0.15,0.99,epsilon_greedy,exp,0.6,0.9995,none,1700.0,True
e7,sarsa__b10230cf__s42,sarsa,b10230cf,42,15000,13.869013359999371,completed,48,2.986151369237668,394063,"[-2.526994955749793, -7.292002525754895, -11.03537940597109, -15.247098078779285, -18.600880054598175, -20.835128149052505, -23.381697657321787, -25.477546942913342, -27.31646666892118, -28.368859634733838, -29.34448779085817, -30.82767349956522, -31.78049036928354, -32.69098072115449, -32.986759244854824, -33.22628281890933, -33.54573786736349, -33.48449796311817, -33.60100101861714, -33.63286910376152, -33.82386836075468, -33.887202016131205, -33.8251593842309, -33.786305176206184, -33.46102432026204, -33.153572165407965, -33.026223498843784, -32.64308402008451, -32.26928073802586, -31.994122986590302, -31.68786214555376, -31.638517759216132, -31.20466145048359, -30.786029358325447, -30.028817385023068, -29.538927769409778, -28.993888657390336, -28.248356572198098, -27.73235682571211, -27.367875922902645, -26.641454597522966, -25.602096095365656, -25.51948856322047, -24.898129727357645, -24.33819942744912, -23.46308943140457, -22.97224189769039, -22.090840591964614, -21.693804572830263, -21.071996527714713, -20.30539481119607, -19.800717724855676, -19.010883498307294, -18.207548684765015, -17.404827363791842, -16.553034368083175, -15.8643164999345, -15.223096368049147, -14.812041457119035, -14.317091058081354, -13.392373385485845, -12.77397507956286, -12.036398628520693, -11.548339525772137, -11.077545652781598, -10.117280779933683, -9.355945382416438, -8.569220785016778, -8.303626358024992, -7.974606687241835, -7.365800657221227, -7.074114768859392, -7.050172735293921, -6.677287114368925, -6.443064206428476, -6.147629549445884, -5.6179772739634455, -5.069399201917623, -4.854326349719759, -4.625041157978952, -4.216673682775952, -3.8159147942934775, -2.9682577414146114, -2.4104911084427103, -2.083122637856057, -1.508863743605612, -1.1018617601697254, -0.743531012803229, -0.6285153406420536, -0.40306999861287607, -0.19465801559942136, 0.08662719555437905, 0.35459517331266316, 0.5312014471926797, 0.7226227363403657, 1.0541473234371475, 1.042097143134731, 1.2225339917219629, 1.3013097661961832, 1.4127711614630456, 1.5589240063291794, 1.6536706082120287, 1.7179598282157642, 1.6468017013532663, 1.6726337944105267, 1.6618440383087347, 1.7197830491166741, 1.7734275914167716, 1.8652495979250938, 2.1048727168550325, 2.2258607448379775, 2.094806594328195, 2.317740423015684, 2.41086994674957, 2.479503606113987, 2.497857328261044, 2.6380744549306967, 2.704401317704561, 2.85567975909824, 2.8726955132309766, 2.8276646810949875, 2.955854559893013, 3.047415026982419, 2.947261806176101, 2.9169955287626035, 2.7706002873822126, 2.8835844147664327, 2.765183507955695, 2.805630160667368, 2.752474495201775, 2.9009307929684747, 2.980857791463606, 2.9495663305318565, 3.063669741847269, 3.079203758553572, 3.133854173184633, 3.206454830656615, 3.337491458768068, 3.3709017100331877, 3.3799740739750677, 3.5044455078486645, 3.5650227549463094, 3.6524858888371186, 3.7057330339023316, 3.7898522049975623, 3.915131368931966, 3.9690737397635263, 3.94687250466587, 3.880239466391322, 3.8556028239106026]",8.03,2.5083899621111945,8.0,12.97,13.0,1.0,0.0,0.00025891800007229906,24000,0.15,0.99,epsilon_greedy,exp,0.6,0.9995,none,3700.0,True
e7,sarsa__b10230cf__s43,sarsa,b10230cf,43,15000,14.027958098999079,completed,22,4.46465004227655,401495,"[-1.9101392514215543, -6.016635045245875, -9.816221850372113, -14.041402554243819, -17.748745181788866, -21.114899648323306, -23.607942880415944, -25.56809014463564, -27.83160146567075, -29.839964755188067, -31.06348132331651, -31.85394015629669, -32.91095995894703, -33.75491944562158, -34.51751370047279, -34.88142324280557, -34.91250286089324, -34.938005587780665, -35.13645323548246, -35.197391924316875, -34.89025852779689, -34.670248511617814, -34.47337572454388, -34.19017757360529, -33.95331643483156, -33.862695201448815, -33.82763663093519, -33.43508714233647, -33.1053745289076, -32.60179123878791, -31.74076580373509, -31.242695049284627, -30.300494491727786, -29.853718757852295, -28.81300098100765, -28.61374762770342, -28.011773105036916, -27.24393405234893, -26.890976922467885, -26.079623149778076, -25.55409593902711, -25.15359760860964, -24.520411417653488, -23.323569169142974, -23.04473886038065, -22.619320219054348, -21.535862318819987, -21.233852527836966, -20.682577536682697, -19.823890782528917, -19.037002596309176, -18.23966168392285, -18.210383296980446, -17.400947785782623, -16.735832310104307, -16.35145987738596, -15.714052731888652, -15.485695114075657, -14.830465854976097, -14.016834222805663, -12.791312547122098, -12.167735769922562, -11.671241544472235, -10.93056822114421, -10.664698761057526, -10.252767091004767, -9.79332679941482, -9.311073102989385, -8.638297908079315, -7.803831568976776, -6.99534848817745, -6.678014155347769, -6.172072178059232, -5.468972893248699, -5.166308457697956, -4.937175898564389, -4.448138318693981, -3.9999908619005238, -3.6186927076852053, -3.3357031486287716, -3.000007145691351, -2.587851426334835, -2.200131010693845, -1.9963154858365977, -1.860562373982245, -1.5113338628037463, -1.4295863621284701, -1.138109860967098, -0.9041915880418727, -0.7027311897216391, -0.5398622597435695, -0.17934142963078584, 0.1617032097540416, 0.31602719722029066, 0.45735672261124016, 0.59793337135036, 0.8440471943524559, 1.1151947259794615, 1.1941739447433122, 1.0779111459978752, 1.1283247329610857, 1.3900776720596706, 1.5258672544839886, 1.6052996433548, 1.664523587459879, 1.8363510223309916, 1.7161861952019553, 1.8314993612766963, 1.8751702622558066, 1.9622688243842183, 2.249486983200797, 2.3792058864650945, 2.5547297623672973, 2.700363617050895, 2.54758169283173, 2.6752581270333704, 2.9751627378856704, 3.106962591472015, 3.128584050295699, 3.1486636386688245, 3.315255143170843, 3.415813417699985, 3.3528198638589695, 3.5697672035076096, 3.6601250109969974, 3.6718023204568406, 3.4130706804624826, 3.44527275927364, 3.493516589091522, 3.621472694711908, 3.625197659199564, 3.680709341246353, 3.4553521869398454, 3.6340520003166232, 3.777534427619243, 3.8353279843762067, 3.907720911797864, 3.8788426936752187, 3.932903789248233, 4.009190731634264, 4.062139552765267, 4.067907174370314, 4.078518700953975, 3.872267788195662, 3.9178547254684988, 4.056754882045606, 4.103372882193846, 3.9940608727631717, 4.003697410503573, 4.038147216275999]",8.01,2.540559868305497,8.0,12.99,13.0,1.0,0.0,0.0002498240000022633,24000,0.15,0.99,epsilon_greedy,exp,0.6,0.9995,none,4200.0,True
e7,sarsa__b10230cf__s44,sarsa,b10230cf,44,15000,13.842626378000205,completed,53,4.035542094935946,394880,"[-2.1821227932390923, -6.440594916833565, -10.328041080368743, -14.08440137351473, -17.106846729222486, -20.617802998084354, -23.13289145938435, -24.873951193119062, -26.564455982881192, -27.951699419756537, -29.053896014272365, -30.213163263792207, -31.280775366085788, -31.78976211331802, -32.22935297487518, -32.57598607320605, -33.42282388778457, -33.75214248575844, -33.84312173042715, -33.69326561463083, -33.93094655314423, -33.6988310916103, -33.6598166369124, -33.68789061350494, -33.33649241601228, -33.01880036300681, -32.50168657165303, -32.11166378411678, -31.89070287899782, -31.815639506475485, -31.508525107535075, -31.10524159077777, -30.072743766316737, -29.57209824495139, -29.244100478249084, -28.4816851737235, -27.73506753841171, -27.453727988670494, -27.09043903292193, -26.148916097065563, -25.531198975051648, -25.06486150369727, -24.107582637544613, -23.337383975424327, -22.42375013956836, -22.042651250264484, -21.392087908060226, -20.295952129875577, -19.400679206512187, -18.68665157511075, -18.0965582076624, -17.583343736410466, -16.61647098773817, -16.227488234586932, -15.876329954093956, -15.28100382941103, -14.812416433801323, -14.191210688548308, -13.662037443692386, -13.274464961735458, -12.540966975585466, -11.835843013763537, -11.354310801335627, -11.068937037497042, -10.543464064195621, -10.180759676457427, -9.68903828717485, -9.070082924412448, -8.683601398872563, -8.171850340448534, -7.971955039666662, -7.646226422898022, -7.524594179135562, -7.280946110671506, -6.623025992438493, -6.049490172104111, -5.741779719554014, -4.965638133519209, -4.7288209194118, -4.368858817717498, -4.266175202099613, -3.8931629695760472, -3.6612331671041343, -3.153561719609366, -2.8878393315372217, -2.3287616938283104, -1.7639473702230546, -1.348598677808142, -0.7805417787208587, -0.6464360683503918, -0.2087326633116443, -0.07604565505611922, 0.40794963524497846, 0.4861529634393257, 0.7509586808272154, 0.9186306414284265, 1.00097174104893, 1.111886498803244, 1.2445974018037893, 1.3953709012104025, 1.6407604348290739, 1.8208257794844327, 1.7859165920913682, 2.0588652569115014, 2.1551743929596268, 2.174784169912698, 2.336973497949093, 2.398818168125599, 2.552621812930718, 2.771217010133958, 2.607743931479479, 2.713285186377401, 2.716915882526957, 2.9417853641753946, 3.061121229364857, 3.1226582541352186, 3.1339446631574606, 3.063437614715043, 3.281866582317584, 3.3140050678745965, 3.4456244071670312, 3.4556170312765153, 3.4245875139791857, 3.4176351344035614, 3.491402687361823, 3.5695803915707027, 3.612255865842429, 3.6960911499410742, 3.7210860047486576, 3.6727795397540866, 3.7257802211407935, 3.586788865342483, 3.5701624993608565, 3.598483374621057, 3.6590106319510642, 3.6716123159683107, 3.6973104891894395, 3.700316316204991, 3.7660937057609645, 3.76267868910187, 3.713216928365497, 3.7636933128176233, 3.816434995752644, 3.8113367691427937, 3.7785046477332207, 3.7902509531023125, 3.6001599218350475, 3.614925667500746, 3.64736366731359, 3.8309798659973113]",7.99,2.540559868305497,8.0,13.01,13.0,1.0,0.0,0.00026534099997661543,24000,0.15,0.99,epsilon_greedy,exp,0.6,0.9995,none,4100.0,True
e7,sarsa__b10230cf__s45,sarsa,b10230cf,45,15000,13.944694076000815,completed,18,3.7263386856269523,397934,"[-1.7248807125300196, -5.842662054154573, -10.571566386355261, -14.21054000247438, -18.126503469483573, -20.989767939915172, -23.435065203078427, -25.822057784262082, -27.56846043508904, -28.904441352680262, -30.120762033983233, -31.25731638444207, -32.11212799398565, -33.137125493431036, -33.89139736311637, -34.42591211665216, -34.77379661362726, -34.920085347898066, -34.923422800123035, -35.06062786430907, -35.139738461185665, -34.81233822563148, -34.564862589142564, -34.490229325333125, -34.66534997964196, -34.31638939770071, -33.83099335705254, -33.778508176921626, -33.54912006340438, -33.276393322482555, -33.01302298028946, -32.79706940261148, -32.666890767481526, -32.10224358091497, -31.3989648151424, -30.55927201855105, -30.211790209593527, -29.64509646954117, -29.292834014939455, -28.361088567579134, -28.108133954302325, -27.946911279292383, -27.16719797931571, -26.5566275849939, -26.130752308370955, -25.136929281106585, -24.38637552187153, -23.721346997200673, -22.915304927105293, -22.361099340533418, -21.637798436166936, -21.01581235167647, -20.62152446678363, -19.98654184856601, -19.662173567607574, -18.913655626245593, -18.478039473420782, -17.158709734839963, -16.489995765322817, -15.929585903868041, -15.459619854837342, -14.74129383180108, -14.273943801052043, -13.953935691781338, -13.127574030763117, -12.45477106206967, -12.003596951373671, -11.342831823705978, -10.825763541213165, -10.216897469163014, -9.581208720607767, -9.244574485252604, -8.582708259512223, -8.02972109341366, -7.541958838110407, -7.072928891997312, -6.5097008338373525, -6.243526995136443, -6.062977676748145, -5.849495952117513, -5.48524574161277, -4.789577047709319, -4.518979425758594, -4.045318785089635, -3.6909331448474885, -3.4453377062221895, -3.225131715030835, -2.82151527747037, -2.470756902896439, -2.1904964045056743, -1.6570079078029916, -1.6612331820105213, -1.340067349955644, -0.863826553830767, -0.574165166530986, -0.2029511952353253, -0.0009850343072532297, 0.2521972781104546, 0.20272868297837704, 0.4174038588704364, 0.639309058208579, 0.7402923709685881, 1.032917928077166, 1.084813188064841, 1.2215572573930078, 1.496174657495797, 1.6161128484259768, 1.9185962192704602, 1.8685418101910527, 2.100612817178594, 2.208541221168296, 2.2295666823967086, 2.343182353489823, 2.390595780052733, 2.2755595246759044, 2.2410805375723064, 2.3799304082768242, 2.458421993772558, 2.555660270975395, 2.5861004364111055, 2.618978465128902, 2.7073126545378257, 2.753494329136642, 2.7632525359212314, 2.763066684593494, 2.89276166413009, 3.0127807119565455, 2.9461471398719037, 3.115489255361026, 2.9967157639668898, 2.9376697377878362, 3.015024427756264, 3.129704166814135, 3.273317217009782, 3.3488420186637535, 3.373467769143178, 3.4415175250914234, 3.483580466968903, 3.595247784662737, 3.537278318926812, 3.5795178107313377, 3.6788107243954076, 3.730042170266356, 3.8492518963556104, 3.8534206313999166, 3.6343385215804034, 3.691053299564778, 3.6645550762848598, 3.5784409612559887, 3.518216306203499]",7.97,2.548340715846373,8.0,13.03,13.0,1.0,0.0,0.00025284599993028676,24000,0.15,0.99,epsilon_greedy,exp,0.6,0.9995,none,3900.0,True
e7,sarsa__b10230cf__s46,sarsa,b10230cf,46,15000,14.081286892000207,completed,21,3.2009998437988094,398069,"[-2.4948681276580507, -7.185246358063997, -10.957857499572805, -14.385871281496271, -17.666744007756797, -21.626664951714073, -24.161660842698314, -26.72664467793176, -28.31395747676472, -29.388726683023652, -30.618391686891194, -31.46665816825065, -32.42887756399735, -33.25689273897658, -33.52022902437982, -34.14975871167111, -34.47645967168624, -34.99842805777538, -35.390461230454285, -35.5160530834612, -35.33715983750044, -35.39962390187558, -35.38360124741493, -34.8786557743562, -34.89989496014568, -34.60779634714813, -34.540678516047095, -34.15666577243306, -33.726360943952386, -33.338245984725766, -32.48725508828827, -31.91452302266243, -31.56855228302663, -31.203362514516936, -30.38805115566381, -29.666286293631014, -29.31482139483173, -29.03164810003287, -28.41380343483007, -28.043104814926604, -27.49675406281967, -26.58653684553375, -26.00837370428695, -25.47872867998291, -24.611742386851162, -24.404916639380712, -23.741027143742354, -23.087484057397788, -22.211751605515776, -21.31268635147803, -20.35729813047442, -19.224249579870555, -18.36950890124204, -17.922842816679907, -17.28599889996536, -16.660495221751844, -16.12159244148448, -15.874524009064414, -15.38420168179478, -14.762609377920391, -14.411797958244135, -13.63185520716087, -13.171138441435469, -12.786054518098457, -12.323255344635621, -11.999026614033022, -11.544623111885771, -11.322775363514266, -10.802252909727448, -9.803576745356946, -9.326279056993375, -9.029556968730162, -8.551801307293653, -7.950255460983185, -7.68663408955796, -7.497723282266431, -7.198633412361869, -6.9144838128115795, -6.532308878470209, -6.045383903938, -5.416736434527329, -4.980433559206276, -4.607828338332657, -4.076044808458936, -3.721370011687456, -3.2523331658494365, -2.6858409334864906, -2.7003723541290916, -2.3567271021092955, -2.1111380918772586, -1.664328167658845, -1.3256915864900476, -0.9850842532029431, -0.7481627416456814, -0.4457723820644436, -0.2050080936796629, 0.13957309525815917, 0.43898517455448965, 0.4322239118384357, 0.7137516721642617, 0.9521998796866369, 1.0416810055135124, 1.199597079837822, 1.318653591876818, 1.32129077398255, 1.1638861918207064, 1.1622210838409754, 1.155510063676338, 1.3648813394976098, 1.5206759239423124, 1.6052064300495255, 1.6685149162408475, 1.7927264014203994, 1.879722264884951, 1.9747069344285129, 1.8466452281489105, 2.1843036552232475, 2.3956275277797645, 2.6145890986102223, 2.383112065522559, 2.3880410140127943, 2.4250152599912544, 2.4052833548654906, 2.637395813474005, 2.690932266064093, 2.783569917633936, 2.6359118920617566, 2.7111261076415754, 2.8312796693931643, 2.8951797533685952, 2.801321712044579, 2.7752902550182608, 2.8315012591339577, 2.9193626184908497, 2.9826104176615518, 3.0654401406731386, 2.9336522426885088, 2.793488838503143, 2.9753232199060036, 3.1208254381455083, 3.2067636552888277, 3.2599624705037153, 3.0660422561377247, 3.121471408266176, 3.1897752088936593, 3.2948838977408146, 3.2972761889875515, 3.253618818595222, 3.3828711435706142, 3.399276429938988]",7.93,2.5396054732174367,8.0,13.07,13.0,1.0,0.0,0.0002527810000356112,24000,0.15,0.99,epsilon_greedy,exp,0.6,0.9995,none,3200.0,True
e7,sarsa__b10230cf__s47,sarsa,b10230cf,47,15000,14.220731922998311,completed,35,3.4210524696356237,403432,"[-2.4565272320932405, -6.501599443597679, -11.016843625211733, -14.486127491306974, -18.002911360917718, -20.89468448403696, -23.19196002302846, -25.472190301891732, -27.689423544404328, -29.617115054293137, -31.27900562710726, -32.4720559352741, -33.51702872938596, -34.09846501637262, -34.68737067769069, -35.25070440550558, -35.53620038720115, -35.647566717494826, -36.14682995838515, -35.99907808995669, -36.24758068663878, -36.41300009994759, -36.45686941467874, -36.29167635527463, -36.03372383660711, -35.756586718232114, -34.98042617881077, -34.3251213208207, -33.784011370209, -33.71940969355638, -33.08898144569465, -32.87426883133344, -32.49671623214106, -31.859758838654745, -31.549136999105375, -30.861030271794156, -30.347688223215567, -29.898737462147075, -29.623057709621655, -28.864384823436023, -28.29421198395278, -27.65593330549687, -26.89913806803207, -26.319533896261746, -25.7518603924907, -24.61038908837109, -23.606457817660083, -23.048691085355635, -21.88158893838972, -21.416118740921345, -20.713006168057706, -20.40338582933618, -19.787764576894737, -19.70335079329601, -19.003786511179335, -18.80250480902821, -17.784116707594713, -16.617580061955014, -16.452939874331374, -16.121757950501255, -15.007291279310653, -14.288861381080883, -13.778178623875162, -12.884507383668515, -12.295074312606241, -11.68294688446693, -11.13397514178567, -10.630423386676366, -9.889875487978014, -8.82637519418885, -8.279075060862896, -7.733835745115013, -7.6486351016783685, -7.14517290255936, -6.899732135443289, -6.410483892760923, -6.096180890103164, -5.546010562062564, -5.186263986288497, -4.785001602473447, -4.5415625055951505, -4.19182119239445, -3.7856894905798573, -3.336315983790558, -3.0504019710318238, -2.8018239847155586, -2.871845849010624, -2.6179010114821746, -2.290188796135324, -1.695301090762424, -1.4162720566577212, -0.9521324497356358, -1.100244761818394, -0.5348209396024423, -0.03977255246948263, -0.039714186229467936, 0.19312164796514703, 0.597651903649703, 0.7396003317273278, 0.8498731450730633, 1.002531434767788, 1.0905312643815095, 1.2456655751781551, 1.2186703399018914, 1.4891796881646546, 1.605552267058439, 1.8061800983376786, 1.9266399312488436, 2.0417893347584744, 2.1351104531838967, 2.3237897552808877, 2.34869494409817, 2.4067510764923523, 2.481244179766254, 2.6450103692221765, 2.758170268669413, 2.8685974877088265, 2.8014438361356264, 2.957585444853325, 2.8342207719260077, 2.7852159448836225, 2.9211639437486085, 3.0294075181645073, 3.1612966068219306, 3.2343479443094325, 3.3508603138111193, 3.350410931025925, 3.473930602069821, 3.494165048864424, 3.580016412164908, 3.540122232093074, 3.6976730709956884, 3.646442971492354, 3.7228453691962917, 3.785128297396107, 3.824895530337796, 3.858951761547355, 3.737000931509298, 3.7607060996582136, 3.7732690359123797, 3.790497029380484, 3.795883232721637, 3.6135876167824135, 3.7562244229943293, 3.6044049515381897, 3.585892677307291, 3.6416535181684555, 3.7134645167501086, 3.7896309504855896, 3.4707176722745317]",7.99,2.5564139972337276,8.0,13.01,13.0,1.0,0.0,0.00025962799996705145,24000,0.15,0.99,epsilon_greedy,exp,0.6,0.9995,none,3500.0,True
e7,sarsa__b10230cf__s48,sarsa,b10230cf,48,15000,13.971540072998323,completed,57,3.2679657280944667,398889,"[-1.569223092334448, -6.25604158640433, -10.519577001969092, -13.937368148241687, -17.63594573963434, -21.22889003936888, -23.904155238898763, -26.253876064832866, -27.687355629891496, -29.210136000049488, -30.1982265160557, -31.66620539085535, -32.97687937006968, -33.59029492358453, -34.29910984150288, -34.6622202280469, -34.94085013666215, -35.187125702537216, -35.35124216279767, -35.4550308437346, -35.69893671794604, -35.56447310787328, -35.638371887197316, -35.448109029077024, -35.27954504738091, -34.958249835764136, -34.64748884313097, -34.14091541530918, -33.68222519878585, -33.365555826549326, -32.7804018257704, -32.38769991494351, -31.87661847828059, -31.408839084104237, -30.90478175708141, -30.312164247023798, -29.793944497143492, -28.99345963748785, -28.415339784309072, -27.67837767220076, -27.303800069099015, -26.71810248027301, -25.925689700014424, -25.674138499058355, -24.842331104176445, -23.874287792846967, -23.251013802028858, -22.709018030428673, -22.13812046792419, -21.476421346944218, -20.454717974962083, -20.422218280200255, -19.745985361677278, -18.771983550579765, -18.07621798322105, -16.89401487167019, -16.714309562110184, -15.724888873887608, -15.200487011745617, -14.7799759082522, -14.229553424520024, -13.87710289840326, -12.901505636830613, -12.086375091673508, -11.818760696032006, -11.386602944317168, -10.993859189617533, -10.213446311695282, -9.495635314365915, -8.911721810621378, -8.26279478966149, -8.19810493223215, -7.535929326068006, -7.089810743547906, -6.621785111607786, -6.014509490319602, -5.684290540998541, -5.414105436175018, -5.172264197538486, -4.7034177503368, -4.6132051876183455, -4.258816440801444, -3.916566816966374, -3.209637538503394, -3.111017731631927, -2.503773916637545, -2.228564066003858, -1.843818983036219, -1.641462090823366, -1.4663460800541364, -1.0172147845516712, -0.6918730642383382, -0.3831229110644994, -0.2808134999114174, -0.1754640817001789, 0.08973234144989888, 0.20855009765395538, 0.060769413273634706, 0.07248730324866465, 0.3877495420309086, 0.6305889921120076, 0.7136982530819402, 0.9131025835965474, 0.9194954585333828, 0.9632531855388019, 1.066679857211628, 1.0578627015575945, 1.2019567079860127, 1.4401373242156092, 1.5741271286443028, 1.7403851726091957, 1.8939583724255484, 1.962476295635514, 1.8200402720936246, 2.087846872976797, 2.22666129055911, 2.3176429296369254, 2.275744301864167, 2.3223989232656304, 2.460203335546405, 2.5205875951343497, 2.569412835252188, 2.517520979343199, 2.6396701381865215, 2.512111534397141, 2.621735901939319, 2.5722476660640132, 2.7661720967422174, 2.9089120725173645, 2.9949005645992233, 2.791241512010289, 2.882911876765937, 2.8964149559535097, 2.9824531885399344, 3.0130779675191985, 2.875215753090719, 2.850940744145993, 2.9539927987769503, 2.830853155667414, 2.955192822670954, 2.9692745420706714, 3.0435828288041176, 2.973450808347633, 2.932311478734669, 2.9744578457426045, 3.0484635540419345, 3.1812196358598754, 3.1114176939606057, 3.167885806210076, 3.2023034088666784]",7.93,2.5946915505362567,8.0,13.07,13.0,1.0,0.0,0.0002621140000883315,24000,0.15,0.99,epsilon_greedy,exp,0.6,0.9995,none,3400.0,True
e7,sarsa__b10230cf__s49,sarsa,b10230cf,49,15000,14.252775269000267,completed,39,3.38325287260648,402034,"[-2.3585492421742944, -6.0879478880411275, -11.118271791924116, -14.673787410191698, -17.610401899271906, -21.002225226964047, -23.571018792756806, -26.366225978118234, -28.046410891495462, -29.76623642785368, -31.41857597919595, -32.3042384264817, -33.32900198566709, -33.89378735366607, -34.781189108382186, -35.02698847065033, -35.453462979553144, -35.66891506225341, -35.938782673002144, -36.19684434572233, -36.14309175141965, -36.28699155840877, -36.10127544900222, -36.06945202236975, -35.87980998660473, -35.67636617346314, -35.538416561477554, -35.05255745712577, -34.810827336268495, -34.78770035993732, -34.66628299998841, -33.95524043949102, -33.42235756106952, -33.411789949451624, -32.87721491951934, -32.10483452568082, -31.726851276885462, -31.007331570532806, -30.348578587226573, -29.762815329857077, -28.909717521531704, -28.19536772206134, -27.877119837526095, -27.035569258430808, -26.390484269322915, -25.95044939670576, -25.331448453170335, -24.932669965791657, -24.105656280795763, -23.500474930185483, -22.881211157193025, -22.271097631133404, -21.68230732832462, -21.172679037076836, -20.598960682574862, -19.429161657295044, -18.49127076019362, -18.205380666613628, -17.223541335543352, -16.370993274190337, -15.519147121623254, -14.91787459850285, -14.139855924154068, -13.311342457513906, -12.868486467864898, -12.127967986681098, -11.810219019724508, -11.14523628015555, -10.700885716653094, -10.077360975184403, -9.45611883739136, -9.215695301618698, -8.417183787586207, -8.174219043059972, -7.850011895804652, -7.53740210720757, -7.2821455052370885, -6.701318421376427, -6.276527976801488, -5.874489928024997, -5.671519224198637, -5.096370174134108, -4.779435005979162, -4.236043341769775, -3.688903713092363, -3.246149588574812, -3.108671419519488, -2.6973639506162908, -2.2086135654073824, -1.82993122232295, -1.5271437909466843, -1.3479976778359004, -0.7957590820174616, -0.8463760762845884, -0.6169052332451931, -0.4669968881332751, -0.21363622995722167, -0.11451162169051117, 0.08076080821951385, 0.2436113640159683, 0.645163130916302, 0.822012376338782, 0.9846258876472961, 1.1107600493910412, 1.3140138790451583, 1.383363006718943, 1.5697187984591947, 1.704632493290462, 1.8618075462054797, 1.7873688835664512, 1.7859671557995112, 2.098523475045836, 2.2330937055364823, 2.2284124542443693, 2.0925982023608887, 2.1692576514797186, 2.201957816958165, 2.37649839417282, 2.4427496302484815, 2.563553770277002, 2.623732314303091, 2.357301484796193, 2.376022192895861, 2.4705497089124075, 2.6196565130917757, 2.7220547175329566, 2.8276361678552098, 2.752421054344601, 2.923164758655856, 3.0206320215824762, 3.0216479387180084, 3.065775097810131, 3.0998642878569806, 3.1478372213244112, 2.5918790948419663, 2.797595714577888, 2.999667962602336, 2.784986312932669, 2.7525657139847, 2.9417784848067887, 2.932511370113109, 3.090689271978071, 3.1159470923224704, 3.1741190390923517, 3.2865967352195447, 3.3803801323383387, 3.3724138616725456, 3.3090494975325795, 3.3942105829405005, 3.4262269236409844]",8.01,2.540559868305497,8.0,12.99,13.0,1.0,0.0,0.0002555269999356824,24000,0.15,0.99,epsilon_greedy,exp,0.6,0.9995,none,5200.0,True
e7,sarsa__b10230cf__s50,sarsa,b10230cf,50,15000,14.187963804999526,completed,57,3.813187642904556,398424,"[-2.0235860596687036, -5.9699902825067985, -10.080902223619978, -14.903793647426653, -17.644821666315256, -20.086467696783807, -23.424405846249485, -25.50950271158575, -27.686464891961013, -29.215623379397453, -30.4080980703434, -31.416463149784775, -32.05498056893209, -32.74729296221395, -33.42282137880336, -33.860981043787866, -34.4040182049935, -34.58581405473332, -34.63238969358177, -34.82416567848779, -34.918254092936, -34.661674792125886, -34.56935564408067, -34.20099889279479, -33.86284375577121, -33.6746856294204, -33.33711599518227, -32.947372055774636, -32.6680944137028, -32.506237207320105, -31.761318985727236, -31.431172550013233, -30.990651216462588, -30.585934387776735, -30.078667545758826, -29.359046371087633, -28.383594338105297, -27.279086020513116, -27.26963503527363, -26.369649271394316, -25.867710028873844, -25.44194229027968, -24.54937788233036, -23.439569036086993, -23.11713679120686, -22.511683105127744, -21.543145653031026, -20.88563503032644, -20.62548681156908, -20.398780450539107, -19.769716153476587, -19.43461766528804, -18.494746342829778, -18.318874415232056, -17.346878406839313, -16.874006673322278, -16.22123778508213, -15.215571420792, -14.603812503308621, -13.966365178669742, -13.381892387459887, -13.01193263444839, -12.386657436499645, -12.136799020216015, -11.407213187943336, -11.028722374821532, -10.37160650861507, -9.833765799884608, -9.808701566476016, -9.541794605189555, -8.7603088609276, -7.867380982599325, -7.120275918047707, -6.852975985976005, -6.44014625783146, -5.9413199476749465, -5.646554835117805, -5.341331946494962, -4.694735959576931, -4.63249701340345, -4.147262748772591, -3.9230578187586924, -3.487442708621028, -2.8161832612473656, -2.40189929295398, -2.246816073825799, -1.9585421516353065, -1.5193984293966187, -1.3892604003217328, -1.0749976230548228, -0.846413384184324, -0.4994117100180563, -0.19871640084605632, 0.035596867111030404, 0.27152520156555787, 0.46223124608544564, 0.6842233516599653, 0.6450164024293852, 0.7050128723249967, 0.983841924922474, 0.9310644768879704, 1.1567632394072338, 1.3120418794690518, 1.4520152533195314, 1.6318030712321356, 1.405098616479218, 1.696187854140707, 1.7741102713915, 1.9131983915455064, 2.127158967918428, 2.255081669325523, 2.297345743323503, 2.4945246934684686, 2.5301995943064806, 2.522797073362731, 2.605256350969731, 2.6631391698515423, 2.747216500922273, 2.6186859689991286, 2.7239223377439132, 2.968913752031701, 3.0793922791758797, 3.18897755587976, 2.8530893613016968, 2.939440571534301, 2.877242233429293, 2.8758077984227146, 2.9370893999370846, 2.9436199300827144, 2.7605846749833303, 2.9335518915338623, 2.821359947673263, 2.975726367515252, 3.0571124009698347, 3.1392757469161268, 3.2089148280519306, 3.2006969459630983, 3.220367594110189, 3.28514580999575, 3.3702828295659857, 3.4906792307925167, 3.5191368934922265, 3.452984980971791, 3.6162208453637947, 3.5645217210905913, 3.6912420254723197, 3.8257910126221817, 3.7123891651624805, 3.7829098804440817, 3.8174699746279956]",7.91,2.6095976701399777,8.0,13.09,13.0,1.0,0.0,0.00025069600003917,24000,0.15,0.99,epsilon_greedy,exp,0.6,0.9995,none,4100.0,True
e7,sarsa__b10230cf__s51,sarsa,b10230cf,51,15000,14.176968812998894,completed,67,3.079025819963191,401042,"[-2.256344117863194, -6.707508341833258, -11.34993210918992, -14.56812662575889, -17.710327893560407, -21.38750982768822, -23.656392976812416, -25.521013723332832, -27.45184372728653, -29.020810278869543, -30.433627271656235, -32.019728473264806, -32.9495109744958, -33.69367070227964, -34.43927380180997, -34.79172516672324, -35.35820099624172, -35.68689001171359, -35.82161304868984, -35.77539245730858, -35.85610182112068, -35.407859286030835, -35.244763662760846, -35.06697989289968, -34.93360125580257, -34.87002964409804, -34.55500204018778, -34.21401514417398, -33.51950996657464, -33.281958713004855, -33.14559951906737, -32.91340727914914, -32.74281268511536, -31.97456111670931, -31.839258045110906, -30.95848147814332, -30.461013489161363, -29.92545435396429, -29.10775606873374, -28.430102003686393, -27.77123093589397, -27.313257456746292, -26.614559105891026, -25.632450827149736, -25.062892918956983, -24.511819797859822, -24.051067629991184, -24.134145673529847, -23.06021189991625, -22.094691853023615, -20.796112529972138, -20.354174302091042, -19.80381660616626, -19.167919265671973, -18.720753226258246, -18.211875519313434, -17.43437043193692, -16.26397672461168, -15.547231886634481, -14.711140742620819, -14.079641525329718, -13.871110750720103, -12.835194471098756, -12.161809435967623, -11.763744274214945, -11.28544848988955, -10.57899064062555, -9.847074281556925, -9.64675414347531, -9.263461609610516, -8.494580727713156, -7.773682843510387, -7.388630694633549, -7.40889528821708, -7.446823689710561, -6.706697736712398, -6.237329873018372, -5.851270924159038, -5.432479877463536, -5.112957454745587, -4.858342250390799, -4.772538667070639, -4.0763172835760475, -3.78881794133887, -3.5116130680805004, -3.4443301747955886, -3.1639775770820164, -3.120490420277707, -2.4101745473217138, -2.150521552218053, -2.0347154265550946, -1.743697798321416, -1.6346696499130273, -1.4352781103497303, -1.143547043232712, -1.1273254797304986, -0.8881701079464855, -0.892961962175396, -0.5288044926909891, -0.3604302257600778, -0.01590361524568724, 0.3350084598668936, 0.38836395475543484, 0.6618770062833607, 0.9397819403151957, 0.9341803921922259, 1.0091510069660876, 0.9541280941624, 1.1346888843401142, 1.4096626099396032, 1.4860718945435878, 1.7578898855249794, 1.9072790672408777, 1.9684557948305885, 1.8397608456201724, 1.9787874589444456, 2.020936634532751, 2.1148679151000427, 2.1980147583128447, 2.2786885088976145, 2.4423895574591348, 2.4902541167621584, 2.6251880723596055, 2.5310746587661317, 2.515739988918875, 2.556781158034203, 2.7234243081179925, 2.753098134541159, 2.775367035770219, 2.749183149416319, 2.798795983071614, 2.5097896995380053, 2.853421085380131, 3.035678777614329, 3.098584626796577, 3.0162085060468176, 2.891722835610471, 3.07767272460759, 3.1394459128840833, 3.172755460049106, 3.1900721352422012, 3.0508647249554373, 3.2212950064276, 3.1106388628396955, 3.174563119490391, 3.1185655300206516, 3.2341368297217437, 3.0751064023593555, 3.1968929650792046, 3.2028602356293017]",7.97,2.587674748893417,8.0,13.03,13.0,1.0,0.0,0.0002591660000507545,24000,0.15,0.99,epsilon_greedy,exp,0.6,0.9995,none,3800.0,True
